$date
	Fri Sep 18 10:36:06 2026
$end
$version
	Icarus Verilog
$end
$timescale
	1ps
$end
$scope module tb_pe_eth $end
$var wire 1 ! tx_ser $end
$var wire 1 " tx_done $end
$var wire 1 # tx_busy $end
$var wire 1 $ rx_valid $end
$var wire 32 % rx_data [31:0] $end
$var wire 1 & rx_busy $end
$var parameter 32 ' H $end
$var parameter 32 ( LENW $end
$var parameter 32 ) MAXLEN $end
$var reg 1 * bit_en $end
$var reg 1 + cfg_lsb_first $end
$var reg 1 , clk $end
$var reg 32 - fcs [31:0] $end
$var reg 128 . fcs_seq [127:0] $end
$var reg 1 / rst_n $end
$var reg 6 0 rx_len [5:0] $end
$var reg 1 1 rx_ser $end
$var reg 1 2 rx_start $end
$var reg 1 3 rx_valid_seen $end
$var reg 32 4 tx_data [31:0] $end
$var reg 1 5 tx_done_seen $end
$var reg 6 6 tx_len [5:0] $end
$var reg 1 7 tx_load $end
$var reg 1 8 wire_lvl $end
$var integer 32 9 errors [31:0] $end
$var integer 32 : fcs_n [31:0] $end
$scope function crc32 $end
$scope begin $ivl_for_loop0 $end
$upscope $end
$upscope $end
$scope module dut $end
$var wire 1 * bit_en $end
$var wire 1 + cfg_lsb_first $end
$var wire 1 , clk $end
$var wire 1 / rst_n $end
$var wire 6 ; rx_len [5:0] $end
$var wire 1 1 rx_ser $end
$var wire 1 2 rx_start $end
$var wire 32 < tx_data [31:0] $end
$var wire 6 = tx_len [5:0] $end
$var wire 1 7 tx_load $end
$var wire 1 ! tx_ser $end
$var wire 5 > tx_rd_idx [4:0] $end
$var parameter 32 ? IDXW $end
$var parameter 32 @ LENW $end
$var parameter 32 A MAXLEN $end
$var reg 1 B cfg_lsb_rx $end
$var reg 1 C cfg_lsb_tx $end
$var reg 1 & rx_busy $end
$var reg 6 D rx_cnt [5:0] $end
$var reg 32 E rx_data [31:0] $end
$var reg 1 F rx_fin $end
$var reg 6 G rx_nbits [5:0] $end
$var reg 5 H rx_pos [4:0] $end
$var reg 32 I rx_shreg [31:0] $end
$var reg 1 $ rx_valid $end
$var reg 1 # tx_busy $end
$var reg 6 J tx_cnt [5:0] $end
$var reg 1 " tx_done $end
$var reg 6 K tx_nbits [5:0] $end
$var reg 32 L tx_shreg [31:0] $end
$upscope $end
$scope task bit_cell $end
$upscope $end
$scope task check $end
$upscope $end
$scope task eth_frame $end
$scope begin $ivl_for_loop1 $end
$upscope $end
$scope begin $ivl_for_loop2 $end
$scope begin $ivl_for_loop3 $end
$upscope $end
$upscope $end
$scope begin $ivl_for_loop4 $end
$scope begin $ivl_for_loop5 $end
$upscope $end
$upscope $end
$scope begin $ivl_for_loop6 $end
$upscope $end
$scope begin $ivl_for_loop7 $end
$upscope $end
$scope begin $ivl_for_loop8 $end
$upscope $end
$upscope $end
$scope task man_send $end
$upscope $end
$upscope $end
$enddefinitions $end
$comment Show the parameter values. $end
$dumpall
b100000 A
b110 @
b101 ?
b100000 )
b110 (
b1000 '
$end
#0
$dumpvars
b0 L
b0 K
b0 J
b0 I
b0 H
b0 G
0F
b0 E
b0 D
0C
0B
b11111 >
b0 =
b0 <
b0 ;
b0 :
b0 9
08
07
b0 6
05
b0 4
03
02
01
b0 0
0/
b0 .
bx -
0,
0+
0*
0&
b0 %
0$
0#
0"
1!
$end
#5000
1,
#10000
0,
#15000
1,
#20000
0,
#25000
1,
#26000
1/
#30000
0,
#35000
1,
#40000
0,
#45000
1,
#50000
0,
#55000
1,
#60000
0,
#65000
1,
#70000
0,
#75000
1,
#80000
0,
#85000
1,
#90000
0,
#95000
1,
#100000
0,
#105000
1,
#110000
0,
#115000
1,
#116000
18
#120000
0,
#125000
1,
#130000
0,
#135000
1,
#140000
0,
#145000
1,
#150000
0,
#155000
1,
#160000
0,
#165000
1,
#170000
0,
#175000
1,
#180000
0,
#185000
1,
#190000
0,
#195000
1,
#200000
0,
#205000
1,
#210000
0,
#215000
1,
#220000
0,
#225000
1,
#230000
0,
#235000
1,
#240000
0,
#245000
1,
#250000
0,
#255000
1,
#260000
0,
#265000
1,
#270000
0,
#275000
1,
#276000
08
#280000
0,
#285000
1,
#290000
0,
#295000
1,
#300000
0,
#305000
1,
#310000
0,
#315000
1,
#320000
0,
#325000
1,
#330000
0,
#335000
1,
#340000
0,
#345000
1,
#350000
0,
#355000
1,
#360000
0,
#365000
1,
#370000
0,
#375000
1,
#380000
0,
#385000
1,
#390000
0,
#395000
1,
#400000
0,
#405000
1,
#410000
0,
#415000
1,
#420000
0,
#425000
1,
#430000
0,
#435000
1,
#436000
18
#440000
0,
#445000
1,
#450000
0,
#455000
1,
#460000
0,
#465000
1,
#470000
0,
#475000
1,
#480000
0,
#485000
1,
#490000
0,
#495000
1,
#500000
0,
#505000
1,
#510000
0,
#515000
1,
#520000
0,
#525000
1,
#530000
0,
#535000
1,
#540000
0,
#545000
1,
#550000
0,
#555000
1,
#560000
0,
#565000
1,
#570000
0,
#575000
1,
#580000
0,
#585000
1,
#590000
0,
#595000
1,
#596000
08
#600000
0,
#605000
1,
#610000
0,
#615000
1,
#620000
0,
#625000
1,
#630000
0,
#635000
1,
#640000
0,
#645000
1,
#650000
0,
#655000
1,
#660000
0,
#665000
1,
#670000
0,
#675000
1,
#680000
0,
#685000
1,
#690000
0,
#695000
1,
#700000
0,
#705000
1,
#710000
0,
#715000
1,
#720000
0,
#725000
1,
#730000
0,
#735000
1,
#740000
0,
#745000
1,
#750000
0,
#755000
1,
#756000
18
#760000
0,
#765000
1,
#770000
0,
#775000
1,
#780000
0,
#785000
1,
#790000
0,
#795000
1,
#800000
0,
#805000
1,
#810000
0,
#815000
1,
#820000
0,
#825000
1,
#830000
0,
#835000
1,
#840000
0,
#845000
1,
#850000
0,
#855000
1,
#860000
0,
#865000
1,
#870000
0,
#875000
1,
#880000
0,
#885000
1,
#890000
0,
#895000
1,
#900000
0,
#905000
1,
#910000
0,
#915000
1,
#916000
08
#920000
0,
#925000
1,
#930000
0,
#935000
1,
#940000
0,
#945000
1,
#950000
0,
#955000
1,
#960000
0,
#965000
1,
#970000
0,
#975000
1,
#980000
0,
#985000
1,
#990000
0,
#995000
1,
#1000000
0,
#1005000
1,
#1010000
0,
#1015000
1,
#1020000
0,
#1025000
1,
#1030000
0,
#1035000
1,
#1040000
0,
#1045000
1,
#1050000
0,
#1055000
1,
#1060000
0,
#1065000
1,
#1070000
0,
#1075000
1,
#1076000
18
#1080000
0,
#1085000
1,
#1090000
0,
#1095000
1,
#1100000
0,
#1105000
1,
#1110000
0,
#1115000
1,
#1120000
0,
#1125000
1,
#1130000
0,
#1135000
1,
#1140000
0,
#1145000
1,
#1150000
0,
#1155000
1,
#1160000
0,
#1165000
1,
#1170000
0,
#1175000
1,
#1180000
0,
#1185000
1,
#1190000
0,
#1195000
1,
#1200000
0,
#1205000
1,
#1210000
0,
#1215000
1,
#1220000
0,
#1225000
1,
#1230000
0,
#1235000
1,
#1236000
08
#1240000
0,
#1245000
1,
#1250000
0,
#1255000
1,
#1260000
0,
#1265000
1,
#1270000
0,
#1275000
1,
#1280000
0,
#1285000
1,
#1290000
0,
#1295000
1,
#1300000
0,
#1305000
1,
#1310000
0,
#1315000
1,
#1320000
0,
#1325000
1,
#1330000
0,
#1335000
1,
#1340000
0,
#1345000
1,
#1350000
0,
#1355000
1,
#1360000
0,
#1365000
1,
#1370000
0,
#1375000
1,
#1380000
0,
#1385000
1,
#1390000
0,
#1395000
1,
#1396000
18
#1400000
0,
#1405000
1,
#1410000
0,
#1415000
1,
#1420000
0,
#1425000
1,
#1430000
0,
#1435000
1,
#1440000
0,
#1445000
1,
#1450000
0,
#1455000
1,
#1460000
0,
#1465000
1,
#1470000
0,
#1475000
1,
#1480000
0,
#1485000
1,
#1490000
0,
#1495000
1,
#1500000
0,
#1505000
1,
#1510000
0,
#1515000
1,
#1520000
0,
#1525000
1,
#1530000
0,
#1535000
1,
#1540000
0,
#1545000
1,
#1550000
0,
#1555000
1,
#1556000
08
#1560000
0,
#1565000
1,
#1570000
0,
#1575000
1,
#1580000
0,
#1585000
1,
#1590000
0,
#1595000
1,
#1600000
0,
#1605000
1,
#1610000
0,
#1615000
1,
#1620000
0,
#1625000
1,
#1630000
0,
#1635000
1,
#1640000
0,
#1645000
1,
#1650000
0,
#1655000
1,
#1660000
0,
#1665000
1,
#1670000
0,
#1675000
1,
#1680000
0,
#1685000
1,
#1690000
0,
#1695000
1,
#1700000
0,
#1705000
1,
#1710000
0,
#1715000
1,
#1716000
18
#1720000
0,
#1725000
1,
#1730000
0,
#1735000
1,
#1740000
0,
#1745000
1,
#1750000
0,
#1755000
1,
#1760000
0,
#1765000
1,
#1770000
0,
#1775000
1,
#1780000
0,
#1785000
1,
#1790000
0,
#1795000
1,
#1800000
0,
#1805000
1,
#1810000
0,
#1815000
1,
#1820000
0,
#1825000
1,
#1830000
0,
#1835000
1,
#1840000
0,
#1845000
1,
#1850000
0,
#1855000
1,
#1860000
0,
#1865000
1,
#1870000
0,
#1875000
1,
#1876000
08
#1880000
0,
#1885000
1,
#1890000
0,
#1895000
1,
#1900000
0,
#1905000
1,
#1910000
0,
#1915000
1,
#1920000
0,
#1925000
1,
#1930000
0,
#1935000
1,
#1940000
0,
#1945000
1,
#1950000
0,
#1955000
1,
#1960000
0,
#1965000
1,
#1970000
0,
#1975000
1,
#1980000
0,
#1985000
1,
#1990000
0,
#1995000
1,
#2000000
0,
#2005000
1,
#2010000
0,
#2015000
1,
#2020000
0,
#2025000
1,
#2030000
0,
#2035000
1,
#2036000
18
#2040000
0,
#2045000
1,
#2050000
0,
#2055000
1,
#2060000
0,
#2065000
1,
#2070000
0,
#2075000
1,
#2080000
0,
#2085000
1,
#2090000
0,
#2095000
1,
#2100000
0,
#2105000
1,
#2110000
0,
#2115000
1,
#2120000
0,
#2125000
1,
#2130000
0,
#2135000
1,
#2140000
0,
#2145000
1,
#2150000
0,
#2155000
1,
#2160000
0,
#2165000
1,
#2170000
0,
#2175000
1,
#2180000
0,
#2185000
1,
#2190000
0,
#2195000
1,
#2196000
08
#2200000
0,
#2205000
1,
#2210000
0,
#2215000
1,
#2220000
0,
#2225000
1,
#2230000
0,
#2235000
1,
#2240000
0,
#2245000
1,
#2250000
0,
#2255000
1,
#2260000
0,
#2265000
1,
#2270000
0,
#2275000
1,
#2280000
0,
#2285000
1,
#2290000
0,
#2295000
1,
#2300000
0,
#2305000
1,
#2310000
0,
#2315000
1,
#2320000
0,
#2325000
1,
#2330000
0,
#2335000
1,
#2340000
0,
#2345000
1,
#2350000
0,
#2355000
1,
#2356000
18
#2360000
0,
#2365000
1,
#2370000
0,
#2375000
1,
#2380000
0,
#2385000
1,
#2390000
0,
#2395000
1,
#2400000
0,
#2405000
1,
#2410000
0,
#2415000
1,
#2420000
0,
#2425000
1,
#2430000
0,
#2435000
1,
#2440000
0,
#2445000
1,
#2450000
0,
#2455000
1,
#2460000
0,
#2465000
1,
#2470000
0,
#2475000
1,
#2480000
0,
#2485000
1,
#2490000
0,
#2495000
1,
#2500000
0,
#2505000
1,
#2510000
0,
#2515000
1,
#2516000
08
#2520000
0,
#2525000
1,
#2530000
0,
#2535000
1,
#2540000
0,
#2545000
1,
#2550000
0,
#2555000
1,
#2560000
0,
#2565000
1,
#2570000
0,
#2575000
1,
#2580000
0,
#2585000
1,
#2590000
0,
#2595000
1,
#2600000
0,
#2605000
1,
#2610000
0,
#2615000
1,
#2620000
0,
#2625000
1,
#2630000
0,
#2635000
1,
#2640000
0,
#2645000
1,
#2650000
0,
#2655000
1,
#2660000
0,
#2665000
1,
#2670000
0,
#2675000
1,
#2676000
18
#2680000
0,
#2685000
1,
#2690000
0,
#2695000
1,
#2700000
0,
#2705000
1,
#2710000
0,
#2715000
1,
#2720000
0,
#2725000
1,
#2730000
0,
#2735000
1,
#2740000
0,
#2745000
1,
#2750000
0,
#2755000
1,
#2760000
0,
#2765000
1,
#2770000
0,
#2775000
1,
#2780000
0,
#2785000
1,
#2790000
0,
#2795000
1,
#2800000
0,
#2805000
1,
#2810000
0,
#2815000
1,
#2820000
0,
#2825000
1,
#2830000
0,
#2835000
1,
#2836000
08
#2840000
0,
#2845000
1,
#2850000
0,
#2855000
1,
#2860000
0,
#2865000
1,
#2870000
0,
#2875000
1,
#2880000
0,
#2885000
1,
#2890000
0,
#2895000
1,
#2900000
0,
#2905000
1,
#2910000
0,
#2915000
1,
#2920000
0,
#2925000
1,
#2930000
0,
#2935000
1,
#2940000
0,
#2945000
1,
#2950000
0,
#2955000
1,
#2960000
0,
#2965000
1,
#2970000
0,
#2975000
1,
#2980000
0,
#2985000
1,
#2990000
0,
#2995000
1,
#2996000
18
#3000000
0,
#3005000
1,
#3010000
0,
#3015000
1,
#3020000
0,
#3025000
1,
#3030000
0,
#3035000
1,
#3040000
0,
#3045000
1,
#3050000
0,
#3055000
1,
#3060000
0,
#3065000
1,
#3070000
0,
#3075000
1,
#3080000
0,
#3085000
1,
#3090000
0,
#3095000
1,
#3100000
0,
#3105000
1,
#3110000
0,
#3115000
1,
#3120000
0,
#3125000
1,
#3130000
0,
#3135000
1,
#3140000
0,
#3145000
1,
#3150000
0,
#3155000
1,
#3156000
08
#3160000
0,
#3165000
1,
#3170000
0,
#3175000
1,
#3180000
0,
#3185000
1,
#3190000
0,
#3195000
1,
#3200000
0,
#3205000
1,
#3210000
0,
#3215000
1,
#3220000
0,
#3225000
1,
#3230000
0,
#3235000
1,
#3240000
0,
#3245000
1,
#3250000
0,
#3255000
1,
#3260000
0,
#3265000
1,
#3270000
0,
#3275000
1,
#3280000
0,
#3285000
1,
#3290000
0,
#3295000
1,
#3300000
0,
#3305000
1,
#3310000
0,
#3315000
1,
#3316000
18
#3320000
0,
#3325000
1,
#3330000
0,
#3335000
1,
#3340000
0,
#3345000
1,
#3350000
0,
#3355000
1,
#3360000
0,
#3365000
1,
#3370000
0,
#3375000
1,
#3380000
0,
#3385000
1,
#3390000
0,
#3395000
1,
#3400000
0,
#3405000
1,
#3410000
0,
#3415000
1,
#3420000
0,
#3425000
1,
#3430000
0,
#3435000
1,
#3440000
0,
#3445000
1,
#3450000
0,
#3455000
1,
#3460000
0,
#3465000
1,
#3470000
0,
#3475000
1,
#3476000
08
#3480000
0,
#3485000
1,
#3490000
0,
#3495000
1,
#3500000
0,
#3505000
1,
#3510000
0,
#3515000
1,
#3520000
0,
#3525000
1,
#3530000
0,
#3535000
1,
#3540000
0,
#3545000
1,
#3550000
0,
#3555000
1,
#3560000
0,
#3565000
1,
#3570000
0,
#3575000
1,
#3580000
0,
#3585000
1,
#3590000
0,
#3595000
1,
#3600000
0,
#3605000
1,
#3610000
0,
#3615000
1,
#3620000
0,
#3625000
1,
#3630000
0,
#3635000
1,
#3636000
18
#3640000
0,
#3645000
1,
#3650000
0,
#3655000
1,
#3660000
0,
#3665000
1,
#3670000
0,
#3675000
1,
#3680000
0,
#3685000
1,
#3690000
0,
#3695000
1,
#3700000
0,
#3705000
1,
#3710000
0,
#3715000
1,
#3720000
0,
#3725000
1,
#3730000
0,
#3735000
1,
#3740000
0,
#3745000
1,
#3750000
0,
#3755000
1,
#3760000
0,
#3765000
1,
#3770000
0,
#3775000
1,
#3780000
0,
#3785000
1,
#3790000
0,
#3795000
1,
#3796000
08
#3800000
0,
#3805000
1,
#3810000
0,
#3815000
1,
#3820000
0,
#3825000
1,
#3830000
0,
#3835000
1,
#3840000
0,
#3845000
1,
#3850000
0,
#3855000
1,
#3860000
0,
#3865000
1,
#3870000
0,
#3875000
1,
#3880000
0,
#3885000
1,
#3890000
0,
#3895000
1,
#3900000
0,
#3905000
1,
#3910000
0,
#3915000
1,
#3920000
0,
#3925000
1,
#3930000
0,
#3935000
1,
#3940000
0,
#3945000
1,
#3950000
0,
#3955000
1,
#3956000
18
#3960000
0,
#3965000
1,
#3970000
0,
#3975000
1,
#3980000
0,
#3985000
1,
#3990000
0,
#3995000
1,
#4000000
0,
#4005000
1,
#4010000
0,
#4015000
1,
#4020000
0,
#4025000
1,
#4030000
0,
#4035000
1,
#4040000
0,
#4045000
1,
#4050000
0,
#4055000
1,
#4060000
0,
#4065000
1,
#4070000
0,
#4075000
1,
#4080000
0,
#4085000
1,
#4090000
0,
#4095000
1,
#4100000
0,
#4105000
1,
#4110000
0,
#4115000
1,
#4116000
08
#4120000
0,
#4125000
1,
#4130000
0,
#4135000
1,
#4140000
0,
#4145000
1,
#4150000
0,
#4155000
1,
#4160000
0,
#4165000
1,
#4170000
0,
#4175000
1,
#4180000
0,
#4185000
1,
#4190000
0,
#4195000
1,
#4200000
0,
#4205000
1,
#4210000
0,
#4215000
1,
#4220000
0,
#4225000
1,
#4230000
0,
#4235000
1,
#4240000
0,
#4245000
1,
#4250000
0,
#4255000
1,
#4260000
0,
#4265000
1,
#4270000
0,
#4275000
1,
#4276000
18
#4280000
0,
#4285000
1,
#4290000
0,
#4295000
1,
#4300000
0,
#4305000
1,
#4310000
0,
#4315000
1,
#4320000
0,
#4325000
1,
#4330000
0,
#4335000
1,
#4340000
0,
#4345000
1,
#4350000
0,
#4355000
1,
#4360000
0,
#4365000
1,
#4370000
0,
#4375000
1,
#4380000
0,
#4385000
1,
#4390000
0,
#4395000
1,
#4400000
0,
#4405000
1,
#4410000
0,
#4415000
1,
#4420000
0,
#4425000
1,
#4430000
0,
#4435000
1,
#4436000
08
#4440000
0,
#4445000
1,
#4450000
0,
#4455000
1,
#4460000
0,
#4465000
1,
#4470000
0,
#4475000
1,
#4480000
0,
#4485000
1,
#4490000
0,
#4495000
1,
#4500000
0,
#4505000
1,
#4510000
0,
#4515000
1,
#4520000
0,
#4525000
1,
#4530000
0,
#4535000
1,
#4540000
0,
#4545000
1,
#4550000
0,
#4555000
1,
#4560000
0,
#4565000
1,
#4570000
0,
#4575000
1,
#4580000
0,
#4585000
1,
#4590000
0,
#4595000
1,
#4596000
18
#4600000
0,
#4605000
1,
#4610000
0,
#4615000
1,
#4620000
0,
#4625000
1,
#4630000
0,
#4635000
1,
#4640000
0,
#4645000
1,
#4650000
0,
#4655000
1,
#4660000
0,
#4665000
1,
#4670000
0,
#4675000
1,
#4680000
0,
#4685000
1,
#4690000
0,
#4695000
1,
#4700000
0,
#4705000
1,
#4710000
0,
#4715000
1,
#4720000
0,
#4725000
1,
#4730000
0,
#4735000
1,
#4740000
0,
#4745000
1,
#4750000
0,
#4755000
1,
#4756000
08
#4760000
0,
#4765000
1,
#4770000
0,
#4775000
1,
#4780000
0,
#4785000
1,
#4790000
0,
#4795000
1,
#4800000
0,
#4805000
1,
#4810000
0,
#4815000
1,
#4820000
0,
#4825000
1,
#4830000
0,
#4835000
1,
#4840000
0,
#4845000
1,
#4850000
0,
#4855000
1,
#4860000
0,
#4865000
1,
#4870000
0,
#4875000
1,
#4880000
0,
#4885000
1,
#4890000
0,
#4895000
1,
#4900000
0,
#4905000
1,
#4910000
0,
#4915000
1,
#4916000
18
#4920000
0,
#4925000
1,
#4930000
0,
#4935000
1,
#4940000
0,
#4945000
1,
#4950000
0,
#4955000
1,
#4960000
0,
#4965000
1,
#4970000
0,
#4975000
1,
#4980000
0,
#4985000
1,
#4990000
0,
#4995000
1,
#5000000
0,
#5005000
1,
#5010000
0,
#5015000
1,
#5020000
0,
#5025000
1,
#5030000
0,
#5035000
1,
#5040000
0,
#5045000
1,
#5050000
0,
#5055000
1,
#5060000
0,
#5065000
1,
#5070000
0,
#5075000
1,
#5076000
08
#5080000
0,
#5085000
1,
#5090000
0,
#5095000
1,
#5100000
0,
#5105000
1,
#5110000
0,
#5115000
1,
#5120000
0,
#5125000
1,
#5130000
0,
#5135000
1,
#5140000
0,
#5145000
1,
#5150000
0,
#5155000
1,
#5160000
0,
#5165000
1,
#5170000
0,
#5175000
1,
#5180000
0,
#5185000
1,
#5190000
0,
#5195000
1,
#5200000
0,
#5205000
1,
#5210000
0,
#5215000
1,
#5220000
0,
#5225000
1,
#5230000
0,
#5235000
1,
#5236000
18
#5240000
0,
#5245000
1,
#5250000
0,
#5255000
1,
#5260000
0,
#5265000
1,
#5270000
0,
#5275000
1,
#5280000
0,
#5285000
1,
#5290000
0,
#5295000
1,
#5300000
0,
#5305000
1,
#5310000
0,
#5315000
1,
#5320000
0,
#5325000
1,
#5330000
0,
#5335000
1,
#5340000
0,
#5345000
1,
#5350000
0,
#5355000
1,
#5360000
0,
#5365000
1,
#5370000
0,
#5375000
1,
#5380000
0,
#5385000
1,
#5390000
0,
#5395000
1,
#5396000
08
#5400000
0,
#5405000
1,
#5410000
0,
#5415000
1,
#5420000
0,
#5425000
1,
#5430000
0,
#5435000
1,
#5440000
0,
#5445000
1,
#5450000
0,
#5455000
1,
#5460000
0,
#5465000
1,
#5470000
0,
#5475000
1,
#5480000
0,
#5485000
1,
#5490000
0,
#5495000
1,
#5500000
0,
#5505000
1,
#5510000
0,
#5515000
1,
#5520000
0,
#5525000
1,
#5530000
0,
#5535000
1,
#5540000
0,
#5545000
1,
#5550000
0,
#5555000
1,
#5556000
18
#5560000
0,
#5565000
1,
#5570000
0,
#5575000
1,
#5580000
0,
#5585000
1,
#5590000
0,
#5595000
1,
#5600000
0,
#5605000
1,
#5610000
0,
#5615000
1,
#5620000
0,
#5625000
1,
#5630000
0,
#5635000
1,
#5640000
0,
#5645000
1,
#5650000
0,
#5655000
1,
#5660000
0,
#5665000
1,
#5670000
0,
#5675000
1,
#5680000
0,
#5685000
1,
#5690000
0,
#5695000
1,
#5700000
0,
#5705000
1,
#5710000
0,
#5715000
1,
#5716000
08
#5720000
0,
#5725000
1,
#5730000
0,
#5735000
1,
#5740000
0,
#5745000
1,
#5750000
0,
#5755000
1,
#5760000
0,
#5765000
1,
#5770000
0,
#5775000
1,
#5780000
0,
#5785000
1,
#5790000
0,
#5795000
1,
#5800000
0,
#5805000
1,
#5810000
0,
#5815000
1,
#5820000
0,
#5825000
1,
#5830000
0,
#5835000
1,
#5840000
0,
#5845000
1,
#5850000
0,
#5855000
1,
#5860000
0,
#5865000
1,
#5870000
0,
#5875000
1,
#5876000
18
#5880000
0,
#5885000
1,
#5890000
0,
#5895000
1,
#5900000
0,
#5905000
1,
#5910000
0,
#5915000
1,
#5920000
0,
#5925000
1,
#5930000
0,
#5935000
1,
#5940000
0,
#5945000
1,
#5950000
0,
#5955000
1,
#5960000
0,
#5965000
1,
#5970000
0,
#5975000
1,
#5980000
0,
#5985000
1,
#5990000
0,
#5995000
1,
#6000000
0,
#6005000
1,
#6010000
0,
#6015000
1,
#6020000
0,
#6025000
1,
#6030000
0,
#6035000
1,
#6036000
08
#6040000
0,
#6045000
1,
#6050000
0,
#6055000
1,
#6060000
0,
#6065000
1,
#6070000
0,
#6075000
1,
#6080000
0,
#6085000
1,
#6090000
0,
#6095000
1,
#6100000
0,
#6105000
1,
#6110000
0,
#6115000
1,
#6120000
0,
#6125000
1,
#6130000
0,
#6135000
1,
#6140000
0,
#6145000
1,
#6150000
0,
#6155000
1,
#6160000
0,
#6165000
1,
#6170000
0,
#6175000
1,
#6180000
0,
#6185000
1,
#6190000
0,
#6195000
1,
#6196000
18
#6200000
0,
#6205000
1,
#6210000
0,
#6215000
1,
#6220000
0,
#6225000
1,
#6230000
0,
#6235000
1,
#6240000
0,
#6245000
1,
#6250000
0,
#6255000
1,
#6260000
0,
#6265000
1,
#6270000
0,
#6275000
1,
#6280000
0,
#6285000
1,
#6290000
0,
#6295000
1,
#6300000
0,
#6305000
1,
#6310000
0,
#6315000
1,
#6320000
0,
#6325000
1,
#6330000
0,
#6335000
1,
#6340000
0,
#6345000
1,
#6350000
0,
#6355000
1,
#6356000
08
#6360000
0,
#6365000
1,
#6370000
0,
#6375000
1,
#6380000
0,
#6385000
1,
#6390000
0,
#6395000
1,
#6400000
0,
#6405000
1,
#6410000
0,
#6415000
1,
#6420000
0,
#6425000
1,
#6430000
0,
#6435000
1,
#6440000
0,
#6445000
1,
#6450000
0,
#6455000
1,
#6460000
0,
#6465000
1,
#6470000
0,
#6475000
1,
#6480000
0,
#6485000
1,
#6490000
0,
#6495000
1,
#6500000
0,
#6505000
1,
#6510000
0,
#6515000
1,
#6516000
18
#6520000
0,
#6525000
1,
#6530000
0,
#6535000
1,
#6540000
0,
#6545000
1,
#6550000
0,
#6555000
1,
#6560000
0,
#6565000
1,
#6570000
0,
#6575000
1,
#6580000
0,
#6585000
1,
#6590000
0,
#6595000
1,
#6600000
0,
#6605000
1,
#6610000
0,
#6615000
1,
#6620000
0,
#6625000
1,
#6630000
0,
#6635000
1,
#6640000
0,
#6645000
1,
#6650000
0,
#6655000
1,
#6660000
0,
#6665000
1,
#6670000
0,
#6675000
1,
#6676000
08
#6680000
0,
#6685000
1,
#6690000
0,
#6695000
1,
#6700000
0,
#6705000
1,
#6710000
0,
#6715000
1,
#6720000
0,
#6725000
1,
#6730000
0,
#6735000
1,
#6740000
0,
#6745000
1,
#6750000
0,
#6755000
1,
#6760000
0,
#6765000
1,
#6770000
0,
#6775000
1,
#6780000
0,
#6785000
1,
#6790000
0,
#6795000
1,
#6800000
0,
#6805000
1,
#6810000
0,
#6815000
1,
#6820000
0,
#6825000
1,
#6830000
0,
#6835000
1,
#6836000
18
#6840000
0,
#6845000
1,
#6850000
0,
#6855000
1,
#6860000
0,
#6865000
1,
#6870000
0,
#6875000
1,
#6880000
0,
#6885000
1,
#6890000
0,
#6895000
1,
#6900000
0,
#6905000
1,
#6910000
0,
#6915000
1,
#6920000
0,
#6925000
1,
#6930000
0,
#6935000
1,
#6940000
0,
#6945000
1,
#6950000
0,
#6955000
1,
#6960000
0,
#6965000
1,
#6970000
0,
#6975000
1,
#6980000
0,
#6985000
1,
#6990000
0,
#6995000
1,
#6996000
08
#7000000
0,
#7005000
1,
#7010000
0,
#7015000
1,
#7020000
0,
#7025000
1,
#7030000
0,
#7035000
1,
#7040000
0,
#7045000
1,
#7050000
0,
#7055000
1,
#7060000
0,
#7065000
1,
#7070000
0,
#7075000
1,
#7080000
0,
#7085000
1,
#7090000
0,
#7095000
1,
#7100000
0,
#7105000
1,
#7110000
0,
#7115000
1,
#7120000
0,
#7125000
1,
#7130000
0,
#7135000
1,
#7140000
0,
#7145000
1,
#7150000
0,
#7155000
1,
#7156000
18
#7160000
0,
#7165000
1,
#7170000
0,
#7175000
1,
#7180000
0,
#7185000
1,
#7190000
0,
#7195000
1,
#7200000
0,
#7205000
1,
#7210000
0,
#7215000
1,
#7220000
0,
#7225000
1,
#7230000
0,
#7235000
1,
#7240000
0,
#7245000
1,
#7250000
0,
#7255000
1,
#7260000
0,
#7265000
1,
#7270000
0,
#7275000
1,
#7280000
0,
#7285000
1,
#7290000
0,
#7295000
1,
#7300000
0,
#7305000
1,
#7310000
0,
#7315000
1,
#7316000
08
#7320000
0,
#7325000
1,
#7330000
0,
#7335000
1,
#7340000
0,
#7345000
1,
#7350000
0,
#7355000
1,
#7360000
0,
#7365000
1,
#7370000
0,
#7375000
1,
#7380000
0,
#7385000
1,
#7390000
0,
#7395000
1,
#7400000
0,
#7405000
1,
#7410000
0,
#7415000
1,
#7420000
0,
#7425000
1,
#7430000
0,
#7435000
1,
#7440000
0,
#7445000
1,
#7450000
0,
#7455000
1,
#7460000
0,
#7465000
1,
#7470000
0,
#7475000
1,
#7476000
18
#7480000
0,
#7485000
1,
#7490000
0,
#7495000
1,
#7500000
0,
#7505000
1,
#7510000
0,
#7515000
1,
#7520000
0,
#7525000
1,
#7530000
0,
#7535000
1,
#7540000
0,
#7545000
1,
#7550000
0,
#7555000
1,
#7560000
0,
#7565000
1,
#7570000
0,
#7575000
1,
#7580000
0,
#7585000
1,
#7590000
0,
#7595000
1,
#7600000
0,
#7605000
1,
#7610000
0,
#7615000
1,
#7620000
0,
#7625000
1,
#7630000
0,
#7635000
1,
#7636000
08
#7640000
0,
#7645000
1,
#7650000
0,
#7655000
1,
#7660000
0,
#7665000
1,
#7670000
0,
#7675000
1,
#7680000
0,
#7685000
1,
#7690000
0,
#7695000
1,
#7700000
0,
#7705000
1,
#7710000
0,
#7715000
1,
#7720000
0,
#7725000
1,
#7730000
0,
#7735000
1,
#7740000
0,
#7745000
1,
#7750000
0,
#7755000
1,
#7760000
0,
#7765000
1,
#7770000
0,
#7775000
1,
#7780000
0,
#7785000
1,
#7790000
0,
#7795000
1,
#7796000
18
#7800000
0,
#7805000
1,
#7810000
0,
#7815000
1,
#7820000
0,
#7825000
1,
#7830000
0,
#7835000
1,
#7840000
0,
#7845000
1,
#7850000
0,
#7855000
1,
#7860000
0,
#7865000
1,
#7870000
0,
#7875000
1,
#7880000
0,
#7885000
1,
#7890000
0,
#7895000
1,
#7900000
0,
#7905000
1,
#7910000
0,
#7915000
1,
#7920000
0,
#7925000
1,
#7930000
0,
#7935000
1,
#7940000
0,
#7945000
1,
#7950000
0,
#7955000
1,
#7956000
08
#7960000
0,
#7965000
1,
#7970000
0,
#7975000
1,
#7980000
0,
#7985000
1,
#7990000
0,
#7995000
1,
#8000000
0,
#8005000
1,
#8010000
0,
#8015000
1,
#8020000
0,
#8025000
1,
#8030000
0,
#8035000
1,
#8040000
0,
#8045000
1,
#8050000
0,
#8055000
1,
#8060000
0,
#8065000
1,
#8070000
0,
#8075000
1,
#8080000
0,
#8085000
1,
#8090000
0,
#8095000
1,
#8100000
0,
#8105000
1,
#8110000
0,
#8115000
1,
#8116000
18
#8120000
0,
#8125000
1,
#8130000
0,
#8135000
1,
#8140000
0,
#8145000
1,
#8150000
0,
#8155000
1,
#8160000
0,
#8165000
1,
#8170000
0,
#8175000
1,
#8180000
0,
#8185000
1,
#8190000
0,
#8195000
1,
#8200000
0,
#8205000
1,
#8210000
0,
#8215000
1,
#8220000
0,
#8225000
1,
#8230000
0,
#8235000
1,
#8240000
0,
#8245000
1,
#8250000
0,
#8255000
1,
#8260000
0,
#8265000
1,
#8270000
0,
#8275000
1,
#8276000
08
#8280000
0,
#8285000
1,
#8290000
0,
#8295000
1,
#8300000
0,
#8305000
1,
#8310000
0,
#8315000
1,
#8320000
0,
#8325000
1,
#8330000
0,
#8335000
1,
#8340000
0,
#8345000
1,
#8350000
0,
#8355000
1,
#8360000
0,
#8365000
1,
#8370000
0,
#8375000
1,
#8380000
0,
#8385000
1,
#8390000
0,
#8395000
1,
#8400000
0,
#8405000
1,
#8410000
0,
#8415000
1,
#8420000
0,
#8425000
1,
#8430000
0,
#8435000
1,
#8436000
18
#8440000
0,
#8445000
1,
#8450000
0,
#8455000
1,
#8460000
0,
#8465000
1,
#8470000
0,
#8475000
1,
#8480000
0,
#8485000
1,
#8490000
0,
#8495000
1,
#8500000
0,
#8505000
1,
#8510000
0,
#8515000
1,
#8520000
0,
#8525000
1,
#8530000
0,
#8535000
1,
#8540000
0,
#8545000
1,
#8550000
0,
#8555000
1,
#8560000
0,
#8565000
1,
#8570000
0,
#8575000
1,
#8580000
0,
#8585000
1,
#8590000
0,
#8595000
1,
#8596000
08
#8600000
0,
#8605000
1,
#8610000
0,
#8615000
1,
#8620000
0,
#8625000
1,
#8630000
0,
#8635000
1,
#8640000
0,
#8645000
1,
#8650000
0,
#8655000
1,
#8660000
0,
#8665000
1,
#8670000
0,
#8675000
1,
#8680000
0,
#8685000
1,
#8690000
0,
#8695000
1,
#8700000
0,
#8705000
1,
#8710000
0,
#8715000
1,
#8720000
0,
#8725000
1,
#8730000
0,
#8735000
1,
#8740000
0,
#8745000
1,
#8750000
0,
#8755000
1,
#8756000
18
#8760000
0,
#8765000
1,
#8770000
0,
#8775000
1,
#8780000
0,
#8785000
1,
#8790000
0,
#8795000
1,
#8800000
0,
#8805000
1,
#8810000
0,
#8815000
1,
#8820000
0,
#8825000
1,
#8830000
0,
#8835000
1,
#8840000
0,
#8845000
1,
#8850000
0,
#8855000
1,
#8860000
0,
#8865000
1,
#8870000
0,
#8875000
1,
#8880000
0,
#8885000
1,
#8890000
0,
#8895000
1,
#8900000
0,
#8905000
1,
#8910000
0,
#8915000
1,
#8916000
08
#8920000
0,
#8925000
1,
#8930000
0,
#8935000
1,
#8940000
0,
#8945000
1,
#8950000
0,
#8955000
1,
#8960000
0,
#8965000
1,
#8970000
0,
#8975000
1,
#8980000
0,
#8985000
1,
#8990000
0,
#8995000
1,
#9000000
0,
#9005000
1,
#9010000
0,
#9015000
1,
#9020000
0,
#9025000
1,
#9030000
0,
#9035000
1,
#9040000
0,
#9045000
1,
#9050000
0,
#9055000
1,
#9060000
0,
#9065000
1,
#9070000
0,
#9075000
1,
#9076000
18
#9080000
0,
#9085000
1,
#9090000
0,
#9095000
1,
#9100000
0,
#9105000
1,
#9110000
0,
#9115000
1,
#9120000
0,
#9125000
1,
#9130000
0,
#9135000
1,
#9140000
0,
#9145000
1,
#9150000
0,
#9155000
1,
#9156000
08
#9160000
0,
#9165000
1,
#9170000
0,
#9175000
1,
#9180000
0,
#9185000
1,
#9190000
0,
#9195000
1,
#9200000
0,
#9205000
1,
#9210000
0,
#9215000
1,
#9220000
0,
#9225000
1,
#9230000
0,
#9235000
1,
#9236000
18
#9240000
0,
#9245000
1,
#9250000
0,
#9255000
1,
#9260000
0,
#9265000
1,
#9270000
0,
#9275000
1,
#9280000
0,
#9285000
1,
#9290000
0,
#9295000
1,
#9300000
0,
#9305000
1,
#9310000
0,
#9315000
1,
#9316000
08
b1 .
b1 :
#9320000
0,
#9325000
1,
#9330000
0,
#9335000
1,
#9340000
0,
#9345000
1,
#9350000
0,
#9355000
1,
#9360000
0,
#9365000
1,
#9370000
0,
#9375000
1,
#9380000
0,
#9385000
1,
#9390000
0,
#9395000
1,
#9396000
18
#9400000
0,
#9405000
1,
#9410000
0,
#9415000
1,
#9420000
0,
#9425000
1,
#9430000
0,
#9435000
1,
#9440000
0,
#9445000
1,
#9450000
0,
#9455000
1,
#9460000
0,
#9465000
1,
#9470000
0,
#9475000
1,
#9476000
08
b11 .
b10 :
#9480000
0,
#9485000
1,
#9490000
0,
#9495000
1,
#9500000
0,
#9505000
1,
#9510000
0,
#9515000
1,
#9520000
0,
#9525000
1,
#9530000
0,
#9535000
1,
#9540000
0,
#9545000
1,
#9550000
0,
#9555000
1,
#9556000
18
#9560000
0,
#9565000
1,
#9570000
0,
#9575000
1,
#9580000
0,
#9585000
1,
#9590000
0,
#9595000
1,
#9600000
0,
#9605000
1,
#9610000
0,
#9615000
1,
#9620000
0,
#9625000
1,
#9630000
0,
#9635000
1,
#9636000
08
b111 .
b11 :
#9640000
0,
#9645000
1,
#9650000
0,
#9655000
1,
#9660000
0,
#9665000
1,
#9670000
0,
#9675000
1,
#9680000
0,
#9685000
1,
#9690000
0,
#9695000
1,
#9700000
0,
#9705000
1,
#9710000
0,
#9715000
1,
#9716000
18
#9720000
0,
#9725000
1,
#9730000
0,
#9735000
1,
#9740000
0,
#9745000
1,
#9750000
0,
#9755000
1,
#9760000
0,
#9765000
1,
#9770000
0,
#9775000
1,
#9780000
0,
#9785000
1,
#9790000
0,
#9795000
1,
#9796000
08
b1111 .
b100 :
#9800000
0,
#9805000
1,
#9810000
0,
#9815000
1,
#9820000
0,
#9825000
1,
#9830000
0,
#9835000
1,
#9840000
0,
#9845000
1,
#9850000
0,
#9855000
1,
#9860000
0,
#9865000
1,
#9870000
0,
#9875000
1,
#9876000
18
#9880000
0,
#9885000
1,
#9890000
0,
#9895000
1,
#9900000
0,
#9905000
1,
#9910000
0,
#9915000
1,
#9920000
0,
#9925000
1,
#9930000
0,
#9935000
1,
#9940000
0,
#9945000
1,
#9950000
0,
#9955000
1,
#9956000
08
b11111 .
b101 :
#9960000
0,
#9965000
1,
#9970000
0,
#9975000
1,
#9980000
0,
#9985000
1,
#9990000
0,
#9995000
1,
#10000000
0,
#10005000
1,
#10010000
0,
#10015000
1,
#10020000
0,
#10025000
1,
#10030000
0,
#10035000
1,
#10036000
18
#10040000
0,
#10045000
1,
#10050000
0,
#10055000
1,
#10060000
0,
#10065000
1,
#10070000
0,
#10075000
1,
#10080000
0,
#10085000
1,
#10090000
0,
#10095000
1,
#10100000
0,
#10105000
1,
#10110000
0,
#10115000
1,
#10116000
08
b111111 .
b110 :
#10120000
0,
#10125000
1,
#10130000
0,
#10135000
1,
#10140000
0,
#10145000
1,
#10150000
0,
#10155000
1,
#10160000
0,
#10165000
1,
#10170000
0,
#10175000
1,
#10180000
0,
#10185000
1,
#10190000
0,
#10195000
1,
#10196000
18
#10200000
0,
#10205000
1,
#10210000
0,
#10215000
1,
#10220000
0,
#10225000
1,
#10230000
0,
#10235000
1,
#10240000
0,
#10245000
1,
#10250000
0,
#10255000
1,
#10260000
0,
#10265000
1,
#10270000
0,
#10275000
1,
#10276000
08
b1111111 .
b111 :
#10280000
0,
#10285000
1,
#10290000
0,
#10295000
1,
#10300000
0,
#10305000
1,
#10310000
0,
#10315000
1,
#10320000
0,
#10325000
1,
#10330000
0,
#10335000
1,
#10340000
0,
#10345000
1,
#10350000
0,
#10355000
1,
#10356000
18
#10360000
0,
#10365000
1,
#10370000
0,
#10375000
1,
#10380000
0,
#10385000
1,
#10390000
0,
#10395000
1,
#10400000
0,
#10405000
1,
#10410000
0,
#10415000
1,
#10420000
0,
#10425000
1,
#10430000
0,
#10435000
1,
#10436000
08
b11111111 .
b1000 :
#10440000
0,
#10445000
1,
#10450000
0,
#10455000
1,
#10460000
0,
#10465000
1,
#10470000
0,
#10475000
1,
#10480000
0,
#10485000
1,
#10490000
0,
#10495000
1,
#10500000
0,
#10505000
1,
#10510000
0,
#10515000
1,
#10516000
18
#10520000
0,
#10525000
1,
#10530000
0,
#10535000
1,
#10540000
0,
#10545000
1,
#10550000
0,
#10555000
1,
#10560000
0,
#10565000
1,
#10570000
0,
#10575000
1,
#10580000
0,
#10585000
1,
#10590000
0,
#10595000
1,
#10596000
08
b111111111 .
b1001 :
#10600000
0,
#10605000
1,
#10610000
0,
#10615000
1,
#10620000
0,
#10625000
1,
#10630000
0,
#10635000
1,
#10640000
0,
#10645000
1,
#10650000
0,
#10655000
1,
#10660000
0,
#10665000
1,
#10670000
0,
#10675000
1,
#10676000
18
#10680000
0,
#10685000
1,
#10690000
0,
#10695000
1,
#10700000
0,
#10705000
1,
#10710000
0,
#10715000
1,
#10720000
0,
#10725000
1,
#10730000
0,
#10735000
1,
#10740000
0,
#10745000
1,
#10750000
0,
#10755000
1,
#10756000
08
b1111111111 .
b1010 :
#10760000
0,
#10765000
1,
#10770000
0,
#10775000
1,
#10780000
0,
#10785000
1,
#10790000
0,
#10795000
1,
#10800000
0,
#10805000
1,
#10810000
0,
#10815000
1,
#10820000
0,
#10825000
1,
#10830000
0,
#10835000
1,
#10836000
18
#10840000
0,
#10845000
1,
#10850000
0,
#10855000
1,
#10860000
0,
#10865000
1,
#10870000
0,
#10875000
1,
#10880000
0,
#10885000
1,
#10890000
0,
#10895000
1,
#10900000
0,
#10905000
1,
#10910000
0,
#10915000
1,
#10916000
08
b11111111111 .
b1011 :
#10920000
0,
#10925000
1,
#10930000
0,
#10935000
1,
#10940000
0,
#10945000
1,
#10950000
0,
#10955000
1,
#10960000
0,
#10965000
1,
#10970000
0,
#10975000
1,
#10980000
0,
#10985000
1,
#10990000
0,
#10995000
1,
#10996000
18
#11000000
0,
#11005000
1,
#11010000
0,
#11015000
1,
#11020000
0,
#11025000
1,
#11030000
0,
#11035000
1,
#11040000
0,
#11045000
1,
#11050000
0,
#11055000
1,
#11060000
0,
#11065000
1,
#11070000
0,
#11075000
1,
#11076000
08
b111111111111 .
b1100 :
#11080000
0,
#11085000
1,
#11090000
0,
#11095000
1,
#11100000
0,
#11105000
1,
#11110000
0,
#11115000
1,
#11120000
0,
#11125000
1,
#11130000
0,
#11135000
1,
#11140000
0,
#11145000
1,
#11150000
0,
#11155000
1,
#11156000
18
#11160000
0,
#11165000
1,
#11170000
0,
#11175000
1,
#11180000
0,
#11185000
1,
#11190000
0,
#11195000
1,
#11200000
0,
#11205000
1,
#11210000
0,
#11215000
1,
#11220000
0,
#11225000
1,
#11230000
0,
#11235000
1,
#11236000
08
b1111111111111 .
b1101 :
#11240000
0,
#11245000
1,
#11250000
0,
#11255000
1,
#11260000
0,
#11265000
1,
#11270000
0,
#11275000
1,
#11280000
0,
#11285000
1,
#11290000
0,
#11295000
1,
#11300000
0,
#11305000
1,
#11310000
0,
#11315000
1,
#11316000
18
#11320000
0,
#11325000
1,
#11330000
0,
#11335000
1,
#11340000
0,
#11345000
1,
#11350000
0,
#11355000
1,
#11360000
0,
#11365000
1,
#11370000
0,
#11375000
1,
#11380000
0,
#11385000
1,
#11390000
0,
#11395000
1,
#11396000
08
b11111111111111 .
b1110 :
#11400000
0,
#11405000
1,
#11410000
0,
#11415000
1,
#11420000
0,
#11425000
1,
#11430000
0,
#11435000
1,
#11440000
0,
#11445000
1,
#11450000
0,
#11455000
1,
#11460000
0,
#11465000
1,
#11470000
0,
#11475000
1,
#11476000
18
#11480000
0,
#11485000
1,
#11490000
0,
#11495000
1,
#11500000
0,
#11505000
1,
#11510000
0,
#11515000
1,
#11520000
0,
#11525000
1,
#11530000
0,
#11535000
1,
#11540000
0,
#11545000
1,
#11550000
0,
#11555000
1,
#11556000
08
b111111111111111 .
b1111 :
#11560000
0,
#11565000
1,
#11570000
0,
#11575000
1,
#11580000
0,
#11585000
1,
#11590000
0,
#11595000
1,
#11600000
0,
#11605000
1,
#11610000
0,
#11615000
1,
#11620000
0,
#11625000
1,
#11630000
0,
#11635000
1,
#11636000
18
#11640000
0,
#11645000
1,
#11650000
0,
#11655000
1,
#11660000
0,
#11665000
1,
#11670000
0,
#11675000
1,
#11680000
0,
#11685000
1,
#11690000
0,
#11695000
1,
#11700000
0,
#11705000
1,
#11710000
0,
#11715000
1,
#11716000
08
b1111111111111111 .
b10000 :
#11720000
0,
#11725000
1,
#11730000
0,
#11735000
1,
#11740000
0,
#11745000
1,
#11750000
0,
#11755000
1,
#11760000
0,
#11765000
1,
#11770000
0,
#11775000
1,
#11780000
0,
#11785000
1,
#11790000
0,
#11795000
1,
#11796000
18
#11800000
0,
#11805000
1,
#11810000
0,
#11815000
1,
#11820000
0,
#11825000
1,
#11830000
0,
#11835000
1,
#11840000
0,
#11845000
1,
#11850000
0,
#11855000
1,
#11860000
0,
#11865000
1,
#11870000
0,
#11875000
1,
#11876000
08
b11111111111111111 .
b10001 :
#11880000
0,
#11885000
1,
#11890000
0,
#11895000
1,
#11900000
0,
#11905000
1,
#11910000
0,
#11915000
1,
#11920000
0,
#11925000
1,
#11930000
0,
#11935000
1,
#11940000
0,
#11945000
1,
#11950000
0,
#11955000
1,
#11956000
18
#11960000
0,
#11965000
1,
#11970000
0,
#11975000
1,
#11980000
0,
#11985000
1,
#11990000
0,
#11995000
1,
#12000000
0,
#12005000
1,
#12010000
0,
#12015000
1,
#12020000
0,
#12025000
1,
#12030000
0,
#12035000
1,
#12036000
08
b111111111111111111 .
b10010 :
#12040000
0,
#12045000
1,
#12050000
0,
#12055000
1,
#12060000
0,
#12065000
1,
#12070000
0,
#12075000
1,
#12080000
0,
#12085000
1,
#12090000
0,
#12095000
1,
#12100000
0,
#12105000
1,
#12110000
0,
#12115000
1,
#12116000
18
#12120000
0,
#12125000
1,
#12130000
0,
#12135000
1,
#12140000
0,
#12145000
1,
#12150000
0,
#12155000
1,
#12160000
0,
#12165000
1,
#12170000
0,
#12175000
1,
#12180000
0,
#12185000
1,
#12190000
0,
#12195000
1,
#12196000
08
b1111111111111111111 .
b10011 :
#12200000
0,
#12205000
1,
#12210000
0,
#12215000
1,
#12220000
0,
#12225000
1,
#12230000
0,
#12235000
1,
#12240000
0,
#12245000
1,
#12250000
0,
#12255000
1,
#12260000
0,
#12265000
1,
#12270000
0,
#12275000
1,
#12276000
18
#12280000
0,
#12285000
1,
#12290000
0,
#12295000
1,
#12300000
0,
#12305000
1,
#12310000
0,
#12315000
1,
#12320000
0,
#12325000
1,
#12330000
0,
#12335000
1,
#12340000
0,
#12345000
1,
#12350000
0,
#12355000
1,
#12356000
08
b11111111111111111111 .
b10100 :
#12360000
0,
#12365000
1,
#12370000
0,
#12375000
1,
#12380000
0,
#12385000
1,
#12390000
0,
#12395000
1,
#12400000
0,
#12405000
1,
#12410000
0,
#12415000
1,
#12420000
0,
#12425000
1,
#12430000
0,
#12435000
1,
#12436000
18
#12440000
0,
#12445000
1,
#12450000
0,
#12455000
1,
#12460000
0,
#12465000
1,
#12470000
0,
#12475000
1,
#12480000
0,
#12485000
1,
#12490000
0,
#12495000
1,
#12500000
0,
#12505000
1,
#12510000
0,
#12515000
1,
#12516000
08
b111111111111111111111 .
b10101 :
#12520000
0,
#12525000
1,
#12530000
0,
#12535000
1,
#12540000
0,
#12545000
1,
#12550000
0,
#12555000
1,
#12560000
0,
#12565000
1,
#12570000
0,
#12575000
1,
#12580000
0,
#12585000
1,
#12590000
0,
#12595000
1,
#12596000
18
#12600000
0,
#12605000
1,
#12610000
0,
#12615000
1,
#12620000
0,
#12625000
1,
#12630000
0,
#12635000
1,
#12640000
0,
#12645000
1,
#12650000
0,
#12655000
1,
#12660000
0,
#12665000
1,
#12670000
0,
#12675000
1,
#12676000
08
b1111111111111111111111 .
b10110 :
#12680000
0,
#12685000
1,
#12690000
0,
#12695000
1,
#12700000
0,
#12705000
1,
#12710000
0,
#12715000
1,
#12720000
0,
#12725000
1,
#12730000
0,
#12735000
1,
#12740000
0,
#12745000
1,
#12750000
0,
#12755000
1,
#12756000
18
#12760000
0,
#12765000
1,
#12770000
0,
#12775000
1,
#12780000
0,
#12785000
1,
#12790000
0,
#12795000
1,
#12800000
0,
#12805000
1,
#12810000
0,
#12815000
1,
#12820000
0,
#12825000
1,
#12830000
0,
#12835000
1,
#12836000
08
b11111111111111111111111 .
b10111 :
#12840000
0,
#12845000
1,
#12850000
0,
#12855000
1,
#12860000
0,
#12865000
1,
#12870000
0,
#12875000
1,
#12880000
0,
#12885000
1,
#12890000
0,
#12895000
1,
#12900000
0,
#12905000
1,
#12910000
0,
#12915000
1,
#12916000
18
#12920000
0,
#12925000
1,
#12930000
0,
#12935000
1,
#12940000
0,
#12945000
1,
#12950000
0,
#12955000
1,
#12960000
0,
#12965000
1,
#12970000
0,
#12975000
1,
#12980000
0,
#12985000
1,
#12990000
0,
#12995000
1,
#12996000
08
b111111111111111111111111 .
b11000 :
#13000000
0,
#13005000
1,
#13010000
0,
#13015000
1,
#13020000
0,
#13025000
1,
#13030000
0,
#13035000
1,
#13040000
0,
#13045000
1,
#13050000
0,
#13055000
1,
#13060000
0,
#13065000
1,
#13070000
0,
#13075000
1,
#13076000
18
#13080000
0,
#13085000
1,
#13090000
0,
#13095000
1,
#13100000
0,
#13105000
1,
#13110000
0,
#13115000
1,
#13120000
0,
#13125000
1,
#13130000
0,
#13135000
1,
#13140000
0,
#13145000
1,
#13150000
0,
#13155000
1,
#13156000
08
b1111111111111111111111111 .
b11001 :
#13160000
0,
#13165000
1,
#13170000
0,
#13175000
1,
#13180000
0,
#13185000
1,
#13190000
0,
#13195000
1,
#13200000
0,
#13205000
1,
#13210000
0,
#13215000
1,
#13220000
0,
#13225000
1,
#13230000
0,
#13235000
1,
#13236000
18
#13240000
0,
#13245000
1,
#13250000
0,
#13255000
1,
#13260000
0,
#13265000
1,
#13270000
0,
#13275000
1,
#13280000
0,
#13285000
1,
#13290000
0,
#13295000
1,
#13300000
0,
#13305000
1,
#13310000
0,
#13315000
1,
#13316000
08
b11111111111111111111111111 .
b11010 :
#13320000
0,
#13325000
1,
#13330000
0,
#13335000
1,
#13340000
0,
#13345000
1,
#13350000
0,
#13355000
1,
#13360000
0,
#13365000
1,
#13370000
0,
#13375000
1,
#13380000
0,
#13385000
1,
#13390000
0,
#13395000
1,
#13396000
18
#13400000
0,
#13405000
1,
#13410000
0,
#13415000
1,
#13420000
0,
#13425000
1,
#13430000
0,
#13435000
1,
#13440000
0,
#13445000
1,
#13450000
0,
#13455000
1,
#13460000
0,
#13465000
1,
#13470000
0,
#13475000
1,
#13476000
08
b111111111111111111111111111 .
b11011 :
#13480000
0,
#13485000
1,
#13490000
0,
#13495000
1,
#13500000
0,
#13505000
1,
#13510000
0,
#13515000
1,
#13520000
0,
#13525000
1,
#13530000
0,
#13535000
1,
#13540000
0,
#13545000
1,
#13550000
0,
#13555000
1,
#13556000
18
#13560000
0,
#13565000
1,
#13570000
0,
#13575000
1,
#13580000
0,
#13585000
1,
#13590000
0,
#13595000
1,
#13600000
0,
#13605000
1,
#13610000
0,
#13615000
1,
#13620000
0,
#13625000
1,
#13630000
0,
#13635000
1,
#13636000
08
b1111111111111111111111111111 .
b11100 :
#13640000
0,
#13645000
1,
#13650000
0,
#13655000
1,
#13660000
0,
#13665000
1,
#13670000
0,
#13675000
1,
#13680000
0,
#13685000
1,
#13690000
0,
#13695000
1,
#13700000
0,
#13705000
1,
#13710000
0,
#13715000
1,
#13716000
18
#13720000
0,
#13725000
1,
#13730000
0,
#13735000
1,
#13740000
0,
#13745000
1,
#13750000
0,
#13755000
1,
#13760000
0,
#13765000
1,
#13770000
0,
#13775000
1,
#13780000
0,
#13785000
1,
#13790000
0,
#13795000
1,
#13796000
08
b11111111111111111111111111111 .
b11101 :
#13800000
0,
#13805000
1,
#13810000
0,
#13815000
1,
#13820000
0,
#13825000
1,
#13830000
0,
#13835000
1,
#13840000
0,
#13845000
1,
#13850000
0,
#13855000
1,
#13860000
0,
#13865000
1,
#13870000
0,
#13875000
1,
#13876000
18
#13880000
0,
#13885000
1,
#13890000
0,
#13895000
1,
#13900000
0,
#13905000
1,
#13910000
0,
#13915000
1,
#13920000
0,
#13925000
1,
#13930000
0,
#13935000
1,
#13940000
0,
#13945000
1,
#13950000
0,
#13955000
1,
#13956000
08
b111111111111111111111111111111 .
b11110 :
#13960000
0,
#13965000
1,
#13970000
0,
#13975000
1,
#13980000
0,
#13985000
1,
#13990000
0,
#13995000
1,
#14000000
0,
#14005000
1,
#14010000
0,
#14015000
1,
#14020000
0,
#14025000
1,
#14030000
0,
#14035000
1,
#14036000
18
#14040000
0,
#14045000
1,
#14050000
0,
#14055000
1,
#14060000
0,
#14065000
1,
#14070000
0,
#14075000
1,
#14080000
0,
#14085000
1,
#14090000
0,
#14095000
1,
#14100000
0,
#14105000
1,
#14110000
0,
#14115000
1,
#14116000
08
b1111111111111111111111111111111 .
b11111 :
#14120000
0,
#14125000
1,
#14130000
0,
#14135000
1,
#14140000
0,
#14145000
1,
#14150000
0,
#14155000
1,
#14160000
0,
#14165000
1,
#14170000
0,
#14175000
1,
#14180000
0,
#14185000
1,
#14190000
0,
#14195000
1,
#14196000
18
#14200000
0,
#14205000
1,
#14210000
0,
#14215000
1,
#14220000
0,
#14225000
1,
#14230000
0,
#14235000
1,
#14240000
0,
#14245000
1,
#14250000
0,
#14255000
1,
#14260000
0,
#14265000
1,
#14270000
0,
#14275000
1,
#14276000
08
b11111111111111111111111111111111 .
b100000 :
#14280000
0,
#14285000
1,
#14290000
0,
#14295000
1,
#14300000
0,
#14305000
1,
#14310000
0,
#14315000
1,
#14320000
0,
#14325000
1,
#14330000
0,
#14335000
1,
#14340000
0,
#14345000
1,
#14350000
0,
#14355000
1,
#14356000
18
#14360000
0,
#14365000
1,
#14370000
0,
#14375000
1,
#14380000
0,
#14385000
1,
#14390000
0,
#14395000
1,
#14400000
0,
#14405000
1,
#14410000
0,
#14415000
1,
#14420000
0,
#14425000
1,
#14430000
0,
#14435000
1,
#14436000
08
b111111111111111111111111111111111 .
b100001 :
#14440000
0,
#14445000
1,
#14450000
0,
#14455000
1,
#14460000
0,
#14465000
1,
#14470000
0,
#14475000
1,
#14480000
0,
#14485000
1,
#14490000
0,
#14495000
1,
#14500000
0,
#14505000
1,
#14510000
0,
#14515000
1,
#14516000
18
#14520000
0,
#14525000
1,
#14530000
0,
#14535000
1,
#14540000
0,
#14545000
1,
#14550000
0,
#14555000
1,
#14560000
0,
#14565000
1,
#14570000
0,
#14575000
1,
#14580000
0,
#14585000
1,
#14590000
0,
#14595000
1,
#14596000
08
b1111111111111111111111111111111111 .
b100010 :
#14600000
0,
#14605000
1,
#14610000
0,
#14615000
1,
#14620000
0,
#14625000
1,
#14630000
0,
#14635000
1,
#14640000
0,
#14645000
1,
#14650000
0,
#14655000
1,
#14660000
0,
#14665000
1,
#14670000
0,
#14675000
1,
#14676000
18
#14680000
0,
#14685000
1,
#14690000
0,
#14695000
1,
#14700000
0,
#14705000
1,
#14710000
0,
#14715000
1,
#14720000
0,
#14725000
1,
#14730000
0,
#14735000
1,
#14740000
0,
#14745000
1,
#14750000
0,
#14755000
1,
#14756000
08
b11111111111111111111111111111111111 .
b100011 :
#14760000
0,
#14765000
1,
#14770000
0,
#14775000
1,
#14780000
0,
#14785000
1,
#14790000
0,
#14795000
1,
#14800000
0,
#14805000
1,
#14810000
0,
#14815000
1,
#14820000
0,
#14825000
1,
#14830000
0,
#14835000
1,
#14836000
18
#14840000
0,
#14845000
1,
#14850000
0,
#14855000
1,
#14860000
0,
#14865000
1,
#14870000
0,
#14875000
1,
#14880000
0,
#14885000
1,
#14890000
0,
#14895000
1,
#14900000
0,
#14905000
1,
#14910000
0,
#14915000
1,
#14916000
08
b111111111111111111111111111111111111 .
b100100 :
#14920000
0,
#14925000
1,
#14930000
0,
#14935000
1,
#14940000
0,
#14945000
1,
#14950000
0,
#14955000
1,
#14960000
0,
#14965000
1,
#14970000
0,
#14975000
1,
#14980000
0,
#14985000
1,
#14990000
0,
#14995000
1,
#14996000
18
#15000000
0,
#15005000
1,
#15010000
0,
#15015000
1,
#15020000
0,
#15025000
1,
#15030000
0,
#15035000
1,
#15040000
0,
#15045000
1,
#15050000
0,
#15055000
1,
#15060000
0,
#15065000
1,
#15070000
0,
#15075000
1,
#15076000
08
b1111111111111111111111111111111111111 .
b100101 :
#15080000
0,
#15085000
1,
#15090000
0,
#15095000
1,
#15100000
0,
#15105000
1,
#15110000
0,
#15115000
1,
#15120000
0,
#15125000
1,
#15130000
0,
#15135000
1,
#15140000
0,
#15145000
1,
#15150000
0,
#15155000
1,
#15156000
18
#15160000
0,
#15165000
1,
#15170000
0,
#15175000
1,
#15180000
0,
#15185000
1,
#15190000
0,
#15195000
1,
#15200000
0,
#15205000
1,
#15210000
0,
#15215000
1,
#15220000
0,
#15225000
1,
#15230000
0,
#15235000
1,
#15236000
08
b11111111111111111111111111111111111111 .
b100110 :
#15240000
0,
#15245000
1,
#15250000
0,
#15255000
1,
#15260000
0,
#15265000
1,
#15270000
0,
#15275000
1,
#15280000
0,
#15285000
1,
#15290000
0,
#15295000
1,
#15300000
0,
#15305000
1,
#15310000
0,
#15315000
1,
#15316000
18
#15320000
0,
#15325000
1,
#15330000
0,
#15335000
1,
#15340000
0,
#15345000
1,
#15350000
0,
#15355000
1,
#15360000
0,
#15365000
1,
#15370000
0,
#15375000
1,
#15380000
0,
#15385000
1,
#15390000
0,
#15395000
1,
#15396000
08
b111111111111111111111111111111111111111 .
b100111 :
#15400000
0,
#15405000
1,
#15410000
0,
#15415000
1,
#15420000
0,
#15425000
1,
#15430000
0,
#15435000
1,
#15440000
0,
#15445000
1,
#15450000
0,
#15455000
1,
#15460000
0,
#15465000
1,
#15470000
0,
#15475000
1,
#15476000
18
#15480000
0,
#15485000
1,
#15490000
0,
#15495000
1,
#15500000
0,
#15505000
1,
#15510000
0,
#15515000
1,
#15520000
0,
#15525000
1,
#15530000
0,
#15535000
1,
#15540000
0,
#15545000
1,
#15550000
0,
#15555000
1,
#15556000
08
b1111111111111111111111111111111111111111 .
b101000 :
#15560000
0,
#15565000
1,
#15570000
0,
#15575000
1,
#15580000
0,
#15585000
1,
#15590000
0,
#15595000
1,
#15600000
0,
#15605000
1,
#15610000
0,
#15615000
1,
#15620000
0,
#15625000
1,
#15630000
0,
#15635000
1,
#15636000
18
#15640000
0,
#15645000
1,
#15650000
0,
#15655000
1,
#15660000
0,
#15665000
1,
#15670000
0,
#15675000
1,
#15680000
0,
#15685000
1,
#15690000
0,
#15695000
1,
#15700000
0,
#15705000
1,
#15710000
0,
#15715000
1,
#15716000
08
b11111111111111111111111111111111111111111 .
b101001 :
#15720000
0,
#15725000
1,
#15730000
0,
#15735000
1,
#15740000
0,
#15745000
1,
#15750000
0,
#15755000
1,
#15760000
0,
#15765000
1,
#15770000
0,
#15775000
1,
#15780000
0,
#15785000
1,
#15790000
0,
#15795000
1,
#15796000
18
#15800000
0,
#15805000
1,
#15810000
0,
#15815000
1,
#15820000
0,
#15825000
1,
#15830000
0,
#15835000
1,
#15840000
0,
#15845000
1,
#15850000
0,
#15855000
1,
#15860000
0,
#15865000
1,
#15870000
0,
#15875000
1,
#15876000
08
b111111111111111111111111111111111111111111 .
b101010 :
#15880000
0,
#15885000
1,
#15890000
0,
#15895000
1,
#15900000
0,
#15905000
1,
#15910000
0,
#15915000
1,
#15920000
0,
#15925000
1,
#15930000
0,
#15935000
1,
#15940000
0,
#15945000
1,
#15950000
0,
#15955000
1,
#15956000
18
#15960000
0,
#15965000
1,
#15970000
0,
#15975000
1,
#15980000
0,
#15985000
1,
#15990000
0,
#15995000
1,
#16000000
0,
#16005000
1,
#16010000
0,
#16015000
1,
#16020000
0,
#16025000
1,
#16030000
0,
#16035000
1,
#16036000
08
b1111111111111111111111111111111111111111111 .
b101011 :
#16040000
0,
#16045000
1,
#16050000
0,
#16055000
1,
#16060000
0,
#16065000
1,
#16070000
0,
#16075000
1,
#16080000
0,
#16085000
1,
#16090000
0,
#16095000
1,
#16100000
0,
#16105000
1,
#16110000
0,
#16115000
1,
#16116000
18
#16120000
0,
#16125000
1,
#16130000
0,
#16135000
1,
#16140000
0,
#16145000
1,
#16150000
0,
#16155000
1,
#16160000
0,
#16165000
1,
#16170000
0,
#16175000
1,
#16180000
0,
#16185000
1,
#16190000
0,
#16195000
1,
#16196000
08
b11111111111111111111111111111111111111111111 .
b101100 :
#16200000
0,
#16205000
1,
#16210000
0,
#16215000
1,
#16220000
0,
#16225000
1,
#16230000
0,
#16235000
1,
#16240000
0,
#16245000
1,
#16250000
0,
#16255000
1,
#16260000
0,
#16265000
1,
#16270000
0,
#16275000
1,
#16276000
18
#16280000
0,
#16285000
1,
#16290000
0,
#16295000
1,
#16300000
0,
#16305000
1,
#16310000
0,
#16315000
1,
#16320000
0,
#16325000
1,
#16330000
0,
#16335000
1,
#16340000
0,
#16345000
1,
#16350000
0,
#16355000
1,
#16356000
08
b111111111111111111111111111111111111111111111 .
b101101 :
#16360000
0,
#16365000
1,
#16370000
0,
#16375000
1,
#16380000
0,
#16385000
1,
#16390000
0,
#16395000
1,
#16400000
0,
#16405000
1,
#16410000
0,
#16415000
1,
#16420000
0,
#16425000
1,
#16430000
0,
#16435000
1,
#16436000
18
#16440000
0,
#16445000
1,
#16450000
0,
#16455000
1,
#16460000
0,
#16465000
1,
#16470000
0,
#16475000
1,
#16480000
0,
#16485000
1,
#16490000
0,
#16495000
1,
#16500000
0,
#16505000
1,
#16510000
0,
#16515000
1,
#16516000
08
b1111111111111111111111111111111111111111111111 .
b101110 :
#16520000
0,
#16525000
1,
#16530000
0,
#16535000
1,
#16540000
0,
#16545000
1,
#16550000
0,
#16555000
1,
#16560000
0,
#16565000
1,
#16570000
0,
#16575000
1,
#16580000
0,
#16585000
1,
#16590000
0,
#16595000
1,
#16596000
18
#16600000
0,
#16605000
1,
#16610000
0,
#16615000
1,
#16620000
0,
#16625000
1,
#16630000
0,
#16635000
1,
#16640000
0,
#16645000
1,
#16650000
0,
#16655000
1,
#16660000
0,
#16665000
1,
#16670000
0,
#16675000
1,
#16676000
08
b11111111111111111111111111111111111111111111111 .
b101111 :
#16680000
0,
#16685000
1,
#16690000
0,
#16695000
1,
#16700000
0,
#16705000
1,
#16710000
0,
#16715000
1,
#16720000
0,
#16725000
1,
#16730000
0,
#16735000
1,
#16740000
0,
#16745000
1,
#16750000
0,
#16755000
1,
#16756000
18
#16760000
0,
#16765000
1,
#16770000
0,
#16775000
1,
#16780000
0,
#16785000
1,
#16790000
0,
#16795000
1,
#16800000
0,
#16805000
1,
#16810000
0,
#16815000
1,
#16820000
0,
#16825000
1,
#16830000
0,
#16835000
1,
#16836000
08
b111111111111111111111111111111111111111111111111 .
b110000 :
#16840000
0,
#16845000
1,
#16850000
0,
#16855000
1,
#16860000
0,
#16865000
1,
#16870000
0,
#16875000
1,
#16880000
0,
#16885000
1,
#16890000
0,
#16895000
1,
#16900000
0,
#16905000
1,
#16910000
0,
#16915000
1,
#16916000
18
#16920000
0,
#16925000
1,
#16930000
0,
#16935000
1,
#16940000
0,
#16945000
1,
#16950000
0,
#16955000
1,
#16960000
0,
#16965000
1,
#16970000
0,
#16975000
1,
#16980000
0,
#16985000
1,
#16990000
0,
#16995000
1,
#16996000
b110001 :
#17000000
0,
#17005000
1,
#17010000
0,
#17015000
1,
#17020000
0,
#17025000
1,
#17030000
0,
#17035000
1,
#17040000
0,
#17045000
1,
#17050000
0,
#17055000
1,
#17060000
0,
#17065000
1,
#17070000
0,
#17075000
1,
#17076000
08
#17080000
0,
#17085000
1,
#17090000
0,
#17095000
1,
#17100000
0,
#17105000
1,
#17110000
0,
#17115000
1,
#17120000
0,
#17125000
1,
#17130000
0,
#17135000
1,
#17140000
0,
#17145000
1,
#17150000
0,
#17155000
1,
#17156000
18
b110010 :
#17160000
0,
#17165000
1,
#17170000
0,
#17175000
1,
#17180000
0,
#17185000
1,
#17190000
0,
#17195000
1,
#17200000
0,
#17205000
1,
#17210000
0,
#17215000
1,
#17220000
0,
#17225000
1,
#17230000
0,
#17235000
1,
#17236000
08
#17240000
0,
#17245000
1,
#17250000
0,
#17255000
1,
#17260000
0,
#17265000
1,
#17270000
0,
#17275000
1,
#17280000
0,
#17285000
1,
#17290000
0,
#17295000
1,
#17300000
0,
#17305000
1,
#17310000
0,
#17315000
1,
#17316000
18
b110011 :
#17320000
0,
#17325000
1,
#17330000
0,
#17335000
1,
#17340000
0,
#17345000
1,
#17350000
0,
#17355000
1,
#17360000
0,
#17365000
1,
#17370000
0,
#17375000
1,
#17380000
0,
#17385000
1,
#17390000
0,
#17395000
1,
#17396000
08
#17400000
0,
#17405000
1,
#17410000
0,
#17415000
1,
#17420000
0,
#17425000
1,
#17430000
0,
#17435000
1,
#17440000
0,
#17445000
1,
#17450000
0,
#17455000
1,
#17460000
0,
#17465000
1,
#17470000
0,
#17475000
1,
#17476000
18
b110100 :
#17480000
0,
#17485000
1,
#17490000
0,
#17495000
1,
#17500000
0,
#17505000
1,
#17510000
0,
#17515000
1,
#17520000
0,
#17525000
1,
#17530000
0,
#17535000
1,
#17540000
0,
#17545000
1,
#17550000
0,
#17555000
1,
#17556000
08
#17560000
0,
#17565000
1,
#17570000
0,
#17575000
1,
#17580000
0,
#17585000
1,
#17590000
0,
#17595000
1,
#17600000
0,
#17605000
1,
#17610000
0,
#17615000
1,
#17620000
0,
#17625000
1,
#17630000
0,
#17635000
1,
#17636000
18
b110101 :
#17640000
0,
#17645000
1,
#17650000
0,
#17655000
1,
#17660000
0,
#17665000
1,
#17670000
0,
#17675000
1,
#17680000
0,
#17685000
1,
#17690000
0,
#17695000
1,
#17700000
0,
#17705000
1,
#17710000
0,
#17715000
1,
#17716000
08
#17720000
0,
#17725000
1,
#17730000
0,
#17735000
1,
#17740000
0,
#17745000
1,
#17750000
0,
#17755000
1,
#17760000
0,
#17765000
1,
#17770000
0,
#17775000
1,
#17780000
0,
#17785000
1,
#17790000
0,
#17795000
1,
#17796000
18
b110110 :
#17800000
0,
#17805000
1,
#17810000
0,
#17815000
1,
#17820000
0,
#17825000
1,
#17830000
0,
#17835000
1,
#17840000
0,
#17845000
1,
#17850000
0,
#17855000
1,
#17860000
0,
#17865000
1,
#17870000
0,
#17875000
1,
#17876000
08
#17880000
0,
#17885000
1,
#17890000
0,
#17895000
1,
#17900000
0,
#17905000
1,
#17910000
0,
#17915000
1,
#17920000
0,
#17925000
1,
#17930000
0,
#17935000
1,
#17940000
0,
#17945000
1,
#17950000
0,
#17955000
1,
#17956000
b1000000111111111111111111111111111111111111111111111111 .
b110111 :
#17960000
0,
#17965000
1,
#17970000
0,
#17975000
1,
#17980000
0,
#17985000
1,
#17990000
0,
#17995000
1,
#18000000
0,
#18005000
1,
#18010000
0,
#18015000
1,
#18020000
0,
#18025000
1,
#18030000
0,
#18035000
1,
#18036000
18
#18040000
0,
#18045000
1,
#18050000
0,
#18055000
1,
#18060000
0,
#18065000
1,
#18070000
0,
#18075000
1,
#18080000
0,
#18085000
1,
#18090000
0,
#18095000
1,
#18100000
0,
#18105000
1,
#18110000
0,
#18115000
1,
#18116000
b111000 :
#18120000
0,
#18125000
1,
#18130000
0,
#18135000
1,
#18140000
0,
#18145000
1,
#18150000
0,
#18155000
1,
#18160000
0,
#18165000
1,
#18170000
0,
#18175000
1,
#18180000
0,
#18185000
1,
#18190000
0,
#18195000
1,
#18196000
08
#18200000
0,
#18205000
1,
#18210000
0,
#18215000
1,
#18220000
0,
#18225000
1,
#18230000
0,
#18235000
1,
#18240000
0,
#18245000
1,
#18250000
0,
#18255000
1,
#18260000
0,
#18265000
1,
#18270000
0,
#18275000
1,
#18276000
18
b111001 :
#18280000
0,
#18285000
1,
#18290000
0,
#18295000
1,
#18300000
0,
#18305000
1,
#18310000
0,
#18315000
1,
#18320000
0,
#18325000
1,
#18330000
0,
#18335000
1,
#18340000
0,
#18345000
1,
#18350000
0,
#18355000
1,
#18356000
08
#18360000
0,
#18365000
1,
#18370000
0,
#18375000
1,
#18380000
0,
#18385000
1,
#18390000
0,
#18395000
1,
#18400000
0,
#18405000
1,
#18410000
0,
#18415000
1,
#18420000
0,
#18425000
1,
#18430000
0,
#18435000
1,
#18436000
18
b111010 :
#18440000
0,
#18445000
1,
#18450000
0,
#18455000
1,
#18460000
0,
#18465000
1,
#18470000
0,
#18475000
1,
#18480000
0,
#18485000
1,
#18490000
0,
#18495000
1,
#18500000
0,
#18505000
1,
#18510000
0,
#18515000
1,
#18516000
08
#18520000
0,
#18525000
1,
#18530000
0,
#18535000
1,
#18540000
0,
#18545000
1,
#18550000
0,
#18555000
1,
#18560000
0,
#18565000
1,
#18570000
0,
#18575000
1,
#18580000
0,
#18585000
1,
#18590000
0,
#18595000
1,
#18596000
18
b111011 :
#18600000
0,
#18605000
1,
#18610000
0,
#18615000
1,
#18620000
0,
#18625000
1,
#18630000
0,
#18635000
1,
#18640000
0,
#18645000
1,
#18650000
0,
#18655000
1,
#18660000
0,
#18665000
1,
#18670000
0,
#18675000
1,
#18676000
08
#18680000
0,
#18685000
1,
#18690000
0,
#18695000
1,
#18700000
0,
#18705000
1,
#18710000
0,
#18715000
1,
#18720000
0,
#18725000
1,
#18730000
0,
#18735000
1,
#18740000
0,
#18745000
1,
#18750000
0,
#18755000
1,
#18756000
18
b111100 :
#18760000
0,
#18765000
1,
#18770000
0,
#18775000
1,
#18780000
0,
#18785000
1,
#18790000
0,
#18795000
1,
#18800000
0,
#18805000
1,
#18810000
0,
#18815000
1,
#18820000
0,
#18825000
1,
#18830000
0,
#18835000
1,
#18836000
08
#18840000
0,
#18845000
1,
#18850000
0,
#18855000
1,
#18860000
0,
#18865000
1,
#18870000
0,
#18875000
1,
#18880000
0,
#18885000
1,
#18890000
0,
#18895000
1,
#18900000
0,
#18905000
1,
#18910000
0,
#18915000
1,
#18916000
18
b111101 :
#18920000
0,
#18925000
1,
#18930000
0,
#18935000
1,
#18940000
0,
#18945000
1,
#18950000
0,
#18955000
1,
#18960000
0,
#18965000
1,
#18970000
0,
#18975000
1,
#18980000
0,
#18985000
1,
#18990000
0,
#18995000
1,
#18996000
08
#19000000
0,
#19005000
1,
#19010000
0,
#19015000
1,
#19020000
0,
#19025000
1,
#19030000
0,
#19035000
1,
#19040000
0,
#19045000
1,
#19050000
0,
#19055000
1,
#19060000
0,
#19065000
1,
#19070000
0,
#19075000
1,
#19076000
18
b111110 :
#19080000
0,
#19085000
1,
#19090000
0,
#19095000
1,
#19100000
0,
#19105000
1,
#19110000
0,
#19115000
1,
#19120000
0,
#19125000
1,
#19130000
0,
#19135000
1,
#19140000
0,
#19145000
1,
#19150000
0,
#19155000
1,
#19156000
08
#19160000
0,
#19165000
1,
#19170000
0,
#19175000
1,
#19180000
0,
#19185000
1,
#19190000
0,
#19195000
1,
#19200000
0,
#19205000
1,
#19210000
0,
#19215000
1,
#19220000
0,
#19225000
1,
#19230000
0,
#19235000
1,
#19236000
18
b111111 :
#19240000
0,
#19245000
1,
#19250000
0,
#19255000
1,
#19260000
0,
#19265000
1,
#19270000
0,
#19275000
1,
#19280000
0,
#19285000
1,
#19290000
0,
#19295000
1,
#19300000
0,
#19305000
1,
#19310000
0,
#19315000
1,
#19316000
08
#19320000
0,
#19325000
1,
#19330000
0,
#19335000
1,
#19340000
0,
#19345000
1,
#19350000
0,
#19355000
1,
#19360000
0,
#19365000
1,
#19370000
0,
#19375000
1,
#19380000
0,
#19385000
1,
#19390000
0,
#19395000
1,
#19396000
18
b1000000 :
#19400000
0,
#19405000
1,
#19410000
0,
#19415000
1,
#19420000
0,
#19425000
1,
#19430000
0,
#19435000
1,
#19440000
0,
#19445000
1,
#19450000
0,
#19455000
1,
#19460000
0,
#19465000
1,
#19470000
0,
#19475000
1,
#19476000
08
#19480000
0,
#19485000
1,
#19490000
0,
#19495000
1,
#19500000
0,
#19505000
1,
#19510000
0,
#19515000
1,
#19520000
0,
#19525000
1,
#19530000
0,
#19535000
1,
#19540000
0,
#19545000
1,
#19550000
0,
#19555000
1,
#19556000
18
b1000001 :
#19560000
0,
#19565000
1,
#19570000
0,
#19575000
1,
#19580000
0,
#19585000
1,
#19590000
0,
#19595000
1,
#19600000
0,
#19605000
1,
#19610000
0,
#19615000
1,
#19620000
0,
#19625000
1,
#19630000
0,
#19635000
1,
#19636000
08
#19640000
0,
#19645000
1,
#19650000
0,
#19655000
1,
#19660000
0,
#19665000
1,
#19670000
0,
#19675000
1,
#19680000
0,
#19685000
1,
#19690000
0,
#19695000
1,
#19700000
0,
#19705000
1,
#19710000
0,
#19715000
1,
#19716000
18
b1000010 :
#19720000
0,
#19725000
1,
#19730000
0,
#19735000
1,
#19740000
0,
#19745000
1,
#19750000
0,
#19755000
1,
#19760000
0,
#19765000
1,
#19770000
0,
#19775000
1,
#19780000
0,
#19785000
1,
#19790000
0,
#19795000
1,
#19796000
08
#19800000
0,
#19805000
1,
#19810000
0,
#19815000
1,
#19820000
0,
#19825000
1,
#19830000
0,
#19835000
1,
#19840000
0,
#19845000
1,
#19850000
0,
#19855000
1,
#19860000
0,
#19865000
1,
#19870000
0,
#19875000
1,
#19876000
18
b1000011 :
#19880000
0,
#19885000
1,
#19890000
0,
#19895000
1,
#19900000
0,
#19905000
1,
#19910000
0,
#19915000
1,
#19920000
0,
#19925000
1,
#19930000
0,
#19935000
1,
#19940000
0,
#19945000
1,
#19950000
0,
#19955000
1,
#19956000
08
#19960000
0,
#19965000
1,
#19970000
0,
#19975000
1,
#19980000
0,
#19985000
1,
#19990000
0,
#19995000
1,
#20000000
0,
#20005000
1,
#20010000
0,
#20015000
1,
#20020000
0,
#20025000
1,
#20030000
0,
#20035000
1,
#20036000
18
b1000100 :
#20040000
0,
#20045000
1,
#20050000
0,
#20055000
1,
#20060000
0,
#20065000
1,
#20070000
0,
#20075000
1,
#20080000
0,
#20085000
1,
#20090000
0,
#20095000
1,
#20100000
0,
#20105000
1,
#20110000
0,
#20115000
1,
#20116000
08
#20120000
0,
#20125000
1,
#20130000
0,
#20135000
1,
#20140000
0,
#20145000
1,
#20150000
0,
#20155000
1,
#20160000
0,
#20165000
1,
#20170000
0,
#20175000
1,
#20180000
0,
#20185000
1,
#20190000
0,
#20195000
1,
#20196000
18
b1000101 :
#20200000
0,
#20205000
1,
#20210000
0,
#20215000
1,
#20220000
0,
#20225000
1,
#20230000
0,
#20235000
1,
#20240000
0,
#20245000
1,
#20250000
0,
#20255000
1,
#20260000
0,
#20265000
1,
#20270000
0,
#20275000
1,
#20276000
08
#20280000
0,
#20285000
1,
#20290000
0,
#20295000
1,
#20300000
0,
#20305000
1,
#20310000
0,
#20315000
1,
#20320000
0,
#20325000
1,
#20330000
0,
#20335000
1,
#20340000
0,
#20345000
1,
#20350000
0,
#20355000
1,
#20356000
18
b1000110 :
#20360000
0,
#20365000
1,
#20370000
0,
#20375000
1,
#20380000
0,
#20385000
1,
#20390000
0,
#20395000
1,
#20400000
0,
#20405000
1,
#20410000
0,
#20415000
1,
#20420000
0,
#20425000
1,
#20430000
0,
#20435000
1,
#20436000
08
#20440000
0,
#20445000
1,
#20450000
0,
#20455000
1,
#20460000
0,
#20465000
1,
#20470000
0,
#20475000
1,
#20480000
0,
#20485000
1,
#20490000
0,
#20495000
1,
#20500000
0,
#20505000
1,
#20510000
0,
#20515000
1,
#20516000
18
b1000111 :
#20520000
0,
#20525000
1,
#20530000
0,
#20535000
1,
#20540000
0,
#20545000
1,
#20550000
0,
#20555000
1,
#20560000
0,
#20565000
1,
#20570000
0,
#20575000
1,
#20580000
0,
#20585000
1,
#20590000
0,
#20595000
1,
#20596000
08
#20600000
0,
#20605000
1,
#20610000
0,
#20615000
1,
#20620000
0,
#20625000
1,
#20630000
0,
#20635000
1,
#20640000
0,
#20645000
1,
#20650000
0,
#20655000
1,
#20660000
0,
#20665000
1,
#20670000
0,
#20675000
1,
#20676000
18
b1001000 :
#20680000
0,
#20685000
1,
#20690000
0,
#20695000
1,
#20700000
0,
#20705000
1,
#20710000
0,
#20715000
1,
#20720000
0,
#20725000
1,
#20730000
0,
#20735000
1,
#20740000
0,
#20745000
1,
#20750000
0,
#20755000
1,
#20756000
08
#20760000
0,
#20765000
1,
#20770000
0,
#20775000
1,
#20780000
0,
#20785000
1,
#20790000
0,
#20795000
1,
#20800000
0,
#20805000
1,
#20810000
0,
#20815000
1,
#20820000
0,
#20825000
1,
#20830000
0,
#20835000
1,
#20836000
18
b1001001 :
#20840000
0,
#20845000
1,
#20850000
0,
#20855000
1,
#20860000
0,
#20865000
1,
#20870000
0,
#20875000
1,
#20880000
0,
#20885000
1,
#20890000
0,
#20895000
1,
#20900000
0,
#20905000
1,
#20910000
0,
#20915000
1,
#20916000
08
#20920000
0,
#20925000
1,
#20930000
0,
#20935000
1,
#20940000
0,
#20945000
1,
#20950000
0,
#20955000
1,
#20960000
0,
#20965000
1,
#20970000
0,
#20975000
1,
#20980000
0,
#20985000
1,
#20990000
0,
#20995000
1,
#20996000
18
b1001010 :
#21000000
0,
#21005000
1,
#21010000
0,
#21015000
1,
#21020000
0,
#21025000
1,
#21030000
0,
#21035000
1,
#21040000
0,
#21045000
1,
#21050000
0,
#21055000
1,
#21060000
0,
#21065000
1,
#21070000
0,
#21075000
1,
#21076000
08
#21080000
0,
#21085000
1,
#21090000
0,
#21095000
1,
#21100000
0,
#21105000
1,
#21110000
0,
#21115000
1,
#21120000
0,
#21125000
1,
#21130000
0,
#21135000
1,
#21140000
0,
#21145000
1,
#21150000
0,
#21155000
1,
#21156000
18
b1001011 :
#21160000
0,
#21165000
1,
#21170000
0,
#21175000
1,
#21180000
0,
#21185000
1,
#21190000
0,
#21195000
1,
#21200000
0,
#21205000
1,
#21210000
0,
#21215000
1,
#21220000
0,
#21225000
1,
#21230000
0,
#21235000
1,
#21236000
08
#21240000
0,
#21245000
1,
#21250000
0,
#21255000
1,
#21260000
0,
#21265000
1,
#21270000
0,
#21275000
1,
#21280000
0,
#21285000
1,
#21290000
0,
#21295000
1,
#21300000
0,
#21305000
1,
#21310000
0,
#21315000
1,
#21316000
18
b1001100 :
#21320000
0,
#21325000
1,
#21330000
0,
#21335000
1,
#21340000
0,
#21345000
1,
#21350000
0,
#21355000
1,
#21360000
0,
#21365000
1,
#21370000
0,
#21375000
1,
#21380000
0,
#21385000
1,
#21390000
0,
#21395000
1,
#21396000
08
#21400000
0,
#21405000
1,
#21410000
0,
#21415000
1,
#21420000
0,
#21425000
1,
#21430000
0,
#21435000
1,
#21440000
0,
#21445000
1,
#21450000
0,
#21455000
1,
#21460000
0,
#21465000
1,
#21470000
0,
#21475000
1,
#21476000
18
b1001101 :
#21480000
0,
#21485000
1,
#21490000
0,
#21495000
1,
#21500000
0,
#21505000
1,
#21510000
0,
#21515000
1,
#21520000
0,
#21525000
1,
#21530000
0,
#21535000
1,
#21540000
0,
#21545000
1,
#21550000
0,
#21555000
1,
#21556000
08
#21560000
0,
#21565000
1,
#21570000
0,
#21575000
1,
#21580000
0,
#21585000
1,
#21590000
0,
#21595000
1,
#21600000
0,
#21605000
1,
#21610000
0,
#21615000
1,
#21620000
0,
#21625000
1,
#21630000
0,
#21635000
1,
#21636000
18
b1001110 :
#21640000
0,
#21645000
1,
#21650000
0,
#21655000
1,
#21660000
0,
#21665000
1,
#21670000
0,
#21675000
1,
#21680000
0,
#21685000
1,
#21690000
0,
#21695000
1,
#21700000
0,
#21705000
1,
#21710000
0,
#21715000
1,
#21716000
08
#21720000
0,
#21725000
1,
#21730000
0,
#21735000
1,
#21740000
0,
#21745000
1,
#21750000
0,
#21755000
1,
#21760000
0,
#21765000
1,
#21770000
0,
#21775000
1,
#21780000
0,
#21785000
1,
#21790000
0,
#21795000
1,
#21796000
18
b1001111 :
#21800000
0,
#21805000
1,
#21810000
0,
#21815000
1,
#21820000
0,
#21825000
1,
#21830000
0,
#21835000
1,
#21840000
0,
#21845000
1,
#21850000
0,
#21855000
1,
#21860000
0,
#21865000
1,
#21870000
0,
#21875000
1,
#21876000
08
#21880000
0,
#21885000
1,
#21890000
0,
#21895000
1,
#21900000
0,
#21905000
1,
#21910000
0,
#21915000
1,
#21920000
0,
#21925000
1,
#21930000
0,
#21935000
1,
#21940000
0,
#21945000
1,
#21950000
0,
#21955000
1,
#21956000
18
b1010000 :
#21960000
0,
#21965000
1,
#21970000
0,
#21975000
1,
#21980000
0,
#21985000
1,
#21990000
0,
#21995000
1,
#22000000
0,
#22005000
1,
#22010000
0,
#22015000
1,
#22020000
0,
#22025000
1,
#22030000
0,
#22035000
1,
#22036000
08
#22040000
0,
#22045000
1,
#22050000
0,
#22055000
1,
#22060000
0,
#22065000
1,
#22070000
0,
#22075000
1,
#22080000
0,
#22085000
1,
#22090000
0,
#22095000
1,
#22100000
0,
#22105000
1,
#22110000
0,
#22115000
1,
#22116000
18
b1010001 :
#22120000
0,
#22125000
1,
#22130000
0,
#22135000
1,
#22140000
0,
#22145000
1,
#22150000
0,
#22155000
1,
#22160000
0,
#22165000
1,
#22170000
0,
#22175000
1,
#22180000
0,
#22185000
1,
#22190000
0,
#22195000
1,
#22196000
08
#22200000
0,
#22205000
1,
#22210000
0,
#22215000
1,
#22220000
0,
#22225000
1,
#22230000
0,
#22235000
1,
#22240000
0,
#22245000
1,
#22250000
0,
#22255000
1,
#22260000
0,
#22265000
1,
#22270000
0,
#22275000
1,
#22276000
18
b1010010 :
#22280000
0,
#22285000
1,
#22290000
0,
#22295000
1,
#22300000
0,
#22305000
1,
#22310000
0,
#22315000
1,
#22320000
0,
#22325000
1,
#22330000
0,
#22335000
1,
#22340000
0,
#22345000
1,
#22350000
0,
#22355000
1,
#22356000
08
#22360000
0,
#22365000
1,
#22370000
0,
#22375000
1,
#22380000
0,
#22385000
1,
#22390000
0,
#22395000
1,
#22400000
0,
#22405000
1,
#22410000
0,
#22415000
1,
#22420000
0,
#22425000
1,
#22430000
0,
#22435000
1,
#22436000
18
b1010011 :
#22440000
0,
#22445000
1,
#22450000
0,
#22455000
1,
#22460000
0,
#22465000
1,
#22470000
0,
#22475000
1,
#22480000
0,
#22485000
1,
#22490000
0,
#22495000
1,
#22500000
0,
#22505000
1,
#22510000
0,
#22515000
1,
#22516000
08
#22520000
0,
#22525000
1,
#22530000
0,
#22535000
1,
#22540000
0,
#22545000
1,
#22550000
0,
#22555000
1,
#22560000
0,
#22565000
1,
#22570000
0,
#22575000
1,
#22580000
0,
#22585000
1,
#22590000
0,
#22595000
1,
#22596000
18
b1010100 :
#22600000
0,
#22605000
1,
#22610000
0,
#22615000
1,
#22620000
0,
#22625000
1,
#22630000
0,
#22635000
1,
#22640000
0,
#22645000
1,
#22650000
0,
#22655000
1,
#22660000
0,
#22665000
1,
#22670000
0,
#22675000
1,
#22676000
08
#22680000
0,
#22685000
1,
#22690000
0,
#22695000
1,
#22700000
0,
#22705000
1,
#22710000
0,
#22715000
1,
#22720000
0,
#22725000
1,
#22730000
0,
#22735000
1,
#22740000
0,
#22745000
1,
#22750000
0,
#22755000
1,
#22756000
18
b1010101 :
#22760000
0,
#22765000
1,
#22770000
0,
#22775000
1,
#22780000
0,
#22785000
1,
#22790000
0,
#22795000
1,
#22800000
0,
#22805000
1,
#22810000
0,
#22815000
1,
#22820000
0,
#22825000
1,
#22830000
0,
#22835000
1,
#22836000
08
#22840000
0,
#22845000
1,
#22850000
0,
#22855000
1,
#22860000
0,
#22865000
1,
#22870000
0,
#22875000
1,
#22880000
0,
#22885000
1,
#22890000
0,
#22895000
1,
#22900000
0,
#22905000
1,
#22910000
0,
#22915000
1,
#22916000
18
b1010110 :
#22920000
0,
#22925000
1,
#22930000
0,
#22935000
1,
#22940000
0,
#22945000
1,
#22950000
0,
#22955000
1,
#22960000
0,
#22965000
1,
#22970000
0,
#22975000
1,
#22980000
0,
#22985000
1,
#22990000
0,
#22995000
1,
#22996000
08
#23000000
0,
#23005000
1,
#23010000
0,
#23015000
1,
#23020000
0,
#23025000
1,
#23030000
0,
#23035000
1,
#23040000
0,
#23045000
1,
#23050000
0,
#23055000
1,
#23060000
0,
#23065000
1,
#23070000
0,
#23075000
1,
#23076000
18
b1010111 :
#23080000
0,
#23085000
1,
#23090000
0,
#23095000
1,
#23100000
0,
#23105000
1,
#23110000
0,
#23115000
1,
#23120000
0,
#23125000
1,
#23130000
0,
#23135000
1,
#23140000
0,
#23145000
1,
#23150000
0,
#23155000
1,
#23156000
08
#23160000
0,
#23165000
1,
#23170000
0,
#23175000
1,
#23180000
0,
#23185000
1,
#23190000
0,
#23195000
1,
#23200000
0,
#23205000
1,
#23210000
0,
#23215000
1,
#23220000
0,
#23225000
1,
#23230000
0,
#23235000
1,
#23236000
18
b1011000 :
#23240000
0,
#23245000
1,
#23250000
0,
#23255000
1,
#23260000
0,
#23265000
1,
#23270000
0,
#23275000
1,
#23280000
0,
#23285000
1,
#23290000
0,
#23295000
1,
#23300000
0,
#23305000
1,
#23310000
0,
#23315000
1,
#23316000
08
#23320000
0,
#23325000
1,
#23330000
0,
#23335000
1,
#23340000
0,
#23345000
1,
#23350000
0,
#23355000
1,
#23360000
0,
#23365000
1,
#23370000
0,
#23375000
1,
#23380000
0,
#23385000
1,
#23390000
0,
#23395000
1,
#23396000
18
b1011001 :
#23400000
0,
#23405000
1,
#23410000
0,
#23415000
1,
#23420000
0,
#23425000
1,
#23430000
0,
#23435000
1,
#23440000
0,
#23445000
1,
#23450000
0,
#23455000
1,
#23460000
0,
#23465000
1,
#23470000
0,
#23475000
1,
#23476000
08
#23480000
0,
#23485000
1,
#23490000
0,
#23495000
1,
#23500000
0,
#23505000
1,
#23510000
0,
#23515000
1,
#23520000
0,
#23525000
1,
#23530000
0,
#23535000
1,
#23540000
0,
#23545000
1,
#23550000
0,
#23555000
1,
#23556000
18
b1011010 :
#23560000
0,
#23565000
1,
#23570000
0,
#23575000
1,
#23580000
0,
#23585000
1,
#23590000
0,
#23595000
1,
#23600000
0,
#23605000
1,
#23610000
0,
#23615000
1,
#23620000
0,
#23625000
1,
#23630000
0,
#23635000
1,
#23636000
08
#23640000
0,
#23645000
1,
#23650000
0,
#23655000
1,
#23660000
0,
#23665000
1,
#23670000
0,
#23675000
1,
#23680000
0,
#23685000
1,
#23690000
0,
#23695000
1,
#23700000
0,
#23705000
1,
#23710000
0,
#23715000
1,
#23716000
18
b1011011 :
#23720000
0,
#23725000
1,
#23730000
0,
#23735000
1,
#23740000
0,
#23745000
1,
#23750000
0,
#23755000
1,
#23760000
0,
#23765000
1,
#23770000
0,
#23775000
1,
#23780000
0,
#23785000
1,
#23790000
0,
#23795000
1,
#23796000
08
#23800000
0,
#23805000
1,
#23810000
0,
#23815000
1,
#23820000
0,
#23825000
1,
#23830000
0,
#23835000
1,
#23840000
0,
#23845000
1,
#23850000
0,
#23855000
1,
#23860000
0,
#23865000
1,
#23870000
0,
#23875000
1,
#23876000
18
b1011100 :
#23880000
0,
#23885000
1,
#23890000
0,
#23895000
1,
#23900000
0,
#23905000
1,
#23910000
0,
#23915000
1,
#23920000
0,
#23925000
1,
#23930000
0,
#23935000
1,
#23940000
0,
#23945000
1,
#23950000
0,
#23955000
1,
#23956000
08
#23960000
0,
#23965000
1,
#23970000
0,
#23975000
1,
#23980000
0,
#23985000
1,
#23990000
0,
#23995000
1,
#24000000
0,
#24005000
1,
#24010000
0,
#24015000
1,
#24020000
0,
#24025000
1,
#24030000
0,
#24035000
1,
#24036000
18
b1011101 :
#24040000
0,
#24045000
1,
#24050000
0,
#24055000
1,
#24060000
0,
#24065000
1,
#24070000
0,
#24075000
1,
#24080000
0,
#24085000
1,
#24090000
0,
#24095000
1,
#24100000
0,
#24105000
1,
#24110000
0,
#24115000
1,
#24116000
08
#24120000
0,
#24125000
1,
#24130000
0,
#24135000
1,
#24140000
0,
#24145000
1,
#24150000
0,
#24155000
1,
#24160000
0,
#24165000
1,
#24170000
0,
#24175000
1,
#24180000
0,
#24185000
1,
#24190000
0,
#24195000
1,
#24196000
18
b1011110 :
#24200000
0,
#24205000
1,
#24210000
0,
#24215000
1,
#24220000
0,
#24225000
1,
#24230000
0,
#24235000
1,
#24240000
0,
#24245000
1,
#24250000
0,
#24255000
1,
#24260000
0,
#24265000
1,
#24270000
0,
#24275000
1,
#24276000
08
#24280000
0,
#24285000
1,
#24290000
0,
#24295000
1,
#24300000
0,
#24305000
1,
#24310000
0,
#24315000
1,
#24320000
0,
#24325000
1,
#24330000
0,
#24335000
1,
#24340000
0,
#24345000
1,
#24350000
0,
#24355000
1,
#24356000
18
b1011111 :
#24360000
0,
#24365000
1,
#24370000
0,
#24375000
1,
#24380000
0,
#24385000
1,
#24390000
0,
#24395000
1,
#24400000
0,
#24405000
1,
#24410000
0,
#24415000
1,
#24420000
0,
#24425000
1,
#24430000
0,
#24435000
1,
#24436000
08
#24440000
0,
#24445000
1,
#24450000
0,
#24455000
1,
#24460000
0,
#24465000
1,
#24470000
0,
#24475000
1,
#24480000
0,
#24485000
1,
#24490000
0,
#24495000
1,
#24500000
0,
#24505000
1,
#24510000
0,
#24515000
1,
#24516000
18
b1100000 :
#24520000
0,
#24525000
1,
#24530000
0,
#24535000
1,
#24540000
0,
#24545000
1,
#24550000
0,
#24555000
1,
#24560000
0,
#24565000
1,
#24570000
0,
#24575000
1,
#24580000
0,
#24585000
1,
#24590000
0,
#24595000
1,
#24596000
08
#24600000
0,
#24605000
1,
#24610000
0,
#24615000
1,
#24620000
0,
#24625000
1,
#24630000
0,
#24635000
1,
#24640000
0,
#24645000
1,
#24650000
0,
#24655000
1,
#24660000
0,
#24665000
1,
#24670000
0,
#24675000
1,
#24676000
18
b1100001 :
#24680000
0,
#24685000
1,
#24690000
0,
#24695000
1,
#24700000
0,
#24705000
1,
#24710000
0,
#24715000
1,
#24720000
0,
#24725000
1,
#24730000
0,
#24735000
1,
#24740000
0,
#24745000
1,
#24750000
0,
#24755000
1,
#24756000
08
#24760000
0,
#24765000
1,
#24770000
0,
#24775000
1,
#24780000
0,
#24785000
1,
#24790000
0,
#24795000
1,
#24800000
0,
#24805000
1,
#24810000
0,
#24815000
1,
#24820000
0,
#24825000
1,
#24830000
0,
#24835000
1,
#24836000
18
b1100010 :
#24840000
0,
#24845000
1,
#24850000
0,
#24855000
1,
#24860000
0,
#24865000
1,
#24870000
0,
#24875000
1,
#24880000
0,
#24885000
1,
#24890000
0,
#24895000
1,
#24900000
0,
#24905000
1,
#24910000
0,
#24915000
1,
#24916000
08
#24920000
0,
#24925000
1,
#24930000
0,
#24935000
1,
#24940000
0,
#24945000
1,
#24950000
0,
#24955000
1,
#24960000
0,
#24965000
1,
#24970000
0,
#24975000
1,
#24980000
0,
#24985000
1,
#24990000
0,
#24995000
1,
#24996000
18
b1100011 :
#25000000
0,
#25005000
1,
#25010000
0,
#25015000
1,
#25020000
0,
#25025000
1,
#25030000
0,
#25035000
1,
#25040000
0,
#25045000
1,
#25050000
0,
#25055000
1,
#25060000
0,
#25065000
1,
#25070000
0,
#25075000
1,
#25076000
08
#25080000
0,
#25085000
1,
#25090000
0,
#25095000
1,
#25100000
0,
#25105000
1,
#25110000
0,
#25115000
1,
#25120000
0,
#25125000
1,
#25130000
0,
#25135000
1,
#25140000
0,
#25145000
1,
#25150000
0,
#25155000
1,
#25156000
18
b1100100 :
#25160000
0,
#25165000
1,
#25170000
0,
#25175000
1,
#25180000
0,
#25185000
1,
#25190000
0,
#25195000
1,
#25200000
0,
#25205000
1,
#25210000
0,
#25215000
1,
#25220000
0,
#25225000
1,
#25230000
0,
#25235000
1,
#25236000
08
#25240000
0,
#25245000
1,
#25250000
0,
#25255000
1,
#25260000
0,
#25265000
1,
#25270000
0,
#25275000
1,
#25280000
0,
#25285000
1,
#25290000
0,
#25295000
1,
#25300000
0,
#25305000
1,
#25310000
0,
#25315000
1,
#25316000
18
b1100101 :
#25320000
0,
#25325000
1,
#25330000
0,
#25335000
1,
#25340000
0,
#25345000
1,
#25350000
0,
#25355000
1,
#25360000
0,
#25365000
1,
#25370000
0,
#25375000
1,
#25380000
0,
#25385000
1,
#25390000
0,
#25395000
1,
#25396000
08
#25400000
0,
#25405000
1,
#25410000
0,
#25415000
1,
#25420000
0,
#25425000
1,
#25430000
0,
#25435000
1,
#25440000
0,
#25445000
1,
#25450000
0,
#25455000
1,
#25460000
0,
#25465000
1,
#25470000
0,
#25475000
1,
#25476000
18
b1100110 :
#25480000
0,
#25485000
1,
#25490000
0,
#25495000
1,
#25500000
0,
#25505000
1,
#25510000
0,
#25515000
1,
#25520000
0,
#25525000
1,
#25530000
0,
#25535000
1,
#25540000
0,
#25545000
1,
#25550000
0,
#25555000
1,
#25556000
08
#25560000
0,
#25565000
1,
#25570000
0,
#25575000
1,
#25580000
0,
#25585000
1,
#25590000
0,
#25595000
1,
#25600000
0,
#25605000
1,
#25610000
0,
#25615000
1,
#25620000
0,
#25625000
1,
#25630000
0,
#25635000
1,
#25636000
18
b1100111 :
#25640000
0,
#25645000
1,
#25650000
0,
#25655000
1,
#25660000
0,
#25665000
1,
#25670000
0,
#25675000
1,
#25680000
0,
#25685000
1,
#25690000
0,
#25695000
1,
#25700000
0,
#25705000
1,
#25710000
0,
#25715000
1,
#25716000
08
#25720000
0,
#25725000
1,
#25730000
0,
#25735000
1,
#25740000
0,
#25745000
1,
#25750000
0,
#25755000
1,
#25760000
0,
#25765000
1,
#25770000
0,
#25775000
1,
#25780000
0,
#25785000
1,
#25790000
0,
#25795000
1,
#25796000
18
b1101000 :
#25800000
0,
#25805000
1,
#25810000
0,
#25815000
1,
#25820000
0,
#25825000
1,
#25830000
0,
#25835000
1,
#25840000
0,
#25845000
1,
#25850000
0,
#25855000
1,
#25860000
0,
#25865000
1,
#25870000
0,
#25875000
1,
#25876000
08
#25880000
0,
#25885000
1,
#25890000
0,
#25895000
1,
#25900000
0,
#25905000
1,
#25910000
0,
#25915000
1,
#25920000
0,
#25925000
1,
#25930000
0,
#25935000
1,
#25940000
0,
#25945000
1,
#25950000
0,
#25955000
1,
#25956000
18
b1101001 :
#25960000
0,
#25965000
1,
#25970000
0,
#25975000
1,
#25980000
0,
#25985000
1,
#25990000
0,
#25995000
1,
#26000000
0,
#26005000
1,
#26010000
0,
#26015000
1,
#26020000
0,
#26025000
1,
#26030000
0,
#26035000
1,
#26036000
08
#26040000
0,
#26045000
1,
#26050000
0,
#26055000
1,
#26060000
0,
#26065000
1,
#26070000
0,
#26075000
1,
#26080000
0,
#26085000
1,
#26090000
0,
#26095000
1,
#26100000
0,
#26105000
1,
#26110000
0,
#26115000
1,
#26116000
18
b1101010 :
#26120000
0,
#26125000
1,
#26130000
0,
#26135000
1,
#26140000
0,
#26145000
1,
#26150000
0,
#26155000
1,
#26160000
0,
#26165000
1,
#26170000
0,
#26175000
1,
#26180000
0,
#26185000
1,
#26190000
0,
#26195000
1,
#26196000
08
#26200000
0,
#26205000
1,
#26210000
0,
#26215000
1,
#26220000
0,
#26225000
1,
#26230000
0,
#26235000
1,
#26240000
0,
#26245000
1,
#26250000
0,
#26255000
1,
#26260000
0,
#26265000
1,
#26270000
0,
#26275000
1,
#26276000
18
b1101011 :
#26280000
0,
#26285000
1,
#26290000
0,
#26295000
1,
#26300000
0,
#26305000
1,
#26310000
0,
#26315000
1,
#26320000
0,
#26325000
1,
#26330000
0,
#26335000
1,
#26340000
0,
#26345000
1,
#26350000
0,
#26355000
1,
#26356000
08
#26360000
0,
#26365000
1,
#26370000
0,
#26375000
1,
#26380000
0,
#26385000
1,
#26390000
0,
#26395000
1,
#26400000
0,
#26405000
1,
#26410000
0,
#26415000
1,
#26420000
0,
#26425000
1,
#26430000
0,
#26435000
1,
#26436000
18
b1101100 :
#26440000
0,
#26445000
1,
#26450000
0,
#26455000
1,
#26460000
0,
#26465000
1,
#26470000
0,
#26475000
1,
#26480000
0,
#26485000
1,
#26490000
0,
#26495000
1,
#26500000
0,
#26505000
1,
#26510000
0,
#26515000
1,
#26516000
08
#26520000
0,
#26525000
1,
#26530000
0,
#26535000
1,
#26540000
0,
#26545000
1,
#26550000
0,
#26555000
1,
#26560000
0,
#26565000
1,
#26570000
0,
#26575000
1,
#26580000
0,
#26585000
1,
#26590000
0,
#26595000
1,
#26596000
18
b1101101 :
#26600000
0,
#26605000
1,
#26610000
0,
#26615000
1,
#26620000
0,
#26625000
1,
#26630000
0,
#26635000
1,
#26640000
0,
#26645000
1,
#26650000
0,
#26655000
1,
#26660000
0,
#26665000
1,
#26670000
0,
#26675000
1,
#26676000
08
#26680000
0,
#26685000
1,
#26690000
0,
#26695000
1,
#26700000
0,
#26705000
1,
#26710000
0,
#26715000
1,
#26720000
0,
#26725000
1,
#26730000
0,
#26735000
1,
#26740000
0,
#26745000
1,
#26750000
0,
#26755000
1,
#26756000
b10000000000000000000000000000000000000000000000000000001000000111111111111111111111111111111111111111111111111 .
b1101110 :
#26760000
0,
#26765000
1,
#26770000
0,
#26775000
1,
#26780000
0,
#26785000
1,
#26790000
0,
#26795000
1,
#26800000
0,
#26805000
1,
#26810000
0,
#26815000
1,
#26820000
0,
#26825000
1,
#26830000
0,
#26835000
1,
#26836000
18
#26840000
0,
#26845000
1,
#26850000
0,
#26855000
1,
#26860000
0,
#26865000
1,
#26870000
0,
#26875000
1,
#26880000
0,
#26885000
1,
#26890000
0,
#26895000
1,
#26900000
0,
#26905000
1,
#26910000
0,
#26915000
1,
#26916000
b1101111 :
#26920000
0,
#26925000
1,
#26930000
0,
#26935000
1,
#26940000
0,
#26945000
1,
#26950000
0,
#26955000
1,
#26960000
0,
#26965000
1,
#26970000
0,
#26975000
1,
#26980000
0,
#26985000
1,
#26990000
0,
#26995000
1,
#26996000
08
#27000000
0,
#27005000
1,
#27010000
0,
#27015000
1,
#27020000
0,
#27025000
1,
#27030000
0,
#27035000
1,
#27040000
0,
#27045000
1,
#27050000
0,
#27055000
1,
#27060000
0,
#27065000
1,
#27070000
0,
#27075000
1,
#27076000
18
b1110000 :
#27080000
0,
#27085000
1,
#27090000
0,
#27095000
1,
#27100000
0,
#27105000
1,
#27110000
0,
#27115000
1,
#27120000
0,
#27125000
1,
#27130000
0,
#27135000
1,
#27140000
0,
#27145000
1,
#27150000
0,
#27155000
1,
#27156000
08
#27160000
0,
#27165000
1,
#27170000
0,
#27175000
1,
#27180000
0,
#27185000
1,
#27190000
0,
#27195000
1,
#27200000
0,
#27205000
1,
#27210000
0,
#27215000
1,
#27220000
0,
#27225000
1,
#27230000
0,
#27235000
1,
#27240000
0,
#27245000
1,
#27246000
12
b100000 0
b100000 ;
17
b100000 6
b100000 =
b10001001000100011001101000100 4
b10001001000100011001101000100 <
#27250000
0,
#27255000
0!
1#
b100000 K
b10001001000100011001101000100 L
1&
b11111 H
b100000 G
1,
#27256000
18
b1110001 :
02
07
#27260000
0,
#27265000
1,
#27270000
0,
#27275000
1,
#27280000
0,
#27285000
1,
#27290000
0,
#27295000
1,
#27300000
0,
#27305000
1,
#27310000
0,
#27315000
1,
#27320000
0,
#27325000
1,
#27330000
0,
#27335000
1,
#27336000
08
#27340000
0,
#27345000
1,
#27350000
0,
#27355000
1,
#27360000
0,
#27365000
1,
#27370000
0,
#27375000
1,
#27380000
0,
#27385000
1,
#27390000
0,
#27395000
1,
#27400000
0,
#27405000
1,
#27410000
0,
#27415000
1,
#27416000
1*
#27420000
0,
#27425000
b11110 >
b11110 H
b1 D
b1 J
1,
#27426000
18
b1110010 :
0*
#27430000
0,
#27435000
1,
#27440000
0,
#27445000
1,
#27450000
0,
#27455000
1,
#27460000
0,
#27465000
1,
#27470000
0,
#27475000
1,
#27480000
0,
#27485000
1,
#27490000
0,
#27495000
1,
#27500000
0,
#27505000
1,
#27506000
08
#27510000
0,
#27515000
1,
#27520000
0,
#27525000
1,
#27530000
0,
#27535000
1,
#27540000
0,
#27545000
1,
#27550000
0,
#27555000
1,
#27560000
0,
#27565000
1,
#27570000
0,
#27575000
1,
#27580000
0,
#27585000
1,
#27586000
1*
#27590000
0,
#27595000
b11101 >
b10 J
b11101 H
b10 D
1,
#27596000
18
b1110011 :
0*
#27600000
0,
#27605000
1,
#27610000
0,
#27615000
1,
#27620000
0,
#27625000
1,
#27630000
0,
#27635000
1,
#27640000
0,
#27645000
1,
#27650000
0,
#27655000
1,
#27660000
0,
#27665000
1,
#27670000
0,
#27675000
1,
#27676000
08
#27680000
0,
#27685000
1,
#27690000
0,
#27695000
1,
#27700000
0,
#27705000
1,
#27710000
0,
#27715000
1,
#27720000
0,
#27725000
1,
#27730000
0,
#27735000
1,
#27740000
0,
#27745000
1,
#27750000
0,
#27755000
1,
#27756000
1*
#27760000
0,
#27765000
1!
b11100 >
b11100 H
b11 D
b11 J
1,
#27766000
b10000010000000000000000000000000000000000000000000000000000001000000111111111111111111111111111111111111111111111111 .
b1110100 :
11
0*
#27770000
0,
#27775000
1,
#27780000
0,
#27785000
1,
#27790000
0,
#27795000
1,
#27800000
0,
#27805000
1,
#27810000
0,
#27815000
1,
#27820000
0,
#27825000
1,
#27830000
0,
#27835000
1,
#27840000
0,
#27845000
1,
#27846000
18
#27850000
0,
#27855000
1,
#27860000
0,
#27865000
1,
#27870000
0,
#27875000
1,
#27880000
0,
#27885000
1,
#27890000
0,
#27895000
1,
#27900000
0,
#27905000
1,
#27910000
0,
#27915000
1,
#27920000
0,
#27925000
1,
#27926000
1*
#27930000
0,
#27935000
0!
b11011 >
b100 J
b11011 H
b100 D
b10000000000000000000000000000 I
1,
#27936000
b1110101 :
01
0*
#27940000
0,
#27945000
1,
#27950000
0,
#27955000
1,
#27960000
0,
#27965000
1,
#27970000
0,
#27975000
1,
#27980000
0,
#27985000
1,
#27990000
0,
#27995000
1,
#28000000
0,
#28005000
1,
#28010000
0,
#28015000
1,
#28016000
08
#28020000
0,
#28025000
1,
#28030000
0,
#28035000
1,
#28040000
0,
#28045000
1,
#28050000
0,
#28055000
1,
#28060000
0,
#28065000
1,
#28070000
0,
#28075000
1,
#28080000
0,
#28085000
1,
#28090000
0,
#28095000
1,
#28096000
1*
#28100000
0,
#28105000
b11010 >
b11010 H
b101 D
b101 J
1,
#28106000
18
b1110110 :
0*
#28110000
0,
#28115000
1,
#28120000
0,
#28125000
1,
#28130000
0,
#28135000
1,
#28140000
0,
#28145000
1,
#28150000
0,
#28155000
1,
#28160000
0,
#28165000
1,
#28170000
0,
#28175000
1,
#28180000
0,
#28185000
1,
#28186000
08
#28190000
0,
#28195000
1,
#28200000
0,
#28205000
1,
#28210000
0,
#28215000
1,
#28220000
0,
#28225000
1,
#28230000
0,
#28235000
1,
#28240000
0,
#28245000
1,
#28250000
0,
#28255000
1,
#28260000
0,
#28265000
1,
#28266000
1*
#28270000
0,
#28275000
b11001 >
b110 J
b11001 H
b110 D
1,
#28276000
18
b1110111 :
0*
#28280000
0,
#28285000
1,
#28290000
0,
#28295000
1,
#28300000
0,
#28305000
1,
#28310000
0,
#28315000
1,
#28320000
0,
#28325000
1,
#28330000
0,
#28335000
1,
#28340000
0,
#28345000
1,
#28350000
0,
#28355000
1,
#28356000
08
#28360000
0,
#28365000
1,
#28370000
0,
#28375000
1,
#28380000
0,
#28385000
1,
#28390000
0,
#28395000
1,
#28400000
0,
#28405000
1,
#28410000
0,
#28415000
1,
#28420000
0,
#28425000
1,
#28430000
0,
#28435000
1,
#28436000
1*
#28440000
0,
#28445000
1!
b11000 >
b11000 H
b111 D
b111 J
1,
#28446000
b100010000010000000000000000000000000000000000000000000000000000001000000111111111111111111111111111111111111111111111111 .
b1111000 :
11
0*
#28450000
0,
#28455000
1,
#28460000
0,
#28465000
1,
#28470000
0,
#28475000
1,
#28480000
0,
#28485000
1,
#28490000
0,
#28495000
1,
#28500000
0,
#28505000
1,
#28510000
0,
#28515000
1,
#28520000
0,
#28525000
1,
#28526000
18
#28530000
0,
#28535000
1,
#28540000
0,
#28545000
1,
#28550000
0,
#28555000
1,
#28560000
0,
#28565000
1,
#28570000
0,
#28575000
1,
#28580000
0,
#28585000
1,
#28590000
0,
#28595000
1,
#28600000
0,
#28605000
1,
#28606000
1*
#28610000
0,
#28615000
0!
b10111 >
b1000 J
b10111 H
b1000 D
b10001000000000000000000000000 I
1,
#28616000
b1111001 :
01
0*
#28620000
0,
#28625000
1,
#28630000
0,
#28635000
1,
#28640000
0,
#28645000
1,
#28650000
0,
#28655000
1,
#28660000
0,
#28665000
1,
#28670000
0,
#28675000
1,
#28680000
0,
#28685000
1,
#28690000
0,
#28695000
1,
#28696000
08
#28700000
0,
#28705000
1,
#28710000
0,
#28715000
1,
#28720000
0,
#28725000
1,
#28730000
0,
#28735000
1,
#28740000
0,
#28745000
1,
#28750000
0,
#28755000
1,
#28760000
0,
#28765000
1,
#28770000
0,
#28775000
1,
#28776000
1*
#28780000
0,
#28785000
b10110 >
b10110 H
b1001 D
b1001 J
1,
#28786000
18
b1111010 :
0*
#28790000
0,
#28795000
1,
#28800000
0,
#28805000
1,
#28810000
0,
#28815000
1,
#28820000
0,
#28825000
1,
#28830000
0,
#28835000
1,
#28840000
0,
#28845000
1,
#28850000
0,
#28855000
1,
#28860000
0,
#28865000
1,
#28866000
08
#28870000
0,
#28875000
1,
#28880000
0,
#28885000
1,
#28890000
0,
#28895000
1,
#28900000
0,
#28905000
1,
#28910000
0,
#28915000
1,
#28920000
0,
#28925000
1,
#28930000
0,
#28935000
1,
#28940000
0,
#28945000
1,
#28946000
1*
#28950000
0,
#28955000
1!
b10101 >
b1010 J
b10101 H
b1010 D
1,
#28956000
b100100010000010000000000000000000000000000000000000000000000000000001000000111111111111111111111111111111111111111111111111 .
b1111011 :
11
0*
#28960000
0,
#28965000
1,
#28970000
0,
#28975000
1,
#28980000
0,
#28985000
1,
#28990000
0,
#28995000
1,
#29000000
0,
#29005000
1,
#29010000
0,
#29015000
1,
#29020000
0,
#29025000
1,
#29030000
0,
#29035000
1,
#29036000
18
#29040000
0,
#29045000
1,
#29050000
0,
#29055000
1,
#29060000
0,
#29065000
1,
#29070000
0,
#29075000
1,
#29080000
0,
#29085000
1,
#29090000
0,
#29095000
1,
#29100000
0,
#29105000
1,
#29110000
0,
#29115000
1,
#29116000
1*
#29120000
0,
#29125000
0!
b10100 >
b10100 H
b1011 D
b10001001000000000000000000000 I
b1011 J
1,
#29126000
b1111100 :
01
0*
#29130000
0,
#29135000
1,
#29140000
0,
#29145000
1,
#29150000
0,
#29155000
1,
#29160000
0,
#29165000
1,
#29170000
0,
#29175000
1,
#29180000
0,
#29185000
1,
#29190000
0,
#29195000
1,
#29200000
0,
#29205000
1,
#29206000
08
#29210000
0,
#29215000
1,
#29220000
0,
#29225000
1,
#29230000
0,
#29235000
1,
#29240000
0,
#29245000
1,
#29250000
0,
#29255000
1,
#29260000
0,
#29265000
1,
#29270000
0,
#29275000
1,
#29280000
0,
#29285000
1,
#29286000
1*
#29290000
0,
#29295000
b10011 >
b1100 J
b10011 H
b1100 D
1,
#29296000
18
b1111101 :
0*
#29300000
0,
#29305000
1,
#29310000
0,
#29315000
1,
#29320000
0,
#29325000
1,
#29330000
0,
#29335000
1,
#29340000
0,
#29345000
1,
#29350000
0,
#29355000
1,
#29360000
0,
#29365000
1,
#29370000
0,
#29375000
1,
#29376000
08
#29380000
0,
#29385000
1,
#29390000
0,
#29395000
1,
#29400000
0,
#29405000
1,
#29410000
0,
#29415000
1,
#29420000
0,
#29425000
1,
#29430000
0,
#29435000
1,
#29440000
0,
#29445000
1,
#29450000
0,
#29455000
1,
#29456000
1*
#29460000
0,
#29465000
b10010 >
b10010 H
b1101 D
b1101 J
1,
#29466000
18
b1111110 :
0*
#29470000
0,
#29475000
1,
#29480000
0,
#29485000
1,
#29490000
0,
#29495000
1,
#29500000
0,
#29505000
1,
#29510000
0,
#29515000
1,
#29520000
0,
#29525000
1,
#29530000
0,
#29535000
1,
#29540000
0,
#29545000
1,
#29546000
08
#29550000
0,
#29555000
1,
#29560000
0,
#29565000
1,
#29570000
0,
#29575000
1,
#29580000
0,
#29585000
1,
#29590000
0,
#29595000
1,
#29600000
0,
#29605000
1,
#29610000
0,
#29615000
1,
#29620000
0,
#29625000
1,
#29626000
1*
#29630000
0,
#29635000
1!
b10001 >
b1110 J
b10001 H
b1110 D
1,
#29636000
b1000100100010000010000000000000000000000000000000000000000000000000000001000000111111111111111111111111111111111111111111111111 .
b1111111 :
11
0*
#29640000
0,
#29645000
1,
#29650000
0,
#29655000
1,
#29660000
0,
#29665000
1,
#29670000
0,
#29675000
1,
#29680000
0,
#29685000
1,
#29690000
0,
#29695000
1,
#29700000
0,
#29705000
1,
#29710000
0,
#29715000
1,
#29716000
18
#29720000
0,
#29725000
1,
#29730000
0,
#29735000
1,
#29740000
0,
#29745000
1,
#29750000
0,
#29755000
1,
#29760000
0,
#29765000
1,
#29770000
0,
#29775000
1,
#29780000
0,
#29785000
1,
#29790000
0,
#29795000
1,
#29796000
1*
#29800000
0,
#29805000
0!
b10000 >
b10000 H
b1111 D
b10001001000100000000000000000 I
b1111 J
1,
#29806000
b10000000 :
01
0*
#29810000
0,
#29815000
1,
#29820000
0,
#29825000
1,
#29830000
0,
#29835000
1,
#29840000
0,
#29845000
1,
#29850000
0,
#29855000
1,
#29860000
0,
#29865000
1,
#29870000
0,
#29875000
1,
#29880000
0,
#29885000
1,
#29886000
08
#29890000
0,
#29895000
1,
#29900000
0,
#29905000
1,
#29910000
0,
#29915000
1,
#29920000
0,
#29925000
1,
#29930000
0,
#29935000
1,
#29940000
0,
#29945000
1,
#29950000
0,
#29955000
1,
#29960000
0,
#29965000
1,
#29966000
1*
#29970000
0,
#29975000
b1111 >
b10000 J
b1111 H
b10000 D
1,
#29976000
18
b10000001 :
0*
#29980000
0,
#29985000
1,
#29990000
0,
#29995000
1,
#30000000
0,
#30005000
1,
#30010000
0,
#30015000
1,
#30020000
0,
#30025000
1,
#30030000
0,
#30035000
1,
#30040000
0,
#30045000
1,
#30050000
0,
#30055000
1,
#30056000
08
#30060000
0,
#30065000
1,
#30070000
0,
#30075000
1,
#30080000
0,
#30085000
1,
#30090000
0,
#30095000
1,
#30100000
0,
#30105000
1,
#30110000
0,
#30115000
1,
#30120000
0,
#30125000
1,
#30130000
0,
#30135000
1,
#30136000
1*
#30140000
0,
#30145000
b1110 >
b1110 H
b10001 D
b10001 J
1,
#30146000
18
b10000010 :
0*
#30150000
0,
#30155000
1,
#30160000
0,
#30165000
1,
#30170000
0,
#30175000
1,
#30180000
0,
#30185000
1,
#30190000
0,
#30195000
1,
#30200000
0,
#30205000
1,
#30210000
0,
#30215000
1,
#30220000
0,
#30225000
1,
#30226000
08
#30230000
0,
#30235000
1,
#30240000
0,
#30245000
1,
#30250000
0,
#30255000
1,
#30260000
0,
#30265000
1,
#30270000
0,
#30275000
1,
#30280000
0,
#30285000
1,
#30290000
0,
#30295000
1,
#30300000
0,
#30305000
1,
#30306000
1*
#30310000
0,
#30315000
1!
b1101 >
b10010 J
b1101 H
b10010 D
1,
#30316000
b10000011 :
11
0*
#30320000
0,
#30325000
1,
#30330000
0,
#30335000
1,
#30340000
0,
#30345000
1,
#30350000
0,
#30355000
1,
#30360000
0,
#30365000
1,
#30370000
0,
#30375000
1,
#30380000
0,
#30385000
1,
#30390000
0,
#30395000
1,
#30396000
18
#30400000
0,
#30405000
1,
#30410000
0,
#30415000
1,
#30420000
0,
#30425000
1,
#30430000
0,
#30435000
1,
#30440000
0,
#30445000
1,
#30450000
0,
#30455000
1,
#30460000
0,
#30465000
1,
#30470000
0,
#30475000
1,
#30476000
1*
#30480000
0,
#30485000
b1100 >
b1100 H
b10011 D
b10001001000100010000000000000 I
b10011 J
1,
#30486000
08
b10000100 :
0*
#30490000
0,
#30495000
1,
#30500000
0,
#30505000
1,
#30510000
0,
#30515000
1,
#30520000
0,
#30525000
1,
#30530000
0,
#30535000
1,
#30540000
0,
#30545000
1,
#30550000
0,
#30555000
1,
#30560000
0,
#30565000
1,
#30566000
18
#30570000
0,
#30575000
1,
#30580000
0,
#30585000
1,
#30590000
0,
#30595000
1,
#30600000
0,
#30605000
1,
#30610000
0,
#30615000
1,
#30620000
0,
#30625000
1,
#30630000
0,
#30635000
1,
#30640000
0,
#30645000
1,
#30646000
1*
#30650000
0,
#30655000
0!
b1011 >
b10100 J
b1011 H
b10100 D
b10001001000100011000000000000 I
1,
#30656000
b10000101 :
01
0*
#30660000
0,
#30665000
1,
#30670000
0,
#30675000
1,
#30680000
0,
#30685000
1,
#30690000
0,
#30695000
1,
#30700000
0,
#30705000
1,
#30710000
0,
#30715000
1,
#30720000
0,
#30725000
1,
#30730000
0,
#30735000
1,
#30736000
08
#30740000
0,
#30745000
1,
#30750000
0,
#30755000
1,
#30760000
0,
#30765000
1,
#30770000
0,
#30775000
1,
#30780000
0,
#30785000
1,
#30790000
0,
#30795000
1,
#30800000
0,
#30805000
1,
#30810000
0,
#30815000
1,
#30816000
1*
#30820000
0,
#30825000
b1010 >
b1010 H
b10101 D
b10101 J
1,
#30826000
18
b10000110 :
0*
#30830000
0,
#30835000
1,
#30840000
0,
#30845000
1,
#30850000
0,
#30855000
1,
#30860000
0,
#30865000
1,
#30870000
0,
#30875000
1,
#30880000
0,
#30885000
1,
#30890000
0,
#30895000
1,
#30900000
0,
#30905000
1,
#30906000
08
#30910000
0,
#30915000
1,
#30920000
0,
#30925000
1,
#30930000
0,
#30935000
1,
#30940000
0,
#30945000
1,
#30950000
0,
#30955000
1,
#30960000
0,
#30965000
1,
#30970000
0,
#30975000
1,
#30980000
0,
#30985000
1,
#30986000
1*
#30990000
0,
#30995000
1!
b1001 >
b10110 J
b1001 H
b10110 D
1,
#30996000
b10000111 :
11
0*
#31000000
0,
#31005000
1,
#31010000
0,
#31015000
1,
#31020000
0,
#31025000
1,
#31030000
0,
#31035000
1,
#31040000
0,
#31045000
1,
#31050000
0,
#31055000
1,
#31060000
0,
#31065000
1,
#31070000
0,
#31075000
1,
#31076000
18
#31080000
0,
#31085000
1,
#31090000
0,
#31095000
1,
#31100000
0,
#31105000
1,
#31110000
0,
#31115000
1,
#31120000
0,
#31125000
1,
#31130000
0,
#31135000
1,
#31140000
0,
#31145000
1,
#31150000
0,
#31155000
1,
#31156000
1*
#31160000
0,
#31165000
b1000 >
b1000 H
b10111 D
b10001001000100011001000000000 I
b10111 J
1,
#31166000
08
b10001000 :
0*
#31170000
0,
#31175000
1,
#31180000
0,
#31185000
1,
#31190000
0,
#31195000
1,
#31200000
0,
#31205000
1,
#31210000
0,
#31215000
1,
#31220000
0,
#31225000
1,
#31230000
0,
#31235000
1,
#31240000
0,
#31245000
1,
#31246000
18
#31250000
0,
#31255000
1,
#31260000
0,
#31265000
1,
#31270000
0,
#31275000
1,
#31280000
0,
#31285000
1,
#31290000
0,
#31295000
1,
#31300000
0,
#31305000
1,
#31310000
0,
#31315000
1,
#31320000
0,
#31325000
1,
#31326000
1*
#31330000
0,
#31335000
0!
b111 >
b11000 J
b111 H
b11000 D
b10001001000100011001100000000 I
1,
#31336000
b10001001 :
01
0*
#31340000
0,
#31345000
1,
#31350000
0,
#31355000
1,
#31360000
0,
#31365000
1,
#31370000
0,
#31375000
1,
#31380000
0,
#31385000
1,
#31390000
0,
#31395000
1,
#31400000
0,
#31405000
1,
#31410000
0,
#31415000
1,
#31416000
08
#31420000
0,
#31425000
1,
#31430000
0,
#31435000
1,
#31440000
0,
#31445000
1,
#31450000
0,
#31455000
1,
#31460000
0,
#31465000
1,
#31470000
0,
#31475000
1,
#31480000
0,
#31485000
1,
#31490000
0,
#31495000
1,
#31496000
1*
#31500000
0,
#31505000
1!
b110 >
b110 H
b11001 D
b11001 J
1,
#31506000
b10001010 :
11
0*
#31510000
0,
#31515000
1,
#31520000
0,
#31525000
1,
#31530000
0,
#31535000
1,
#31540000
0,
#31545000
1,
#31550000
0,
#31555000
1,
#31560000
0,
#31565000
1,
#31570000
0,
#31575000
1,
#31580000
0,
#31585000
1,
#31586000
18
#31590000
0,
#31595000
1,
#31600000
0,
#31605000
1,
#31610000
0,
#31615000
1,
#31620000
0,
#31625000
1,
#31630000
0,
#31635000
1,
#31640000
0,
#31645000
1,
#31650000
0,
#31655000
1,
#31660000
0,
#31665000
1,
#31666000
1*
#31670000
0,
#31675000
0!
b101 >
b11010 J
b101 H
b11010 D
b10001001000100011001101000000 I
1,
#31676000
b10001011 :
01
0*
#31680000
0,
#31685000
1,
#31690000
0,
#31695000
1,
#31700000
0,
#31705000
1,
#31710000
0,
#31715000
1,
#31720000
0,
#31725000
1,
#31730000
0,
#31735000
1,
#31740000
0,
#31745000
1,
#31750000
0,
#31755000
1,
#31756000
08
#31760000
0,
#31765000
1,
#31770000
0,
#31775000
1,
#31780000
0,
#31785000
1,
#31790000
0,
#31795000
1,
#31800000
0,
#31805000
1,
#31810000
0,
#31815000
1,
#31820000
0,
#31825000
1,
#31830000
0,
#31835000
1,
#31836000
1*
#31840000
0,
#31845000
b100 >
b100 H
b11011 D
b11011 J
1,
#31846000
18
b10001100 :
0*
#31850000
0,
#31855000
1,
#31860000
0,
#31865000
1,
#31870000
0,
#31875000
1,
#31880000
0,
#31885000
1,
#31890000
0,
#31895000
1,
#31900000
0,
#31905000
1,
#31910000
0,
#31915000
1,
#31920000
0,
#31925000
1,
#31926000
08
#31930000
0,
#31935000
1,
#31940000
0,
#31945000
1,
#31950000
0,
#31955000
1,
#31960000
0,
#31965000
1,
#31970000
0,
#31975000
1,
#31980000
0,
#31985000
1,
#31990000
0,
#31995000
1,
#32000000
0,
#32005000
1,
#32006000
1*
#32010000
0,
#32015000
b11 >
b11100 J
b11 H
b11100 D
1,
#32016000
18
b10001101 :
0*
#32020000
0,
#32025000
1,
#32030000
0,
#32035000
1,
#32040000
0,
#32045000
1,
#32050000
0,
#32055000
1,
#32060000
0,
#32065000
1,
#32070000
0,
#32075000
1,
#32080000
0,
#32085000
1,
#32090000
0,
#32095000
1,
#32096000
08
#32100000
0,
#32105000
1,
#32110000
0,
#32115000
1,
#32120000
0,
#32125000
1,
#32130000
0,
#32135000
1,
#32140000
0,
#32145000
1,
#32150000
0,
#32155000
1,
#32160000
0,
#32165000
1,
#32170000
0,
#32175000
1,
#32176000
1*
#32180000
0,
#32185000
1!
b10 >
b10 H
b11101 D
b11101 J
1,
#32186000
b10001110 :
11
0*
#32190000
0,
#32195000
1,
#32200000
0,
#32205000
1,
#32210000
0,
#32215000
1,
#32220000
0,
#32225000
1,
#32230000
0,
#32235000
1,
#32240000
0,
#32245000
1,
#32250000
0,
#32255000
1,
#32260000
0,
#32265000
1,
#32266000
18
#32270000
0,
#32275000
1,
#32280000
0,
#32285000
1,
#32290000
0,
#32295000
1,
#32300000
0,
#32305000
1,
#32310000
0,
#32315000
1,
#32320000
0,
#32325000
1,
#32330000
0,
#32335000
1,
#32340000
0,
#32345000
1,
#32346000
1*
#32350000
0,
#32355000
0!
b1 >
b11110 J
b1 H
b11110 D
b10001001000100011001101000100 I
1,
#32356000
b10001111 :
01
0*
#32360000
0,
#32365000
1,
#32370000
0,
#32375000
1,
#32380000
0,
#32385000
1,
#32390000
0,
#32395000
1,
#32400000
0,
#32405000
1,
#32410000
0,
#32415000
1,
#32420000
0,
#32425000
1,
#32430000
0,
#32435000
1,
#32436000
08
#32440000
0,
#32445000
1,
#32450000
0,
#32455000
1,
#32460000
0,
#32465000
1,
#32470000
0,
#32475000
1,
#32480000
0,
#32485000
1,
#32490000
0,
#32495000
1,
#32500000
0,
#32505000
1,
#32510000
0,
#32515000
1,
#32516000
1*
#32520000
0,
#32525000
b0 >
b0 H
b11111 D
b11111 J
1,
#32526000
18
b10010000 :
0*
#32530000
0,
#32535000
1,
#32540000
0,
#32545000
1,
#32550000
0,
#32555000
1,
#32560000
0,
#32565000
1,
#32570000
0,
#32575000
1,
#32580000
0,
#32585000
1,
#32590000
0,
#32595000
1,
#32600000
0,
#32605000
1,
#32606000
08
#32610000
0,
#32615000
1,
#32620000
0,
#32625000
1,
#32630000
0,
#32635000
1,
#32640000
0,
#32645000
1,
#32650000
0,
#32655000
1,
#32660000
0,
#32665000
1,
#32670000
0,
#32675000
1,
#32680000
0,
#32685000
1,
#32686000
1*
#32690000
0,
#32695000
1!
1"
0#
1F
0&
1,
#32696000
b11111101111100111110011110001010 -
0*
#32700000
0,
#32705000
15
b10001001000100011001101000100 %
b10001001000100011001101000100 E
1$
0F
0"
1,
#32710000
0,
#32715000
0$
13
1,
#32720000
0,
#32725000
1,
#32730000
0,
#32735000
1,
#32740000
0,
#32745000
1,
#32750000
0,
#32755000
1,
#32760000
0,
#32765000
1,
#32770000
0,
#32775000
1,
#32776000
18
#32780000
0,
#32785000
1,
#32790000
0,
#32795000
1,
#32800000
0,
#32805000
1,
#32810000
0,
#32815000
1,
#32820000
0,
#32825000
1,
#32830000
0,
#32835000
1,
#32840000
0,
#32845000
1,
#32850000
0,
#32855000
1,
#32856000
08
#32860000
0,
#32865000
1,
#32870000
0,
#32875000
1,
#32880000
0,
#32885000
1,
#32890000
0,
#32895000
1,
#32900000
0,
#32905000
1,
#32910000
0,
#32915000
1,
#32920000
0,
#32925000
1,
#32930000
0,
#32935000
1,
#32936000
18
#32940000
0,
#32945000
1,
#32950000
0,
#32955000
1,
#32960000
0,
#32965000
1,
#32970000
0,
#32975000
1,
#32980000
0,
#32985000
1,
#32990000
0,
#32995000
1,
#33000000
0,
#33005000
1,
#33010000
0,
#33015000
1,
#33016000
08
#33020000
0,
#33025000
1,
#33030000
0,
#33035000
1,
#33040000
0,
#33045000
1,
#33050000
0,
#33055000
1,
#33060000
0,
#33065000
1,
#33070000
0,
#33075000
1,
#33080000
0,
#33085000
1,
#33090000
0,
#33095000
1,
#33096000
18
#33100000
0,
#33105000
1,
#33110000
0,
#33115000
1,
#33120000
0,
#33125000
1,
#33130000
0,
#33135000
1,
#33140000
0,
#33145000
1,
#33150000
0,
#33155000
1,
#33160000
0,
#33165000
1,
#33170000
0,
#33175000
1,
#33176000
08
#33180000
0,
#33185000
1,
#33190000
0,
#33195000
1,
#33200000
0,
#33205000
1,
#33210000
0,
#33215000
1,
#33220000
0,
#33225000
1,
#33230000
0,
#33235000
1,
#33240000
0,
#33245000
1,
#33250000
0,
#33255000
1,
#33256000
18
#33260000
0,
#33265000
1,
#33270000
0,
#33275000
1,
#33280000
0,
#33285000
1,
#33290000
0,
#33295000
1,
#33300000
0,
#33305000
1,
#33310000
0,
#33315000
1,
#33320000
0,
#33325000
1,
#33330000
0,
#33335000
1,
#33336000
08
#33340000
0,
#33345000
1,
#33350000
0,
#33355000
1,
#33360000
0,
#33365000
1,
#33370000
0,
#33375000
1,
#33380000
0,
#33385000
1,
#33390000
0,
#33395000
1,
#33400000
0,
#33405000
1,
#33410000
0,
#33415000
1,
#33416000
18
#33420000
0,
#33425000
1,
#33430000
0,
#33435000
1,
#33440000
0,
#33445000
1,
#33450000
0,
#33455000
1,
#33460000
0,
#33465000
1,
#33470000
0,
#33475000
1,
#33480000
0,
#33485000
1,
#33490000
0,
#33495000
1,
#33496000
08
#33500000
0,
#33505000
1,
#33510000
0,
#33515000
1,
#33520000
0,
#33525000
1,
#33530000
0,
#33535000
1,
#33540000
0,
#33545000
1,
#33550000
0,
#33555000
1,
#33560000
0,
#33565000
1,
#33570000
0,
#33575000
1,
#33576000
18
#33580000
0,
#33585000
1,
#33590000
0,
#33595000
1,
#33600000
0,
#33605000
1,
#33610000
0,
#33615000
1,
#33620000
0,
#33625000
1,
#33630000
0,
#33635000
1,
#33640000
0,
#33645000
1,
#33650000
0,
#33655000
1,
#33660000
0,
#33665000
1,
#33670000
0,
#33675000
1,
#33680000
0,
#33685000
1,
#33690000
0,
#33695000
1,
#33700000
0,
#33705000
1,
#33710000
0,
#33715000
1,
#33720000
0,
#33725000
1,
#33730000
0,
#33735000
1,
#33736000
08
#33740000
0,
#33745000
1,
#33750000
0,
#33755000
1,
#33760000
0,
#33765000
1,
#33770000
0,
#33775000
1,
#33780000
0,
#33785000
1,
#33790000
0,
#33795000
1,
#33800000
0,
#33805000
1,
#33810000
0,
#33815000
1,
#33820000
0,
#33825000
1,
#33830000
0,
#33835000
1,
#33840000
0,
#33845000
1,
#33850000
0,
#33855000
1,
#33860000
0,
#33865000
1,
#33870000
0,
#33875000
1,
#33880000
0,
#33885000
1,
#33890000
0,
#33895000
1,
#33896000
18
#33900000
0,
#33905000
1,
#33910000
0,
#33915000
1,
#33920000
0,
#33925000
1,
#33930000
0,
#33935000
1,
#33940000
0,
#33945000
1,
#33950000
0,
#33955000
1,
#33960000
0,
#33965000
1,
#33970000
0,
#33975000
1,
#33976000
08
#33980000
0,
#33985000
1,
#33990000
0,
#33995000
1,
#34000000
0,
#34005000
1,
#34010000
0,
#34015000
1,
#34020000
0,
#34025000
1,
#34030000
0,
#34035000
1,
#34040000
0,
#34045000
1,
#34050000
0,
#34055000
1,
#34056000
18
#34060000
0,
#34065000
1,
#34070000
0,
#34075000
1,
#34080000
0,
#34085000
1,
#34090000
0,
#34095000
1,
#34100000
0,
#34105000
1,
#34110000
0,
#34115000
1,
#34120000
0,
#34125000
1,
#34130000
0,
#34135000
1,
#34136000
08
#34140000
0,
#34145000
1,
#34150000
0,
#34155000
1,
#34160000
0,
#34165000
1,
#34170000
0,
#34175000
1,
#34180000
0,
#34185000
1,
#34190000
0,
#34195000
1,
#34200000
0,
#34205000
1,
#34210000
0,
#34215000
1,
#34216000
18
#34220000
0,
#34225000
1,
#34230000
0,
#34235000
1,
#34240000
0,
#34245000
1,
#34250000
0,
#34255000
1,
#34260000
0,
#34265000
1,
#34270000
0,
#34275000
1,
#34280000
0,
#34285000
1,
#34290000
0,
#34295000
1,
#34296000
08
#34300000
0,
#34305000
1,
#34310000
0,
#34315000
1,
#34320000
0,
#34325000
1,
#34330000
0,
#34335000
1,
#34340000
0,
#34345000
1,
#34350000
0,
#34355000
1,
#34360000
0,
#34365000
1,
#34370000
0,
#34375000
1,
#34376000
18
#34380000
0,
#34385000
1,
#34390000
0,
#34395000
1,
#34400000
0,
#34405000
1,
#34410000
0,
#34415000
1,
#34420000
0,
#34425000
1,
#34430000
0,
#34435000
1,
#34440000
0,
#34445000
1,
#34450000
0,
#34455000
1,
#34456000
08
#34460000
0,
#34465000
1,
#34470000
0,
#34475000
1,
#34480000
0,
#34485000
1,
#34490000
0,
#34495000
1,
#34500000
0,
#34505000
1,
#34510000
0,
#34515000
1,
#34520000
0,
#34525000
1,
#34530000
0,
#34535000
1,
#34536000
18
#34540000
0,
#34545000
1,
#34550000
0,
#34555000
1,
#34560000
0,
#34565000
1,
#34570000
0,
#34575000
1,
#34580000
0,
#34585000
1,
#34590000
0,
#34595000
1,
#34600000
0,
#34605000
1,
#34610000
0,
#34615000
1,
#34620000
0,
#34625000
1,
#34630000
0,
#34635000
1,
#34640000
0,
#34645000
1,
#34650000
0,
#34655000
1,
#34660000
0,
#34665000
1,
#34670000
0,
#34675000
1,
#34680000
0,
#34685000
1,
#34690000
0,
#34695000
1,
#34696000
08
#34700000
0,
#34705000
1,
#34710000
0,
#34715000
1,
#34720000
0,
#34725000
1,
#34730000
0,
#34735000
1,
#34740000
0,
#34745000
1,
#34750000
0,
#34755000
1,
#34760000
0,
#34765000
1,
#34770000
0,
#34775000
1,
#34776000
18
#34780000
0,
#34785000
1,
#34790000
0,
#34795000
1,
#34800000
0,
#34805000
1,
#34810000
0,
#34815000
1,
#34820000
0,
#34825000
1,
#34830000
0,
#34835000
1,
#34840000
0,
#34845000
1,
#34850000
0,
#34855000
1,
#34856000
08
#34860000
0,
#34865000
1,
#34870000
0,
#34875000
1,
#34880000
0,
#34885000
1,
#34890000
0,
#34895000
1,
#34900000
0,
#34905000
1,
#34910000
0,
#34915000
1,
#34920000
0,
#34925000
1,
#34930000
0,
#34935000
1,
#34940000
0,
#34945000
1,
#34950000
0,
#34955000
1,
#34960000
0,
#34965000
1,
#34970000
0,
#34975000
1,
#34980000
0,
#34985000
1,
#34990000
0,
#34995000
1,
#35000000
0,
#35005000
1,
#35010000
0,
#35015000
1,
#35016000
18
#35020000
0,
#35025000
1,
#35030000
0,
#35035000
1,
#35040000
0,
#35045000
1,
#35050000
0,
#35055000
1,
#35060000
0,
#35065000
1,
#35070000
0,
#35075000
1,
#35080000
0,
#35085000
1,
#35090000
0,
#35095000
1,
#35096000
08
#35100000
0,
#35105000
1,
#35110000
0,
#35115000
1,
#35120000
0,
#35125000
1,
#35130000
0,
#35135000
1,
#35140000
0,
#35145000
1,
#35150000
0,
#35155000
1,
#35160000
0,
#35165000
1,
#35170000
0,
#35175000
1,
#35176000
18
#35180000
0,
#35185000
1,
#35190000
0,
#35195000
1,
#35200000
0,
#35205000
1,
#35210000
0,
#35215000
1,
#35220000
0,
#35225000
1,
#35230000
0,
#35235000
1,
#35240000
0,
#35245000
1,
#35250000
0,
#35255000
1,
#35256000
08
#35260000
0,
#35265000
1,
#35270000
0,
#35275000
1,
#35280000
0,
#35285000
1,
#35290000
0,
#35295000
1,
#35300000
0,
#35305000
1,
#35310000
0,
#35315000
1,
#35320000
0,
#35325000
1,
#35330000
0,
#35335000
1,
#35336000
18
#35340000
0,
#35345000
1,
#35350000
0,
#35355000
1,
#35360000
0,
#35365000
1,
#35370000
0,
#35375000
1,
#35380000
0,
#35385000
1,
#35390000
0,
#35395000
1,
#35400000
0,
#35405000
1,
#35410000
0,
#35415000
1,
#35416000
08
#35420000
0,
#35425000
1,
#35430000
0,
#35435000
1,
#35440000
0,
#35445000
1,
#35450000
0,
#35455000
1,
#35460000
0,
#35465000
1,
#35470000
0,
#35475000
1,
#35480000
0,
#35485000
1,
#35490000
0,
#35495000
1,
#35496000
18
#35500000
0,
#35505000
1,
#35510000
0,
#35515000
1,
#35520000
0,
#35525000
1,
#35530000
0,
#35535000
1,
#35540000
0,
#35545000
1,
#35550000
0,
#35555000
1,
#35560000
0,
#35565000
1,
#35570000
0,
#35575000
1,
#35576000
08
#35580000
0,
#35585000
1,
#35590000
0,
#35595000
1,
#35600000
0,
#35605000
1,
#35610000
0,
#35615000
1,
#35620000
0,
#35625000
1,
#35630000
0,
#35635000
1,
#35640000
0,
#35645000
1,
#35650000
0,
#35655000
1,
#35656000
18
#35660000
0,
#35665000
1,
#35670000
0,
#35675000
1,
#35680000
0,
#35685000
1,
#35690000
0,
#35695000
1,
#35700000
0,
#35705000
1,
#35710000
0,
#35715000
1,
#35720000
0,
#35725000
1,
#35730000
0,
#35735000
1,
#35740000
0,
#35745000
1,
#35750000
0,
#35755000
1,
#35760000
0,
#35765000
1,
#35770000
0,
#35775000
1,
#35780000
0,
#35785000
1,
#35790000
0,
#35795000
1,
#35800000
0,
#35805000
1,
#35810000
0,
#35815000
1,
#35816000
08
#35820000
0,
#35825000
1,
#35830000
0,
#35835000
1,
#35840000
0,
#35845000
1,
#35850000
0,
#35855000
1,
#35860000
0,
#35865000
1,
#35870000
0,
#35875000
1,
#35880000
0,
#35885000
1,
#35890000
0,
#35895000
1,
#35896000
18
#35900000
0,
#35905000
1,
#35910000
0,
#35915000
1,
#35920000
0,
#35925000
1,
#35930000
0,
#35935000
1,
#35940000
0,
#35945000
1,
#35950000
0,
#35955000
1,
#35960000
0,
#35965000
1,
#35970000
0,
#35975000
1,
#35976000
08
#35980000
0,
#35985000
1,
#35990000
0,
#35995000
1,
#36000000
0,
#36005000
1,
#36010000
0,
#36015000
1,
#36020000
0,
#36025000
1,
#36030000
0,
#36035000
1,
#36040000
0,
#36045000
1,
#36050000
0,
#36055000
1,
#36060000
0,
#36065000
1,
#36070000
0,
#36075000
1,
#36080000
0,
#36085000
1,
#36090000
0,
#36095000
1,
#36100000
0,
#36105000
1,
#36110000
0,
#36115000
1,
#36120000
0,
#36125000
1,
#36130000
0,
#36135000
1,
#36136000
18
#36140000
0,
#36145000
1,
#36150000
0,
#36155000
1,
#36160000
0,
#36165000
1,
#36170000
0,
#36175000
1,
#36180000
0,
#36185000
1,
#36190000
0,
#36195000
1,
#36200000
0,
#36205000
1,
#36210000
0,
#36215000
1,
#36216000
08
#36220000
0,
#36225000
1,
#36230000
0,
#36235000
1,
#36240000
0,
#36245000
1,
#36250000
0,
#36255000
1,
#36260000
0,
#36265000
1,
#36270000
0,
#36275000
1,
#36280000
0,
#36285000
1,
#36290000
0,
#36295000
1,
#36296000
18
#36300000
0,
#36305000
1,
#36310000
0,
#36315000
1,
#36320000
0,
#36325000
1,
#36330000
0,
#36335000
1,
#36340000
0,
#36345000
1,
#36350000
0,
#36355000
1,
#36360000
0,
#36365000
1,
#36370000
0,
#36375000
1,
#36376000
08
#36380000
0,
#36385000
1,
#36390000
0,
#36395000
1,
#36400000
0,
#36405000
1,
#36410000
0,
#36415000
1,
#36420000
0,
#36425000
1,
#36430000
0,
#36435000
1,
#36440000
0,
#36445000
1,
#36450000
0,
#36455000
1,
#36456000
18
#36460000
0,
#36465000
1,
#36470000
0,
#36475000
1,
#36480000
0,
#36485000
1,
#36490000
0,
#36495000
1,
#36500000
0,
#36505000
1,
#36510000
0,
#36515000
1,
#36520000
0,
#36525000
1,
#36530000
0,
#36535000
1,
#36536000
08
#36540000
0,
#36545000
1,
#36550000
0,
#36555000
1,
#36560000
0,
#36565000
1,
#36570000
0,
#36575000
1,
#36580000
0,
#36585000
1,
#36590000
0,
#36595000
1,
#36600000
0,
#36605000
1,
#36610000
0,
#36615000
1,
#36616000
18
#36620000
0,
#36625000
1,
#36630000
0,
#36635000
1,
#36640000
0,
#36645000
1,
#36650000
0,
#36655000
1,
#36660000
0,
#36665000
1,
#36670000
0,
#36675000
1,
#36680000
0,
#36685000
1,
#36690000
0,
#36695000
1,
#36700000
0,
#36705000
1,
#36710000
0,
#36715000
1,
#36720000
0,
#36725000
1,
#36730000
0,
#36735000
1,
#36740000
0,
#36745000
1,
#36750000
0,
#36755000
1,
#36760000
0,
#36765000
1,
#36770000
0,
#36775000
1,
#36776000
08
#36780000
0,
#36785000
1,
#36790000
0,
#36795000
1,
#36800000
0,
#36805000
1,
#36810000
0,
#36815000
1,
#36820000
0,
#36825000
1,
#36830000
0,
#36835000
1,
#36840000
0,
#36845000
1,
#36850000
0,
#36855000
1,
#36856000
18
#36860000
0,
#36865000
1,
#36870000
0,
#36875000
1,
#36880000
0,
#36885000
1,
#36890000
0,
#36895000
1,
#36900000
0,
#36905000
1,
#36910000
0,
#36915000
1,
#36920000
0,
#36925000
1,
#36930000
0,
#36935000
1,
#36936000
08
#36940000
0,
#36945000
1,
#36950000
0,
#36955000
1,
#36960000
0,
#36965000
1,
#36970000
0,
#36975000
1,
#36980000
0,
#36985000
1,
#36990000
0,
#36995000
1,
#37000000
0,
#37005000
1,
#37010000
0,
#37015000
1,
#37016000
18
#37020000
0,
#37025000
1,
#37030000
0,
#37035000
1,
#37040000
0,
#37045000
1,
#37050000
0,
#37055000
1,
#37060000
0,
#37065000
1,
#37070000
0,
#37075000
1,
#37080000
0,
#37085000
1,
#37090000
0,
#37095000
1,
#37096000
08
#37100000
0,
#37105000
1,
#37110000
0,
#37115000
1,
#37120000
0,
#37125000
1,
#37130000
0,
#37135000
1,
#37140000
0,
#37145000
1,
#37150000
0,
#37155000
1,
#37160000
0,
#37165000
1,
#37170000
0,
#37175000
1,
#37180000
0,
#37185000
1,
#37190000
0,
#37195000
1,
#37200000
0,
#37205000
1,
#37210000
0,
#37215000
1,
#37220000
0,
#37225000
1,
#37230000
0,
#37235000
1,
#37240000
0,
#37245000
1,
#37250000
0,
#37255000
1,
#37256000
18
#37260000
0,
#37265000
1,
#37270000
0,
#37275000
1,
#37280000
0,
#37285000
1,
#37290000
0,
#37295000
1,
#37300000
0,
#37305000
1,
#37310000
0,
#37315000
1,
#37320000
0,
#37325000
1,
#37330000
0,
#37335000
1,
#37340000
0,
#37345000
1,
#37350000
0,
#37355000
1,
#37360000
0,
#37365000
1,
#37370000
0,
#37375000
1,
#37380000
0,
#37385000
1,
#37390000
0,
#37395000
1,
#37400000
0,
#37405000
1,
#37410000
0,
#37415000
1,
#37416000
08
#37420000
0,
#37425000
1,
#37430000
0,
#37435000
1,
#37440000
0,
#37445000
1,
#37450000
0,
#37455000
1,
#37460000
0,
#37465000
1,
#37470000
0,
#37475000
1,
#37480000
0,
#37485000
1,
#37490000
0,
#37495000
1,
#37500000
0,
#37505000
1,
#37510000
0,
#37515000
1,
#37520000
0,
#37525000
1,
#37530000
0,
#37535000
1,
#37540000
0,
#37545000
1,
#37550000
0,
#37555000
1,
#37560000
0,
#37565000
1,
#37570000
0,
#37575000
1,
#37576000
18
#37580000
0,
#37585000
1,
#37590000
0,
#37595000
1,
#37600000
0,
#37605000
1,
#37610000
0,
#37615000
1,
#37620000
0,
#37625000
1,
#37630000
0,
#37635000
1,
#37640000
0,
#37645000
1,
#37650000
0,
#37655000
1,
#37660000
0,
#37665000
1,
#37670000
0,
#37675000
1,
#37680000
0,
#37685000
1,
#37690000
0,
#37695000
1,
#37700000
0,
#37705000
1,
#37710000
0,
#37715000
1,
#37720000
0,
#37725000
1,
#37730000
0,
#37735000
1,
#37736000
08
#37740000
0,
#37745000
1,
#37750000
0,
#37755000
1,
#37760000
0,
#37765000
1,
#37770000
0,
#37775000
1,
#37780000
0,
#37785000
1,
#37790000
0,
#37795000
1,
#37800000
0,
#37805000
1,
#37810000
0,
#37815000
1,
#37820000
0,
#37825000
1,
#37830000
0,
#37835000
1,
#37840000
0,
#37845000
1,
#37850000
0,
#37855000
1,
#37860000
0,
#37865000
1,
#37870000
0,
#37875000
1,
#37880000
0,
#37885000
1,
#37890000
0,
#37895000
1,
#37900000
0,
#37905000
1,
#37910000
0,
#37915000
1,
#37920000
0,
#37925000
1,
#37930000
0,
#37935000
1,
#37940000
0,
#37945000
1,
#37950000
0,
#37955000
1,
#37960000
0,
#37965000
1,
#37970000
0,
#37975000
1,
#37980000
0,
#37985000
1,
#37990000
0,
#37995000
1,
#38000000
0,
#38005000
1,
#38010000
0,
#38015000
1,
#38020000
0,
#38025000
1,
#38030000
0,
#38035000
1,
#38040000
0,
#38045000
1,
#38050000
0,
#38055000
1,
#38060000
0,
#38065000
1,
#38070000
0,
#38075000
1,
#38080000
0,
#38085000
1,
#38090000
0,
#38095000
1,
#38100000
0,
#38105000
1,
#38110000
0,
#38115000
1,
#38120000
0,
#38125000
1,
#38130000
0,
#38135000
1,
#38140000
0,
#38145000
1,
#38150000
0,
#38155000
1,
#38160000
0,
#38165000
1,
#38170000
0,
#38175000
1,
#38180000
0,
#38185000
1,
#38190000
0,
#38195000
1,
#38200000
0,
#38205000
1,
#38210000
0,
#38215000
1,
#38220000
0,
#38225000
1,
#38230000
0,
#38235000
1,
#38240000
0,
#38245000
1,
#38250000
0,
#38255000
1,
#38260000
0,
#38265000
1,
#38270000
0,
#38275000
1,
#38280000
0,
#38285000
1,
#38290000
0,
#38295000
1,
#38300000
0,
#38305000
1,
#38310000
0,
#38315000
1,
#38320000
0,
#38325000
1,
#38330000
0,
#38335000
1,
#38340000
0,
#38345000
1,
#38350000
0,
#38355000
1,
#38360000
0,
#38365000
1,
#38370000
0,
#38375000
1,
#38380000
0,
#38385000
1,
#38390000
0,
#38395000
1,
#38400000
0,
#38405000
1,
#38410000
0,
#38415000
1,
#38420000
0,
#38425000
1,
#38430000
0,
#38435000
1,
#38440000
0,
#38445000
1,
#38450000
0,
#38455000
1,
#38460000
0,
#38465000
1,
#38470000
0,
#38475000
1,
#38480000
0,
#38485000
1,
#38490000
0,
#38495000
1,
#38500000
0,
#38505000
1,
#38510000
0,
#38515000
1,
#38520000
0,
#38525000
1,
#38530000
0,
#38535000
1,
#38540000
0,
#38545000
1,
#38550000
0,
#38555000
1,
#38556000
18
#38560000
0,
#38565000
1,
#38570000
0,
#38575000
1,
#38580000
0,
#38585000
1,
#38590000
0,
#38595000
1,
#38600000
0,
#38605000
1,
#38610000
0,
#38615000
1,
#38620000
0,
#38625000
1,
#38630000
0,
#38635000
1,
#38640000
0,
#38645000
1,
#38650000
0,
#38655000
1,
#38660000
0,
#38665000
1,
#38670000
0,
#38675000
1,
#38680000
0,
#38685000
1,
#38690000
0,
#38695000
1,
#38700000
0,
#38705000
1,
#38710000
0,
#38715000
1,
#38716000
08
#38720000
0,
#38725000
1,
#38730000
0,
#38735000
1,
#38740000
0,
#38745000
1,
#38750000
0,
#38755000
1,
#38760000
0,
#38765000
1,
#38770000
0,
#38775000
1,
#38780000
0,
#38785000
1,
#38790000
0,
#38795000
1,
#38800000
0,
#38805000
1,
#38810000
0,
#38815000
1,
#38820000
0,
#38825000
1,
#38830000
0,
#38835000
1,
#38840000
0,
#38845000
1,
#38850000
0,
#38855000
1,
#38860000
0,
#38865000
1,
#38870000
0,
#38875000
1,
#38876000
18
#38880000
0,
#38885000
1,
#38890000
0,
#38895000
1,
#38900000
0,
#38905000
1,
#38910000
0,
#38915000
1,
#38920000
0,
#38925000
1,
#38930000
0,
#38935000
1,
#38940000
0,
#38945000
1,
#38950000
0,
#38955000
1,
#38960000
0,
#38965000
1,
#38970000
0,
#38975000
1,
#38980000
0,
#38985000
1,
#38990000
0,
#38995000
1,
#39000000
0,
#39005000
1,
#39010000
0,
#39015000
1,
#39020000
0,
#39025000
1,
#39030000
0,
#39035000
1,
#39036000
08
#39040000
0,
#39045000
1,
#39050000
0,
#39055000
1,
#39060000
0,
#39065000
1,
#39070000
0,
#39075000
1,
#39080000
0,
#39085000
1,
#39090000
0,
#39095000
1,
#39100000
0,
#39105000
1,
#39110000
0,
#39115000
1,
#39120000
0,
#39125000
1,
#39130000
0,
#39135000
1,
#39140000
0,
#39145000
1,
#39150000
0,
#39155000
1,
#39160000
0,
#39165000
1,
#39170000
0,
#39175000
1,
#39180000
0,
#39185000
1,
#39190000
0,
#39195000
1,
#39196000
18
#39200000
0,
#39205000
1,
#39210000
0,
#39215000
1,
#39220000
0,
#39225000
1,
#39230000
0,
#39235000
1,
#39240000
0,
#39245000
1,
#39250000
0,
#39255000
1,
#39260000
0,
#39265000
1,
#39270000
0,
#39275000
1,
#39280000
0,
#39285000
1,
#39290000
0,
#39295000
1,
#39300000
0,
#39305000
1,
#39310000
0,
#39315000
1,
#39320000
0,
#39325000
1,
#39330000
0,
#39335000
1,
#39340000
0,
#39345000
1,
#39350000
0,
#39355000
1,
#39356000
08
#39360000
0,
#39365000
1,
#39370000
0,
#39375000
1,
#39380000
0,
#39385000
1,
#39390000
0,
#39395000
1,
#39400000
0,
#39405000
1,
#39410000
0,
#39415000
1,
#39420000
0,
#39425000
1,
#39430000
0,
#39435000
1,
#39440000
0,
#39445000
1,
#39450000
0,
#39455000
1,
#39460000
0,
#39465000
1,
#39470000
0,
#39475000
1,
#39480000
0,
#39485000
1,
#39490000
0,
#39495000
1,
#39500000
0,
#39505000
1,
#39510000
0,
#39515000
1,
#39516000
18
#39520000
0,
#39525000
1,
#39530000
0,
#39535000
1,
#39540000
0,
#39545000
1,
#39550000
0,
#39555000
1,
#39560000
0,
#39565000
1,
#39570000
0,
#39575000
1,
#39580000
0,
#39585000
1,
#39590000
0,
#39595000
1,
#39600000
0,
#39605000
1,
#39610000
0,
#39615000
1,
#39620000
0,
#39625000
1,
#39630000
0,
#39635000
1,
#39640000
0,
#39645000
1,
#39650000
0,
#39655000
1,
#39660000
0,
#39665000
1,
#39670000
0,
#39675000
1,
#39676000
08
#39680000
0,
#39685000
1,
#39690000
0,
#39695000
1,
#39700000
0,
#39705000
1,
#39710000
0,
#39715000
1,
#39720000
0,
#39725000
1,
#39730000
0,
#39735000
1,
#39740000
0,
#39745000
1,
#39750000
0,
#39755000
1,
#39760000
0,
#39765000
1,
#39770000
0,
#39775000
1,
#39780000
0,
#39785000
1,
#39790000
0,
#39795000
1,
#39800000
0,
#39805000
1,
#39810000
0,
#39815000
1,
#39820000
0,
#39825000
1,
#39830000
0,
#39835000
1,
#39836000
18
#39840000
0,
#39845000
1,
#39850000
0,
#39855000
1,
#39860000
0,
#39865000
1,
#39870000
0,
#39875000
1,
#39880000
0,
#39885000
1,
#39890000
0,
#39895000
1,
#39900000
0,
#39905000
1,
#39910000
0,
#39915000
1,
#39920000
0,
#39925000
1,
#39930000
0,
#39935000
1,
#39940000
0,
#39945000
1,
#39950000
0,
#39955000
1,
#39960000
0,
#39965000
1,
#39970000
0,
#39975000
1,
#39980000
0,
#39985000
1,
#39990000
0,
#39995000
1,
#39996000
08
#40000000
0,
#40005000
1,
#40010000
0,
#40015000
1,
#40020000
0,
#40025000
1,
#40030000
0,
#40035000
1,
#40040000
0,
#40045000
1,
#40050000
0,
#40055000
1,
#40060000
0,
#40065000
1,
#40070000
0,
#40075000
1,
#40080000
0,
#40085000
1,
#40090000
0,
#40095000
1,
#40100000
0,
#40105000
1,
#40110000
0,
#40115000
1,
#40120000
0,
#40125000
1,
#40130000
0,
#40135000
1,
#40140000
0,
#40145000
1,
#40150000
0,
#40155000
1,
#40156000
18
#40160000
0,
#40165000
1,
#40170000
0,
#40175000
1,
#40180000
0,
#40185000
1,
#40190000
0,
#40195000
1,
#40200000
0,
#40205000
1,
#40210000
0,
#40215000
1,
#40220000
0,
#40225000
1,
#40230000
0,
#40235000
1,
#40240000
0,
#40245000
1,
#40250000
0,
#40255000
1,
#40260000
0,
#40265000
1,
#40270000
0,
#40275000
1,
#40280000
0,
#40285000
1,
#40290000
0,
#40295000
1,
#40300000
0,
#40305000
1,
#40310000
0,
#40315000
1,
#40316000
08
#40320000
0,
#40325000
1,
#40330000
0,
#40335000
1,
#40340000
0,
#40345000
1,
#40350000
0,
#40355000
1,
#40360000
0,
#40365000
1,
#40370000
0,
#40375000
1,
#40380000
0,
#40385000
1,
#40390000
0,
#40395000
1,
#40400000
0,
#40405000
1,
#40410000
0,
#40415000
1,
#40420000
0,
#40425000
1,
#40430000
0,
#40435000
1,
#40440000
0,
#40445000
1,
#40450000
0,
#40455000
1,
#40460000
0,
#40465000
1,
#40470000
0,
#40475000
1,
#40476000
18
#40480000
0,
#40485000
1,
#40490000
0,
#40495000
1,
#40500000
0,
#40505000
1,
#40510000
0,
#40515000
1,
#40520000
0,
#40525000
1,
#40530000
0,
#40535000
1,
#40540000
0,
#40545000
1,
#40550000
0,
#40555000
1,
#40560000
0,
#40565000
1,
#40570000
0,
#40575000
1,
#40580000
0,
#40585000
1,
#40590000
0,
#40595000
1,
#40600000
0,
#40605000
1,
#40610000
0,
#40615000
1,
#40620000
0,
#40625000
1,
#40630000
0,
#40635000
1,
#40636000
08
#40640000
0,
#40645000
1,
#40650000
0,
#40655000
1,
#40660000
0,
#40665000
1,
#40670000
0,
#40675000
1,
#40680000
0,
#40685000
1,
#40690000
0,
#40695000
1,
#40700000
0,
#40705000
1,
#40710000
0,
#40715000
1,
#40720000
0,
#40725000
1,
#40730000
0,
#40735000
1,
#40740000
0,
#40745000
1,
#40750000
0,
#40755000
1,
#40760000
0,
#40765000
1,
#40770000
0,
#40775000
1,
#40780000
0,
#40785000
1,
#40790000
0,
#40795000
1,
#40796000
18
#40800000
0,
#40805000
1,
#40810000
0,
#40815000
1,
#40820000
0,
#40825000
1,
#40830000
0,
#40835000
1,
#40840000
0,
#40845000
1,
#40850000
0,
#40855000
1,
#40860000
0,
#40865000
1,
#40870000
0,
#40875000
1,
#40880000
0,
#40885000
1,
#40890000
0,
#40895000
1,
#40900000
0,
#40905000
1,
#40910000
0,
#40915000
1,
#40920000
0,
#40925000
1,
#40930000
0,
#40935000
1,
#40940000
0,
#40945000
1,
#40950000
0,
#40955000
1,
#40956000
08
#40960000
0,
#40965000
1,
#40970000
0,
#40975000
1,
#40980000
0,
#40985000
1,
#40990000
0,
#40995000
1,
#41000000
0,
#41005000
1,
#41010000
0,
#41015000
1,
#41020000
0,
#41025000
1,
#41030000
0,
#41035000
1,
#41040000
0,
#41045000
1,
#41050000
0,
#41055000
1,
#41060000
0,
#41065000
1,
#41070000
0,
#41075000
1,
#41080000
0,
#41085000
1,
#41090000
0,
#41095000
1,
#41100000
0,
#41105000
1,
#41110000
0,
#41115000
1,
#41116000
18
#41120000
0,
#41125000
1,
#41130000
0,
#41135000
1,
#41140000
0,
#41145000
1,
#41150000
0,
#41155000
1,
#41160000
0,
#41165000
1,
#41170000
0,
#41175000
1,
#41180000
0,
#41185000
1,
#41190000
0,
#41195000
1,
#41200000
0,
#41205000
1,
#41210000
0,
#41215000
1,
#41220000
0,
#41225000
1,
#41230000
0,
#41235000
1,
#41240000
0,
#41245000
1,
#41250000
0,
#41255000
1,
#41260000
0,
#41265000
1,
#41270000
0,
#41275000
1,
#41276000
08
#41280000
0,
#41285000
1,
#41290000
0,
#41295000
1,
#41300000
0,
#41305000
1,
#41310000
0,
#41315000
1,
#41320000
0,
#41325000
1,
#41330000
0,
#41335000
1,
#41340000
0,
#41345000
1,
#41350000
0,
#41355000
1,
#41360000
0,
#41365000
1,
#41370000
0,
#41375000
1,
#41380000
0,
#41385000
1,
#41390000
0,
#41395000
1,
#41400000
0,
#41405000
1,
#41410000
0,
#41415000
1,
#41420000
0,
#41425000
1,
#41430000
0,
#41435000
1,
#41436000
18
#41440000
0,
#41445000
1,
#41450000
0,
#41455000
1,
#41460000
0,
#41465000
1,
#41470000
0,
#41475000
1,
#41480000
0,
#41485000
1,
#41490000
0,
#41495000
1,
#41500000
0,
#41505000
1,
#41510000
0,
#41515000
1,
#41520000
0,
#41525000
1,
#41530000
0,
#41535000
1,
#41540000
0,
#41545000
1,
#41550000
0,
#41555000
1,
#41560000
0,
#41565000
1,
#41570000
0,
#41575000
1,
#41580000
0,
#41585000
1,
#41590000
0,
#41595000
1,
#41596000
08
#41600000
0,
#41605000
1,
#41610000
0,
#41615000
1,
#41620000
0,
#41625000
1,
#41630000
0,
#41635000
1,
#41640000
0,
#41645000
1,
#41650000
0,
#41655000
1,
#41660000
0,
#41665000
1,
#41670000
0,
#41675000
1,
#41680000
0,
#41685000
1,
#41690000
0,
#41695000
1,
#41700000
0,
#41705000
1,
#41710000
0,
#41715000
1,
#41720000
0,
#41725000
1,
#41730000
0,
#41735000
1,
#41740000
0,
#41745000
1,
#41750000
0,
#41755000
1,
#41756000
18
#41760000
0,
#41765000
1,
#41770000
0,
#41775000
1,
#41780000
0,
#41785000
1,
#41790000
0,
#41795000
1,
#41800000
0,
#41805000
1,
#41810000
0,
#41815000
1,
#41820000
0,
#41825000
1,
#41830000
0,
#41835000
1,
#41840000
0,
#41845000
1,
#41850000
0,
#41855000
1,
#41860000
0,
#41865000
1,
#41870000
0,
#41875000
1,
#41880000
0,
#41885000
1,
#41890000
0,
#41895000
1,
#41900000
0,
#41905000
1,
#41910000
0,
#41915000
1,
#41916000
08
#41920000
0,
#41925000
1,
#41930000
0,
#41935000
1,
#41940000
0,
#41945000
1,
#41950000
0,
#41955000
1,
#41960000
0,
#41965000
1,
#41970000
0,
#41975000
1,
#41980000
0,
#41985000
1,
#41990000
0,
#41995000
1,
#42000000
0,
#42005000
1,
#42010000
0,
#42015000
1,
#42020000
0,
#42025000
1,
#42030000
0,
#42035000
1,
#42040000
0,
#42045000
1,
#42050000
0,
#42055000
1,
#42060000
0,
#42065000
1,
#42070000
0,
#42075000
1,
#42076000
18
#42080000
0,
#42085000
1,
#42090000
0,
#42095000
1,
#42100000
0,
#42105000
1,
#42110000
0,
#42115000
1,
#42120000
0,
#42125000
1,
#42130000
0,
#42135000
1,
#42140000
0,
#42145000
1,
#42150000
0,
#42155000
1,
#42160000
0,
#42165000
1,
#42170000
0,
#42175000
1,
#42180000
0,
#42185000
1,
#42190000
0,
#42195000
1,
#42200000
0,
#42205000
1,
#42210000
0,
#42215000
1,
#42220000
0,
#42225000
1,
#42230000
0,
#42235000
1,
#42236000
08
#42240000
0,
#42245000
1,
#42250000
0,
#42255000
1,
#42260000
0,
#42265000
1,
#42270000
0,
#42275000
1,
#42280000
0,
#42285000
1,
#42290000
0,
#42295000
1,
#42300000
0,
#42305000
1,
#42310000
0,
#42315000
1,
#42320000
0,
#42325000
1,
#42330000
0,
#42335000
1,
#42340000
0,
#42345000
1,
#42350000
0,
#42355000
1,
#42360000
0,
#42365000
1,
#42370000
0,
#42375000
1,
#42380000
0,
#42385000
1,
#42390000
0,
#42395000
1,
#42396000
18
#42400000
0,
#42405000
1,
#42410000
0,
#42415000
1,
#42420000
0,
#42425000
1,
#42430000
0,
#42435000
1,
#42440000
0,
#42445000
1,
#42450000
0,
#42455000
1,
#42460000
0,
#42465000
1,
#42470000
0,
#42475000
1,
#42480000
0,
#42485000
1,
#42490000
0,
#42495000
1,
#42500000
0,
#42505000
1,
#42510000
0,
#42515000
1,
#42520000
0,
#42525000
1,
#42530000
0,
#42535000
1,
#42540000
0,
#42545000
1,
#42550000
0,
#42555000
1,
#42556000
08
#42560000
0,
#42565000
1,
#42570000
0,
#42575000
1,
#42580000
0,
#42585000
1,
#42590000
0,
#42595000
1,
#42600000
0,
#42605000
1,
#42610000
0,
#42615000
1,
#42620000
0,
#42625000
1,
#42630000
0,
#42635000
1,
#42640000
0,
#42645000
1,
#42650000
0,
#42655000
1,
#42660000
0,
#42665000
1,
#42670000
0,
#42675000
1,
#42680000
0,
#42685000
1,
#42690000
0,
#42695000
1,
#42700000
0,
#42705000
1,
#42710000
0,
#42715000
1,
#42716000
18
#42720000
0,
#42725000
1,
#42730000
0,
#42735000
1,
#42740000
0,
#42745000
1,
#42750000
0,
#42755000
1,
#42760000
0,
#42765000
1,
#42770000
0,
#42775000
1,
#42780000
0,
#42785000
1,
#42790000
0,
#42795000
1,
#42800000
0,
#42805000
1,
#42810000
0,
#42815000
1,
#42820000
0,
#42825000
1,
#42830000
0,
#42835000
1,
#42840000
0,
#42845000
1,
#42850000
0,
#42855000
1,
#42860000
0,
#42865000
1,
#42870000
0,
#42875000
1,
#42876000
08
#42880000
0,
#42885000
1,
#42890000
0,
#42895000
1,
#42900000
0,
#42905000
1,
#42910000
0,
#42915000
1,
#42920000
0,
#42925000
1,
#42930000
0,
#42935000
1,
#42940000
0,
#42945000
1,
#42950000
0,
#42955000
1,
#42960000
0,
#42965000
1,
#42970000
0,
#42975000
1,
#42980000
0,
#42985000
1,
#42990000
0,
#42995000
1,
#43000000
0,
#43005000
1,
#43010000
0,
#43015000
1,
#43020000
0,
#43025000
1,
#43030000
0,
#43035000
1,
#43036000
18
#43040000
0,
#43045000
1,
#43050000
0,
#43055000
1,
#43060000
0,
#43065000
1,
#43070000
0,
#43075000
1,
#43080000
0,
#43085000
1,
#43090000
0,
#43095000
1,
#43100000
0,
#43105000
1,
#43110000
0,
#43115000
1,
#43120000
0,
#43125000
1,
#43130000
0,
#43135000
1,
#43140000
0,
#43145000
1,
#43150000
0,
#43155000
1,
#43160000
0,
#43165000
1,
#43170000
0,
#43175000
1,
#43180000
0,
#43185000
1,
#43190000
0,
#43195000
1,
#43196000
08
#43200000
0,
#43205000
1,
#43210000
0,
#43215000
1,
#43220000
0,
#43225000
1,
#43230000
0,
#43235000
1,
#43240000
0,
#43245000
1,
#43250000
0,
#43255000
1,
#43260000
0,
#43265000
1,
#43270000
0,
#43275000
1,
#43280000
0,
#43285000
1,
#43290000
0,
#43295000
1,
#43300000
0,
#43305000
1,
#43310000
0,
#43315000
1,
#43320000
0,
#43325000
1,
#43330000
0,
#43335000
1,
#43340000
0,
#43345000
1,
#43350000
0,
#43355000
1,
#43356000
18
#43360000
0,
#43365000
1,
#43370000
0,
#43375000
1,
#43380000
0,
#43385000
1,
#43390000
0,
#43395000
1,
#43400000
0,
#43405000
1,
#43410000
0,
#43415000
1,
#43420000
0,
#43425000
1,
#43430000
0,
#43435000
1,
#43440000
0,
#43445000
1,
#43450000
0,
#43455000
1,
#43460000
0,
#43465000
1,
#43470000
0,
#43475000
1,
#43480000
0,
#43485000
1,
#43490000
0,
#43495000
1,
#43500000
0,
#43505000
1,
#43510000
0,
#43515000
1,
#43516000
08
#43520000
0,
#43525000
1,
#43530000
0,
#43535000
1,
#43540000
0,
#43545000
1,
#43550000
0,
#43555000
1,
#43560000
0,
#43565000
1,
#43570000
0,
#43575000
1,
#43580000
0,
#43585000
1,
#43590000
0,
#43595000
1,
#43600000
0,
#43605000
1,
#43610000
0,
#43615000
1,
#43620000
0,
#43625000
1,
#43630000
0,
#43635000
1,
#43640000
0,
#43645000
1,
#43650000
0,
#43655000
1,
#43660000
0,
#43665000
1,
#43670000
0,
#43675000
1,
#43676000
18
#43680000
0,
#43685000
1,
#43690000
0,
#43695000
1,
#43700000
0,
#43705000
1,
#43710000
0,
#43715000
1,
#43720000
0,
#43725000
1,
#43730000
0,
#43735000
1,
#43740000
0,
#43745000
1,
#43750000
0,
#43755000
1,
#43760000
0,
#43765000
1,
#43770000
0,
#43775000
1,
#43780000
0,
#43785000
1,
#43790000
0,
#43795000
1,
#43800000
0,
#43805000
1,
#43810000
0,
#43815000
1,
#43820000
0,
#43825000
1,
#43830000
0,
#43835000
1,
#43836000
08
#43840000
0,
#43845000
1,
#43850000
0,
#43855000
1,
#43860000
0,
#43865000
1,
#43870000
0,
#43875000
1,
#43880000
0,
#43885000
1,
#43890000
0,
#43895000
1,
#43900000
0,
#43905000
1,
#43910000
0,
#43915000
1,
#43920000
0,
#43925000
1,
#43930000
0,
#43935000
1,
#43940000
0,
#43945000
1,
#43950000
0,
#43955000
1,
#43960000
0,
#43965000
1,
#43970000
0,
#43975000
1,
#43980000
0,
#43985000
1,
#43990000
0,
#43995000
1,
#43996000
18
#44000000
0,
#44005000
1,
#44010000
0,
#44015000
1,
#44020000
0,
#44025000
1,
#44030000
0,
#44035000
1,
#44040000
0,
#44045000
1,
#44050000
0,
#44055000
1,
#44060000
0,
#44065000
1,
#44070000
0,
#44075000
1,
#44080000
0,
#44085000
1,
#44090000
0,
#44095000
1,
#44100000
0,
#44105000
1,
#44110000
0,
#44115000
1,
#44120000
0,
#44125000
1,
#44130000
0,
#44135000
1,
#44140000
0,
#44145000
1,
#44150000
0,
#44155000
1,
#44156000
08
#44160000
0,
#44165000
1,
#44170000
0,
#44175000
1,
#44180000
0,
#44185000
1,
#44190000
0,
#44195000
1,
#44200000
0,
#44205000
1,
#44210000
0,
#44215000
1,
#44220000
0,
#44225000
1,
#44230000
0,
#44235000
1,
#44240000
0,
#44245000
1,
#44250000
0,
#44255000
1,
#44260000
0,
#44265000
1,
#44270000
0,
#44275000
1,
#44280000
0,
#44285000
1,
#44290000
0,
#44295000
1,
#44300000
0,
#44305000
1,
#44310000
0,
#44315000
1,
#44316000
18
#44320000
0,
#44325000
1,
#44330000
0,
#44335000
1,
#44340000
0,
#44345000
1,
#44350000
0,
#44355000
1,
#44360000
0,
#44365000
1,
#44370000
0,
#44375000
1,
#44380000
0,
#44385000
1,
#44390000
0,
#44395000
1,
#44400000
0,
#44405000
1,
#44410000
0,
#44415000
1,
#44420000
0,
#44425000
1,
#44430000
0,
#44435000
1,
#44440000
0,
#44445000
1,
#44450000
0,
#44455000
1,
#44460000
0,
#44465000
1,
#44470000
0,
#44475000
1,
#44476000
08
#44480000
0,
#44485000
1,
#44490000
0,
#44495000
1,
#44500000
0,
#44505000
1,
#44510000
0,
#44515000
1,
#44520000
0,
#44525000
1,
#44530000
0,
#44535000
1,
#44540000
0,
#44545000
1,
#44550000
0,
#44555000
1,
#44560000
0,
#44565000
1,
#44570000
0,
#44575000
1,
#44580000
0,
#44585000
1,
#44590000
0,
#44595000
1,
#44600000
0,
#44605000
1,
#44610000
0,
#44615000
1,
#44620000
0,
#44625000
1,
#44630000
0,
#44635000
1,
#44636000
18
#44640000
0,
#44645000
1,
#44650000
0,
#44655000
1,
#44660000
0,
#44665000
1,
#44670000
0,
#44675000
1,
#44680000
0,
#44685000
1,
#44690000
0,
#44695000
1,
#44700000
0,
#44705000
1,
#44710000
0,
#44715000
1,
#44720000
0,
#44725000
1,
#44730000
0,
#44735000
1,
#44740000
0,
#44745000
1,
#44750000
0,
#44755000
1,
#44760000
0,
#44765000
1,
#44770000
0,
#44775000
1,
#44780000
0,
#44785000
1,
#44790000
0,
#44795000
1,
#44796000
08
#44800000
0,
#44805000
1,
#44810000
0,
#44815000
1,
#44820000
0,
#44825000
1,
#44830000
0,
#44835000
1,
#44840000
0,
#44845000
1,
#44850000
0,
#44855000
1,
#44860000
0,
#44865000
1,
#44870000
0,
#44875000
1,
#44880000
0,
#44885000
1,
#44890000
0,
#44895000
1,
#44900000
0,
#44905000
1,
#44910000
0,
#44915000
1,
#44920000
0,
#44925000
1,
#44930000
0,
#44935000
1,
#44940000
0,
#44945000
1,
#44950000
0,
#44955000
1,
#44956000
18
#44960000
0,
#44965000
1,
#44970000
0,
#44975000
1,
#44980000
0,
#44985000
1,
#44990000
0,
#44995000
1,
#45000000
0,
#45005000
1,
#45010000
0,
#45015000
1,
#45020000
0,
#45025000
1,
#45030000
0,
#45035000
1,
#45040000
0,
#45045000
1,
#45050000
0,
#45055000
1,
#45060000
0,
#45065000
1,
#45070000
0,
#45075000
1,
#45080000
0,
#45085000
1,
#45090000
0,
#45095000
1,
#45100000
0,
#45105000
1,
#45110000
0,
#45115000
1,
#45116000
08
#45120000
0,
#45125000
1,
#45130000
0,
#45135000
1,
#45140000
0,
#45145000
1,
#45150000
0,
#45155000
1,
#45160000
0,
#45165000
1,
#45170000
0,
#45175000
1,
#45180000
0,
#45185000
1,
#45190000
0,
#45195000
1,
#45200000
0,
#45205000
1,
#45210000
0,
#45215000
1,
#45220000
0,
#45225000
1,
#45230000
0,
#45235000
1,
#45240000
0,
#45245000
1,
#45250000
0,
#45255000
1,
#45260000
0,
#45265000
1,
#45270000
0,
#45275000
1,
#45276000
18
#45280000
0,
#45285000
1,
#45290000
0,
#45295000
1,
#45300000
0,
#45305000
1,
#45310000
0,
#45315000
1,
#45320000
0,
#45325000
1,
#45330000
0,
#45335000
1,
#45340000
0,
#45345000
1,
#45350000
0,
#45355000
1,
#45360000
0,
#45365000
1,
#45370000
0,
#45375000
1,
#45380000
0,
#45385000
1,
#45390000
0,
#45395000
1,
#45400000
0,
#45405000
1,
#45410000
0,
#45415000
1,
#45420000
0,
#45425000
1,
#45430000
0,
#45435000
1,
#45436000
08
#45440000
0,
#45445000
1,
#45450000
0,
#45455000
1,
#45460000
0,
#45465000
1,
#45470000
0,
#45475000
1,
#45480000
0,
#45485000
1,
#45490000
0,
#45495000
1,
#45500000
0,
#45505000
1,
#45510000
0,
#45515000
1,
#45520000
0,
#45525000
1,
#45530000
0,
#45535000
1,
#45540000
0,
#45545000
1,
#45550000
0,
#45555000
1,
#45560000
0,
#45565000
1,
#45570000
0,
#45575000
1,
#45580000
0,
#45585000
1,
#45590000
0,
#45595000
1,
#45596000
18
#45600000
0,
#45605000
1,
#45610000
0,
#45615000
1,
#45620000
0,
#45625000
1,
#45630000
0,
#45635000
1,
#45640000
0,
#45645000
1,
#45650000
0,
#45655000
1,
#45660000
0,
#45665000
1,
#45670000
0,
#45675000
1,
#45680000
0,
#45685000
1,
#45690000
0,
#45695000
1,
#45700000
0,
#45705000
1,
#45710000
0,
#45715000
1,
#45720000
0,
#45725000
1,
#45730000
0,
#45735000
1,
#45740000
0,
#45745000
1,
#45750000
0,
#45755000
1,
#45756000
08
#45760000
0,
#45765000
1,
#45770000
0,
#45775000
1,
#45780000
0,
#45785000
1,
#45790000
0,
#45795000
1,
#45800000
0,
#45805000
1,
#45810000
0,
#45815000
1,
#45820000
0,
#45825000
1,
#45830000
0,
#45835000
1,
#45840000
0,
#45845000
1,
#45850000
0,
#45855000
1,
#45860000
0,
#45865000
1,
#45870000
0,
#45875000
1,
#45880000
0,
#45885000
1,
#45890000
0,
#45895000
1,
#45900000
0,
#45905000
1,
#45910000
0,
#45915000
1,
#45916000
18
#45920000
0,
#45925000
1,
#45930000
0,
#45935000
1,
#45940000
0,
#45945000
1,
#45950000
0,
#45955000
1,
#45960000
0,
#45965000
1,
#45970000
0,
#45975000
1,
#45980000
0,
#45985000
1,
#45990000
0,
#45995000
1,
#46000000
0,
#46005000
1,
#46010000
0,
#46015000
1,
#46020000
0,
#46025000
1,
#46030000
0,
#46035000
1,
#46040000
0,
#46045000
1,
#46050000
0,
#46055000
1,
#46060000
0,
#46065000
1,
#46070000
0,
#46075000
1,
#46076000
08
#46080000
0,
#46085000
1,
#46090000
0,
#46095000
1,
#46100000
0,
#46105000
1,
#46110000
0,
#46115000
1,
#46120000
0,
#46125000
1,
#46130000
0,
#46135000
1,
#46140000
0,
#46145000
1,
#46150000
0,
#46155000
1,
#46160000
0,
#46165000
1,
#46170000
0,
#46175000
1,
#46180000
0,
#46185000
1,
#46190000
0,
#46195000
1,
#46200000
0,
#46205000
1,
#46210000
0,
#46215000
1,
#46220000
0,
#46225000
1,
#46230000
0,
#46235000
1,
#46236000
18
#46240000
0,
#46245000
1,
#46250000
0,
#46255000
1,
#46260000
0,
#46265000
1,
#46270000
0,
#46275000
1,
#46280000
0,
#46285000
1,
#46290000
0,
#46295000
1,
#46300000
0,
#46305000
1,
#46310000
0,
#46315000
1,
#46320000
0,
#46325000
1,
#46330000
0,
#46335000
1,
#46340000
0,
#46345000
1,
#46350000
0,
#46355000
1,
#46360000
0,
#46365000
1,
#46370000
0,
#46375000
1,
#46380000
0,
#46385000
1,
#46390000
0,
#46395000
1,
#46396000
08
#46400000
0,
#46405000
1,
#46410000
0,
#46415000
1,
#46420000
0,
#46425000
1,
#46430000
0,
#46435000
1,
#46440000
0,
#46445000
1,
#46450000
0,
#46455000
1,
#46460000
0,
#46465000
1,
#46470000
0,
#46475000
1,
#46480000
0,
#46485000
1,
#46490000
0,
#46495000
1,
#46500000
0,
#46505000
1,
#46510000
0,
#46515000
1,
#46520000
0,
#46525000
1,
#46530000
0,
#46535000
1,
#46540000
0,
#46545000
1,
#46550000
0,
#46555000
1,
#46556000
18
#46560000
0,
#46565000
1,
#46570000
0,
#46575000
1,
#46580000
0,
#46585000
1,
#46590000
0,
#46595000
1,
#46600000
0,
#46605000
1,
#46610000
0,
#46615000
1,
#46620000
0,
#46625000
1,
#46630000
0,
#46635000
1,
#46640000
0,
#46645000
1,
#46650000
0,
#46655000
1,
#46660000
0,
#46665000
1,
#46670000
0,
#46675000
1,
#46680000
0,
#46685000
1,
#46690000
0,
#46695000
1,
#46700000
0,
#46705000
1,
#46710000
0,
#46715000
1,
#46716000
08
#46720000
0,
#46725000
1,
#46730000
0,
#46735000
1,
#46740000
0,
#46745000
1,
#46750000
0,
#46755000
1,
#46760000
0,
#46765000
1,
#46770000
0,
#46775000
1,
#46780000
0,
#46785000
1,
#46790000
0,
#46795000
1,
#46800000
0,
#46805000
1,
#46810000
0,
#46815000
1,
#46820000
0,
#46825000
1,
#46830000
0,
#46835000
1,
#46840000
0,
#46845000
1,
#46850000
0,
#46855000
1,
#46860000
0,
#46865000
1,
#46870000
0,
#46875000
1,
#46876000
18
#46880000
0,
#46885000
1,
#46890000
0,
#46895000
1,
#46900000
0,
#46905000
1,
#46910000
0,
#46915000
1,
#46920000
0,
#46925000
1,
#46930000
0,
#46935000
1,
#46940000
0,
#46945000
1,
#46950000
0,
#46955000
1,
#46960000
0,
#46965000
1,
#46970000
0,
#46975000
1,
#46980000
0,
#46985000
1,
#46990000
0,
#46995000
1,
#47000000
0,
#47005000
1,
#47010000
0,
#47015000
1,
#47020000
0,
#47025000
1,
#47030000
0,
#47035000
1,
#47036000
08
#47040000
0,
#47045000
1,
#47050000
0,
#47055000
1,
#47060000
0,
#47065000
1,
#47070000
0,
#47075000
1,
#47080000
0,
#47085000
1,
#47090000
0,
#47095000
1,
#47100000
0,
#47105000
1,
#47110000
0,
#47115000
1,
#47120000
0,
#47125000
1,
#47130000
0,
#47135000
1,
#47140000
0,
#47145000
1,
#47150000
0,
#47155000
1,
#47160000
0,
#47165000
1,
#47170000
0,
#47175000
1,
#47180000
0,
#47185000
1,
#47190000
0,
#47195000
1,
#47196000
18
#47200000
0,
#47205000
1,
#47210000
0,
#47215000
1,
#47220000
0,
#47225000
1,
#47230000
0,
#47235000
1,
#47240000
0,
#47245000
1,
#47250000
0,
#47255000
1,
#47260000
0,
#47265000
1,
#47270000
0,
#47275000
1,
#47280000
0,
#47285000
1,
#47290000
0,
#47295000
1,
#47300000
0,
#47305000
1,
#47310000
0,
#47315000
1,
#47320000
0,
#47325000
1,
#47330000
0,
#47335000
1,
#47340000
0,
#47345000
1,
#47350000
0,
#47355000
1,
#47356000
08
#47360000
0,
#47365000
1,
#47370000
0,
#47375000
1,
#47380000
0,
#47385000
1,
#47390000
0,
#47395000
1,
#47400000
0,
#47405000
1,
#47410000
0,
#47415000
1,
#47420000
0,
#47425000
1,
#47430000
0,
#47435000
1,
#47440000
0,
#47445000
1,
#47450000
0,
#47455000
1,
#47460000
0,
#47465000
1,
#47470000
0,
#47475000
1,
#47480000
0,
#47485000
1,
#47490000
0,
#47495000
1,
#47500000
0,
#47505000
1,
#47510000
0,
#47515000
1,
#47516000
18
#47520000
0,
#47525000
1,
#47530000
0,
#47535000
1,
#47540000
0,
#47545000
1,
#47550000
0,
#47555000
1,
#47560000
0,
#47565000
1,
#47570000
0,
#47575000
1,
#47580000
0,
#47585000
1,
#47590000
0,
#47595000
1,
#47596000
08
#47600000
0,
#47605000
1,
#47610000
0,
#47615000
1,
#47620000
0,
#47625000
1,
#47630000
0,
#47635000
1,
#47640000
0,
#47645000
1,
#47650000
0,
#47655000
1,
#47660000
0,
#47665000
1,
#47670000
0,
#47675000
1,
#47676000
18
#47680000
0,
#47685000
1,
#47690000
0,
#47695000
1,
#47700000
0,
#47705000
1,
#47710000
0,
#47715000
1,
#47720000
0,
#47725000
1,
#47730000
0,
#47735000
1,
#47740000
0,
#47745000
1,
#47750000
0,
#47755000
1,
#47756000
08
b1 :
b1 .
#47760000
0,
#47765000
1,
#47770000
0,
#47775000
1,
#47780000
0,
#47785000
1,
#47790000
0,
#47795000
1,
#47800000
0,
#47805000
1,
#47810000
0,
#47815000
1,
#47820000
0,
#47825000
1,
#47830000
0,
#47835000
1,
#47836000
18
#47840000
0,
#47845000
1,
#47850000
0,
#47855000
1,
#47860000
0,
#47865000
1,
#47870000
0,
#47875000
1,
#47880000
0,
#47885000
1,
#47890000
0,
#47895000
1,
#47900000
0,
#47905000
1,
#47910000
0,
#47915000
1,
#47916000
08
b11 .
b10 :
#47920000
0,
#47925000
1,
#47930000
0,
#47935000
1,
#47940000
0,
#47945000
1,
#47950000
0,
#47955000
1,
#47960000
0,
#47965000
1,
#47970000
0,
#47975000
1,
#47980000
0,
#47985000
1,
#47990000
0,
#47995000
1,
#47996000
18
#48000000
0,
#48005000
1,
#48010000
0,
#48015000
1,
#48020000
0,
#48025000
1,
#48030000
0,
#48035000
1,
#48040000
0,
#48045000
1,
#48050000
0,
#48055000
1,
#48060000
0,
#48065000
1,
#48070000
0,
#48075000
1,
#48076000
08
b111 .
b11 :
#48080000
0,
#48085000
1,
#48090000
0,
#48095000
1,
#48100000
0,
#48105000
1,
#48110000
0,
#48115000
1,
#48120000
0,
#48125000
1,
#48130000
0,
#48135000
1,
#48140000
0,
#48145000
1,
#48150000
0,
#48155000
1,
#48156000
18
#48160000
0,
#48165000
1,
#48170000
0,
#48175000
1,
#48180000
0,
#48185000
1,
#48190000
0,
#48195000
1,
#48200000
0,
#48205000
1,
#48210000
0,
#48215000
1,
#48220000
0,
#48225000
1,
#48230000
0,
#48235000
1,
#48236000
08
b1111 .
b100 :
#48240000
0,
#48245000
1,
#48250000
0,
#48255000
1,
#48260000
0,
#48265000
1,
#48270000
0,
#48275000
1,
#48280000
0,
#48285000
1,
#48290000
0,
#48295000
1,
#48300000
0,
#48305000
1,
#48310000
0,
#48315000
1,
#48316000
18
#48320000
0,
#48325000
1,
#48330000
0,
#48335000
1,
#48340000
0,
#48345000
1,
#48350000
0,
#48355000
1,
#48360000
0,
#48365000
1,
#48370000
0,
#48375000
1,
#48380000
0,
#48385000
1,
#48390000
0,
#48395000
1,
#48396000
08
b11111 .
b101 :
#48400000
0,
#48405000
1,
#48410000
0,
#48415000
1,
#48420000
0,
#48425000
1,
#48430000
0,
#48435000
1,
#48440000
0,
#48445000
1,
#48450000
0,
#48455000
1,
#48460000
0,
#48465000
1,
#48470000
0,
#48475000
1,
#48476000
18
#48480000
0,
#48485000
1,
#48490000
0,
#48495000
1,
#48500000
0,
#48505000
1,
#48510000
0,
#48515000
1,
#48520000
0,
#48525000
1,
#48530000
0,
#48535000
1,
#48540000
0,
#48545000
1,
#48550000
0,
#48555000
1,
#48556000
08
b111111 .
b110 :
#48560000
0,
#48565000
1,
#48570000
0,
#48575000
1,
#48580000
0,
#48585000
1,
#48590000
0,
#48595000
1,
#48600000
0,
#48605000
1,
#48610000
0,
#48615000
1,
#48620000
0,
#48625000
1,
#48630000
0,
#48635000
1,
#48636000
18
#48640000
0,
#48645000
1,
#48650000
0,
#48655000
1,
#48660000
0,
#48665000
1,
#48670000
0,
#48675000
1,
#48680000
0,
#48685000
1,
#48690000
0,
#48695000
1,
#48700000
0,
#48705000
1,
#48710000
0,
#48715000
1,
#48716000
08
b1111111 .
b111 :
#48720000
0,
#48725000
1,
#48730000
0,
#48735000
1,
#48740000
0,
#48745000
1,
#48750000
0,
#48755000
1,
#48760000
0,
#48765000
1,
#48770000
0,
#48775000
1,
#48780000
0,
#48785000
1,
#48790000
0,
#48795000
1,
#48796000
18
#48800000
0,
#48805000
1,
#48810000
0,
#48815000
1,
#48820000
0,
#48825000
1,
#48830000
0,
#48835000
1,
#48840000
0,
#48845000
1,
#48850000
0,
#48855000
1,
#48860000
0,
#48865000
1,
#48870000
0,
#48875000
1,
#48876000
08
b11111111 .
b1000 :
#48880000
0,
#48885000
1,
#48890000
0,
#48895000
1,
#48900000
0,
#48905000
1,
#48910000
0,
#48915000
1,
#48920000
0,
#48925000
1,
#48930000
0,
#48935000
1,
#48940000
0,
#48945000
1,
#48950000
0,
#48955000
1,
#48956000
18
#48960000
0,
#48965000
1,
#48970000
0,
#48975000
1,
#48980000
0,
#48985000
1,
#48990000
0,
#48995000
1,
#49000000
0,
#49005000
1,
#49010000
0,
#49015000
1,
#49020000
0,
#49025000
1,
#49030000
0,
#49035000
1,
#49036000
08
b111111111 .
b1001 :
#49040000
0,
#49045000
1,
#49050000
0,
#49055000
1,
#49060000
0,
#49065000
1,
#49070000
0,
#49075000
1,
#49080000
0,
#49085000
1,
#49090000
0,
#49095000
1,
#49100000
0,
#49105000
1,
#49110000
0,
#49115000
1,
#49116000
18
#49120000
0,
#49125000
1,
#49130000
0,
#49135000
1,
#49140000
0,
#49145000
1,
#49150000
0,
#49155000
1,
#49160000
0,
#49165000
1,
#49170000
0,
#49175000
1,
#49180000
0,
#49185000
1,
#49190000
0,
#49195000
1,
#49196000
08
b1111111111 .
b1010 :
#49200000
0,
#49205000
1,
#49210000
0,
#49215000
1,
#49220000
0,
#49225000
1,
#49230000
0,
#49235000
1,
#49240000
0,
#49245000
1,
#49250000
0,
#49255000
1,
#49260000
0,
#49265000
1,
#49270000
0,
#49275000
1,
#49276000
18
#49280000
0,
#49285000
1,
#49290000
0,
#49295000
1,
#49300000
0,
#49305000
1,
#49310000
0,
#49315000
1,
#49320000
0,
#49325000
1,
#49330000
0,
#49335000
1,
#49340000
0,
#49345000
1,
#49350000
0,
#49355000
1,
#49356000
08
b11111111111 .
b1011 :
#49360000
0,
#49365000
1,
#49370000
0,
#49375000
1,
#49380000
0,
#49385000
1,
#49390000
0,
#49395000
1,
#49400000
0,
#49405000
1,
#49410000
0,
#49415000
1,
#49420000
0,
#49425000
1,
#49430000
0,
#49435000
1,
#49436000
18
#49440000
0,
#49445000
1,
#49450000
0,
#49455000
1,
#49460000
0,
#49465000
1,
#49470000
0,
#49475000
1,
#49480000
0,
#49485000
1,
#49490000
0,
#49495000
1,
#49500000
0,
#49505000
1,
#49510000
0,
#49515000
1,
#49516000
08
b111111111111 .
b1100 :
#49520000
0,
#49525000
1,
#49530000
0,
#49535000
1,
#49540000
0,
#49545000
1,
#49550000
0,
#49555000
1,
#49560000
0,
#49565000
1,
#49570000
0,
#49575000
1,
#49580000
0,
#49585000
1,
#49590000
0,
#49595000
1,
#49596000
18
#49600000
0,
#49605000
1,
#49610000
0,
#49615000
1,
#49620000
0,
#49625000
1,
#49630000
0,
#49635000
1,
#49640000
0,
#49645000
1,
#49650000
0,
#49655000
1,
#49660000
0,
#49665000
1,
#49670000
0,
#49675000
1,
#49676000
08
b1111111111111 .
b1101 :
#49680000
0,
#49685000
1,
#49690000
0,
#49695000
1,
#49700000
0,
#49705000
1,
#49710000
0,
#49715000
1,
#49720000
0,
#49725000
1,
#49730000
0,
#49735000
1,
#49740000
0,
#49745000
1,
#49750000
0,
#49755000
1,
#49756000
18
#49760000
0,
#49765000
1,
#49770000
0,
#49775000
1,
#49780000
0,
#49785000
1,
#49790000
0,
#49795000
1,
#49800000
0,
#49805000
1,
#49810000
0,
#49815000
1,
#49820000
0,
#49825000
1,
#49830000
0,
#49835000
1,
#49836000
08
b11111111111111 .
b1110 :
#49840000
0,
#49845000
1,
#49850000
0,
#49855000
1,
#49860000
0,
#49865000
1,
#49870000
0,
#49875000
1,
#49880000
0,
#49885000
1,
#49890000
0,
#49895000
1,
#49900000
0,
#49905000
1,
#49910000
0,
#49915000
1,
#49916000
18
#49920000
0,
#49925000
1,
#49930000
0,
#49935000
1,
#49940000
0,
#49945000
1,
#49950000
0,
#49955000
1,
#49960000
0,
#49965000
1,
#49970000
0,
#49975000
1,
#49980000
0,
#49985000
1,
#49990000
0,
#49995000
1,
#49996000
08
b111111111111111 .
b1111 :
#50000000
0,
#50005000
1,
#50010000
0,
#50015000
1,
#50020000
0,
#50025000
1,
#50030000
0,
#50035000
1,
#50040000
0,
#50045000
1,
#50050000
0,
#50055000
1,
#50060000
0,
#50065000
1,
#50070000
0,
#50075000
1,
#50076000
18
#50080000
0,
#50085000
1,
#50090000
0,
#50095000
1,
#50100000
0,
#50105000
1,
#50110000
0,
#50115000
1,
#50120000
0,
#50125000
1,
#50130000
0,
#50135000
1,
#50140000
0,
#50145000
1,
#50150000
0,
#50155000
1,
#50156000
08
b1111111111111111 .
b10000 :
#50160000
0,
#50165000
1,
#50170000
0,
#50175000
1,
#50180000
0,
#50185000
1,
#50190000
0,
#50195000
1,
#50200000
0,
#50205000
1,
#50210000
0,
#50215000
1,
#50220000
0,
#50225000
1,
#50230000
0,
#50235000
1,
#50236000
18
#50240000
0,
#50245000
1,
#50250000
0,
#50255000
1,
#50260000
0,
#50265000
1,
#50270000
0,
#50275000
1,
#50280000
0,
#50285000
1,
#50290000
0,
#50295000
1,
#50300000
0,
#50305000
1,
#50310000
0,
#50315000
1,
#50316000
08
b11111111111111111 .
b10001 :
#50320000
0,
#50325000
1,
#50330000
0,
#50335000
1,
#50340000
0,
#50345000
1,
#50350000
0,
#50355000
1,
#50360000
0,
#50365000
1,
#50370000
0,
#50375000
1,
#50380000
0,
#50385000
1,
#50390000
0,
#50395000
1,
#50396000
18
#50400000
0,
#50405000
1,
#50410000
0,
#50415000
1,
#50420000
0,
#50425000
1,
#50430000
0,
#50435000
1,
#50440000
0,
#50445000
1,
#50450000
0,
#50455000
1,
#50460000
0,
#50465000
1,
#50470000
0,
#50475000
1,
#50476000
08
b111111111111111111 .
b10010 :
#50480000
0,
#50485000
1,
#50490000
0,
#50495000
1,
#50500000
0,
#50505000
1,
#50510000
0,
#50515000
1,
#50520000
0,
#50525000
1,
#50530000
0,
#50535000
1,
#50540000
0,
#50545000
1,
#50550000
0,
#50555000
1,
#50556000
18
#50560000
0,
#50565000
1,
#50570000
0,
#50575000
1,
#50580000
0,
#50585000
1,
#50590000
0,
#50595000
1,
#50600000
0,
#50605000
1,
#50610000
0,
#50615000
1,
#50620000
0,
#50625000
1,
#50630000
0,
#50635000
1,
#50636000
08
b1111111111111111111 .
b10011 :
#50640000
0,
#50645000
1,
#50650000
0,
#50655000
1,
#50660000
0,
#50665000
1,
#50670000
0,
#50675000
1,
#50680000
0,
#50685000
1,
#50690000
0,
#50695000
1,
#50700000
0,
#50705000
1,
#50710000
0,
#50715000
1,
#50716000
18
#50720000
0,
#50725000
1,
#50730000
0,
#50735000
1,
#50740000
0,
#50745000
1,
#50750000
0,
#50755000
1,
#50760000
0,
#50765000
1,
#50770000
0,
#50775000
1,
#50780000
0,
#50785000
1,
#50790000
0,
#50795000
1,
#50796000
08
b11111111111111111111 .
b10100 :
#50800000
0,
#50805000
1,
#50810000
0,
#50815000
1,
#50820000
0,
#50825000
1,
#50830000
0,
#50835000
1,
#50840000
0,
#50845000
1,
#50850000
0,
#50855000
1,
#50860000
0,
#50865000
1,
#50870000
0,
#50875000
1,
#50876000
18
#50880000
0,
#50885000
1,
#50890000
0,
#50895000
1,
#50900000
0,
#50905000
1,
#50910000
0,
#50915000
1,
#50920000
0,
#50925000
1,
#50930000
0,
#50935000
1,
#50940000
0,
#50945000
1,
#50950000
0,
#50955000
1,
#50956000
08
b111111111111111111111 .
b10101 :
#50960000
0,
#50965000
1,
#50970000
0,
#50975000
1,
#50980000
0,
#50985000
1,
#50990000
0,
#50995000
1,
#51000000
0,
#51005000
1,
#51010000
0,
#51015000
1,
#51020000
0,
#51025000
1,
#51030000
0,
#51035000
1,
#51036000
18
#51040000
0,
#51045000
1,
#51050000
0,
#51055000
1,
#51060000
0,
#51065000
1,
#51070000
0,
#51075000
1,
#51080000
0,
#51085000
1,
#51090000
0,
#51095000
1,
#51100000
0,
#51105000
1,
#51110000
0,
#51115000
1,
#51116000
08
b1111111111111111111111 .
b10110 :
#51120000
0,
#51125000
1,
#51130000
0,
#51135000
1,
#51140000
0,
#51145000
1,
#51150000
0,
#51155000
1,
#51160000
0,
#51165000
1,
#51170000
0,
#51175000
1,
#51180000
0,
#51185000
1,
#51190000
0,
#51195000
1,
#51196000
18
#51200000
0,
#51205000
1,
#51210000
0,
#51215000
1,
#51220000
0,
#51225000
1,
#51230000
0,
#51235000
1,
#51240000
0,
#51245000
1,
#51250000
0,
#51255000
1,
#51260000
0,
#51265000
1,
#51270000
0,
#51275000
1,
#51276000
08
b11111111111111111111111 .
b10111 :
#51280000
0,
#51285000
1,
#51290000
0,
#51295000
1,
#51300000
0,
#51305000
1,
#51310000
0,
#51315000
1,
#51320000
0,
#51325000
1,
#51330000
0,
#51335000
1,
#51340000
0,
#51345000
1,
#51350000
0,
#51355000
1,
#51356000
18
#51360000
0,
#51365000
1,
#51370000
0,
#51375000
1,
#51380000
0,
#51385000
1,
#51390000
0,
#51395000
1,
#51400000
0,
#51405000
1,
#51410000
0,
#51415000
1,
#51420000
0,
#51425000
1,
#51430000
0,
#51435000
1,
#51436000
08
b111111111111111111111111 .
b11000 :
#51440000
0,
#51445000
1,
#51450000
0,
#51455000
1,
#51460000
0,
#51465000
1,
#51470000
0,
#51475000
1,
#51480000
0,
#51485000
1,
#51490000
0,
#51495000
1,
#51500000
0,
#51505000
1,
#51510000
0,
#51515000
1,
#51516000
18
#51520000
0,
#51525000
1,
#51530000
0,
#51535000
1,
#51540000
0,
#51545000
1,
#51550000
0,
#51555000
1,
#51560000
0,
#51565000
1,
#51570000
0,
#51575000
1,
#51580000
0,
#51585000
1,
#51590000
0,
#51595000
1,
#51596000
08
b1111111111111111111111111 .
b11001 :
#51600000
0,
#51605000
1,
#51610000
0,
#51615000
1,
#51620000
0,
#51625000
1,
#51630000
0,
#51635000
1,
#51640000
0,
#51645000
1,
#51650000
0,
#51655000
1,
#51660000
0,
#51665000
1,
#51670000
0,
#51675000
1,
#51676000
18
#51680000
0,
#51685000
1,
#51690000
0,
#51695000
1,
#51700000
0,
#51705000
1,
#51710000
0,
#51715000
1,
#51720000
0,
#51725000
1,
#51730000
0,
#51735000
1,
#51740000
0,
#51745000
1,
#51750000
0,
#51755000
1,
#51756000
08
b11111111111111111111111111 .
b11010 :
#51760000
0,
#51765000
1,
#51770000
0,
#51775000
1,
#51780000
0,
#51785000
1,
#51790000
0,
#51795000
1,
#51800000
0,
#51805000
1,
#51810000
0,
#51815000
1,
#51820000
0,
#51825000
1,
#51830000
0,
#51835000
1,
#51836000
18
#51840000
0,
#51845000
1,
#51850000
0,
#51855000
1,
#51860000
0,
#51865000
1,
#51870000
0,
#51875000
1,
#51880000
0,
#51885000
1,
#51890000
0,
#51895000
1,
#51900000
0,
#51905000
1,
#51910000
0,
#51915000
1,
#51916000
08
b111111111111111111111111111 .
b11011 :
#51920000
0,
#51925000
1,
#51930000
0,
#51935000
1,
#51940000
0,
#51945000
1,
#51950000
0,
#51955000
1,
#51960000
0,
#51965000
1,
#51970000
0,
#51975000
1,
#51980000
0,
#51985000
1,
#51990000
0,
#51995000
1,
#51996000
18
#52000000
0,
#52005000
1,
#52010000
0,
#52015000
1,
#52020000
0,
#52025000
1,
#52030000
0,
#52035000
1,
#52040000
0,
#52045000
1,
#52050000
0,
#52055000
1,
#52060000
0,
#52065000
1,
#52070000
0,
#52075000
1,
#52076000
08
b1111111111111111111111111111 .
b11100 :
#52080000
0,
#52085000
1,
#52090000
0,
#52095000
1,
#52100000
0,
#52105000
1,
#52110000
0,
#52115000
1,
#52120000
0,
#52125000
1,
#52130000
0,
#52135000
1,
#52140000
0,
#52145000
1,
#52150000
0,
#52155000
1,
#52156000
18
#52160000
0,
#52165000
1,
#52170000
0,
#52175000
1,
#52180000
0,
#52185000
1,
#52190000
0,
#52195000
1,
#52200000
0,
#52205000
1,
#52210000
0,
#52215000
1,
#52220000
0,
#52225000
1,
#52230000
0,
#52235000
1,
#52236000
08
b11111111111111111111111111111 .
b11101 :
#52240000
0,
#52245000
1,
#52250000
0,
#52255000
1,
#52260000
0,
#52265000
1,
#52270000
0,
#52275000
1,
#52280000
0,
#52285000
1,
#52290000
0,
#52295000
1,
#52300000
0,
#52305000
1,
#52310000
0,
#52315000
1,
#52316000
18
#52320000
0,
#52325000
1,
#52330000
0,
#52335000
1,
#52340000
0,
#52345000
1,
#52350000
0,
#52355000
1,
#52360000
0,
#52365000
1,
#52370000
0,
#52375000
1,
#52380000
0,
#52385000
1,
#52390000
0,
#52395000
1,
#52396000
08
b111111111111111111111111111111 .
b11110 :
#52400000
0,
#52405000
1,
#52410000
0,
#52415000
1,
#52420000
0,
#52425000
1,
#52430000
0,
#52435000
1,
#52440000
0,
#52445000
1,
#52450000
0,
#52455000
1,
#52460000
0,
#52465000
1,
#52470000
0,
#52475000
1,
#52476000
18
#52480000
0,
#52485000
1,
#52490000
0,
#52495000
1,
#52500000
0,
#52505000
1,
#52510000
0,
#52515000
1,
#52520000
0,
#52525000
1,
#52530000
0,
#52535000
1,
#52540000
0,
#52545000
1,
#52550000
0,
#52555000
1,
#52556000
08
b1111111111111111111111111111111 .
b11111 :
#52560000
0,
#52565000
1,
#52570000
0,
#52575000
1,
#52580000
0,
#52585000
1,
#52590000
0,
#52595000
1,
#52600000
0,
#52605000
1,
#52610000
0,
#52615000
1,
#52620000
0,
#52625000
1,
#52630000
0,
#52635000
1,
#52636000
18
#52640000
0,
#52645000
1,
#52650000
0,
#52655000
1,
#52660000
0,
#52665000
1,
#52670000
0,
#52675000
1,
#52680000
0,
#52685000
1,
#52690000
0,
#52695000
1,
#52700000
0,
#52705000
1,
#52710000
0,
#52715000
1,
#52716000
08
b11111111111111111111111111111111 .
b100000 :
#52720000
0,
#52725000
1,
#52730000
0,
#52735000
1,
#52740000
0,
#52745000
1,
#52750000
0,
#52755000
1,
#52760000
0,
#52765000
1,
#52770000
0,
#52775000
1,
#52780000
0,
#52785000
1,
#52790000
0,
#52795000
1,
#52796000
18
#52800000
0,
#52805000
1,
#52810000
0,
#52815000
1,
#52820000
0,
#52825000
1,
#52830000
0,
#52835000
1,
#52840000
0,
#52845000
1,
#52850000
0,
#52855000
1,
#52860000
0,
#52865000
1,
#52870000
0,
#52875000
1,
#52876000
08
b111111111111111111111111111111111 .
b100001 :
#52880000
0,
#52885000
1,
#52890000
0,
#52895000
1,
#52900000
0,
#52905000
1,
#52910000
0,
#52915000
1,
#52920000
0,
#52925000
1,
#52930000
0,
#52935000
1,
#52940000
0,
#52945000
1,
#52950000
0,
#52955000
1,
#52956000
18
#52960000
0,
#52965000
1,
#52970000
0,
#52975000
1,
#52980000
0,
#52985000
1,
#52990000
0,
#52995000
1,
#53000000
0,
#53005000
1,
#53010000
0,
#53015000
1,
#53020000
0,
#53025000
1,
#53030000
0,
#53035000
1,
#53036000
08
b1111111111111111111111111111111111 .
b100010 :
#53040000
0,
#53045000
1,
#53050000
0,
#53055000
1,
#53060000
0,
#53065000
1,
#53070000
0,
#53075000
1,
#53080000
0,
#53085000
1,
#53090000
0,
#53095000
1,
#53100000
0,
#53105000
1,
#53110000
0,
#53115000
1,
#53116000
18
#53120000
0,
#53125000
1,
#53130000
0,
#53135000
1,
#53140000
0,
#53145000
1,
#53150000
0,
#53155000
1,
#53160000
0,
#53165000
1,
#53170000
0,
#53175000
1,
#53180000
0,
#53185000
1,
#53190000
0,
#53195000
1,
#53196000
08
b11111111111111111111111111111111111 .
b100011 :
#53200000
0,
#53205000
1,
#53210000
0,
#53215000
1,
#53220000
0,
#53225000
1,
#53230000
0,
#53235000
1,
#53240000
0,
#53245000
1,
#53250000
0,
#53255000
1,
#53260000
0,
#53265000
1,
#53270000
0,
#53275000
1,
#53276000
18
#53280000
0,
#53285000
1,
#53290000
0,
#53295000
1,
#53300000
0,
#53305000
1,
#53310000
0,
#53315000
1,
#53320000
0,
#53325000
1,
#53330000
0,
#53335000
1,
#53340000
0,
#53345000
1,
#53350000
0,
#53355000
1,
#53356000
08
b111111111111111111111111111111111111 .
b100100 :
#53360000
0,
#53365000
1,
#53370000
0,
#53375000
1,
#53380000
0,
#53385000
1,
#53390000
0,
#53395000
1,
#53400000
0,
#53405000
1,
#53410000
0,
#53415000
1,
#53420000
0,
#53425000
1,
#53430000
0,
#53435000
1,
#53436000
18
#53440000
0,
#53445000
1,
#53450000
0,
#53455000
1,
#53460000
0,
#53465000
1,
#53470000
0,
#53475000
1,
#53480000
0,
#53485000
1,
#53490000
0,
#53495000
1,
#53500000
0,
#53505000
1,
#53510000
0,
#53515000
1,
#53516000
08
b1111111111111111111111111111111111111 .
b100101 :
#53520000
0,
#53525000
1,
#53530000
0,
#53535000
1,
#53540000
0,
#53545000
1,
#53550000
0,
#53555000
1,
#53560000
0,
#53565000
1,
#53570000
0,
#53575000
1,
#53580000
0,
#53585000
1,
#53590000
0,
#53595000
1,
#53596000
18
#53600000
0,
#53605000
1,
#53610000
0,
#53615000
1,
#53620000
0,
#53625000
1,
#53630000
0,
#53635000
1,
#53640000
0,
#53645000
1,
#53650000
0,
#53655000
1,
#53660000
0,
#53665000
1,
#53670000
0,
#53675000
1,
#53676000
08
b11111111111111111111111111111111111111 .
b100110 :
#53680000
0,
#53685000
1,
#53690000
0,
#53695000
1,
#53700000
0,
#53705000
1,
#53710000
0,
#53715000
1,
#53720000
0,
#53725000
1,
#53730000
0,
#53735000
1,
#53740000
0,
#53745000
1,
#53750000
0,
#53755000
1,
#53756000
18
#53760000
0,
#53765000
1,
#53770000
0,
#53775000
1,
#53780000
0,
#53785000
1,
#53790000
0,
#53795000
1,
#53800000
0,
#53805000
1,
#53810000
0,
#53815000
1,
#53820000
0,
#53825000
1,
#53830000
0,
#53835000
1,
#53836000
08
b111111111111111111111111111111111111111 .
b100111 :
#53840000
0,
#53845000
1,
#53850000
0,
#53855000
1,
#53860000
0,
#53865000
1,
#53870000
0,
#53875000
1,
#53880000
0,
#53885000
1,
#53890000
0,
#53895000
1,
#53900000
0,
#53905000
1,
#53910000
0,
#53915000
1,
#53916000
18
#53920000
0,
#53925000
1,
#53930000
0,
#53935000
1,
#53940000
0,
#53945000
1,
#53950000
0,
#53955000
1,
#53960000
0,
#53965000
1,
#53970000
0,
#53975000
1,
#53980000
0,
#53985000
1,
#53990000
0,
#53995000
1,
#53996000
08
b1111111111111111111111111111111111111111 .
b101000 :
#54000000
0,
#54005000
1,
#54010000
0,
#54015000
1,
#54020000
0,
#54025000
1,
#54030000
0,
#54035000
1,
#54040000
0,
#54045000
1,
#54050000
0,
#54055000
1,
#54060000
0,
#54065000
1,
#54070000
0,
#54075000
1,
#54076000
18
#54080000
0,
#54085000
1,
#54090000
0,
#54095000
1,
#54100000
0,
#54105000
1,
#54110000
0,
#54115000
1,
#54120000
0,
#54125000
1,
#54130000
0,
#54135000
1,
#54140000
0,
#54145000
1,
#54150000
0,
#54155000
1,
#54156000
08
b11111111111111111111111111111111111111111 .
b101001 :
#54160000
0,
#54165000
1,
#54170000
0,
#54175000
1,
#54180000
0,
#54185000
1,
#54190000
0,
#54195000
1,
#54200000
0,
#54205000
1,
#54210000
0,
#54215000
1,
#54220000
0,
#54225000
1,
#54230000
0,
#54235000
1,
#54236000
18
#54240000
0,
#54245000
1,
#54250000
0,
#54255000
1,
#54260000
0,
#54265000
1,
#54270000
0,
#54275000
1,
#54280000
0,
#54285000
1,
#54290000
0,
#54295000
1,
#54300000
0,
#54305000
1,
#54310000
0,
#54315000
1,
#54316000
08
b111111111111111111111111111111111111111111 .
b101010 :
#54320000
0,
#54325000
1,
#54330000
0,
#54335000
1,
#54340000
0,
#54345000
1,
#54350000
0,
#54355000
1,
#54360000
0,
#54365000
1,
#54370000
0,
#54375000
1,
#54380000
0,
#54385000
1,
#54390000
0,
#54395000
1,
#54396000
18
#54400000
0,
#54405000
1,
#54410000
0,
#54415000
1,
#54420000
0,
#54425000
1,
#54430000
0,
#54435000
1,
#54440000
0,
#54445000
1,
#54450000
0,
#54455000
1,
#54460000
0,
#54465000
1,
#54470000
0,
#54475000
1,
#54476000
08
b1111111111111111111111111111111111111111111 .
b101011 :
#54480000
0,
#54485000
1,
#54490000
0,
#54495000
1,
#54500000
0,
#54505000
1,
#54510000
0,
#54515000
1,
#54520000
0,
#54525000
1,
#54530000
0,
#54535000
1,
#54540000
0,
#54545000
1,
#54550000
0,
#54555000
1,
#54556000
18
#54560000
0,
#54565000
1,
#54570000
0,
#54575000
1,
#54580000
0,
#54585000
1,
#54590000
0,
#54595000
1,
#54600000
0,
#54605000
1,
#54610000
0,
#54615000
1,
#54620000
0,
#54625000
1,
#54630000
0,
#54635000
1,
#54636000
08
b11111111111111111111111111111111111111111111 .
b101100 :
#54640000
0,
#54645000
1,
#54650000
0,
#54655000
1,
#54660000
0,
#54665000
1,
#54670000
0,
#54675000
1,
#54680000
0,
#54685000
1,
#54690000
0,
#54695000
1,
#54700000
0,
#54705000
1,
#54710000
0,
#54715000
1,
#54716000
18
#54720000
0,
#54725000
1,
#54730000
0,
#54735000
1,
#54740000
0,
#54745000
1,
#54750000
0,
#54755000
1,
#54760000
0,
#54765000
1,
#54770000
0,
#54775000
1,
#54780000
0,
#54785000
1,
#54790000
0,
#54795000
1,
#54796000
08
b111111111111111111111111111111111111111111111 .
b101101 :
#54800000
0,
#54805000
1,
#54810000
0,
#54815000
1,
#54820000
0,
#54825000
1,
#54830000
0,
#54835000
1,
#54840000
0,
#54845000
1,
#54850000
0,
#54855000
1,
#54860000
0,
#54865000
1,
#54870000
0,
#54875000
1,
#54876000
18
#54880000
0,
#54885000
1,
#54890000
0,
#54895000
1,
#54900000
0,
#54905000
1,
#54910000
0,
#54915000
1,
#54920000
0,
#54925000
1,
#54930000
0,
#54935000
1,
#54940000
0,
#54945000
1,
#54950000
0,
#54955000
1,
#54956000
08
b1111111111111111111111111111111111111111111111 .
b101110 :
#54960000
0,
#54965000
1,
#54970000
0,
#54975000
1,
#54980000
0,
#54985000
1,
#54990000
0,
#54995000
1,
#55000000
0,
#55005000
1,
#55010000
0,
#55015000
1,
#55020000
0,
#55025000
1,
#55030000
0,
#55035000
1,
#55036000
18
#55040000
0,
#55045000
1,
#55050000
0,
#55055000
1,
#55060000
0,
#55065000
1,
#55070000
0,
#55075000
1,
#55080000
0,
#55085000
1,
#55090000
0,
#55095000
1,
#55100000
0,
#55105000
1,
#55110000
0,
#55115000
1,
#55116000
08
b11111111111111111111111111111111111111111111111 .
b101111 :
#55120000
0,
#55125000
1,
#55130000
0,
#55135000
1,
#55140000
0,
#55145000
1,
#55150000
0,
#55155000
1,
#55160000
0,
#55165000
1,
#55170000
0,
#55175000
1,
#55180000
0,
#55185000
1,
#55190000
0,
#55195000
1,
#55196000
18
#55200000
0,
#55205000
1,
#55210000
0,
#55215000
1,
#55220000
0,
#55225000
1,
#55230000
0,
#55235000
1,
#55240000
0,
#55245000
1,
#55250000
0,
#55255000
1,
#55260000
0,
#55265000
1,
#55270000
0,
#55275000
1,
#55276000
08
b111111111111111111111111111111111111111111111111 .
b110000 :
#55280000
0,
#55285000
1,
#55290000
0,
#55295000
1,
#55300000
0,
#55305000
1,
#55310000
0,
#55315000
1,
#55320000
0,
#55325000
1,
#55330000
0,
#55335000
1,
#55340000
0,
#55345000
1,
#55350000
0,
#55355000
1,
#55356000
18
#55360000
0,
#55365000
1,
#55370000
0,
#55375000
1,
#55380000
0,
#55385000
1,
#55390000
0,
#55395000
1,
#55400000
0,
#55405000
1,
#55410000
0,
#55415000
1,
#55420000
0,
#55425000
1,
#55430000
0,
#55435000
1,
#55436000
b110001 :
#55440000
0,
#55445000
1,
#55450000
0,
#55455000
1,
#55460000
0,
#55465000
1,
#55470000
0,
#55475000
1,
#55480000
0,
#55485000
1,
#55490000
0,
#55495000
1,
#55500000
0,
#55505000
1,
#55510000
0,
#55515000
1,
#55516000
08
#55520000
0,
#55525000
1,
#55530000
0,
#55535000
1,
#55540000
0,
#55545000
1,
#55550000
0,
#55555000
1,
#55560000
0,
#55565000
1,
#55570000
0,
#55575000
1,
#55580000
0,
#55585000
1,
#55590000
0,
#55595000
1,
#55596000
18
b110010 :
#55600000
0,
#55605000
1,
#55610000
0,
#55615000
1,
#55620000
0,
#55625000
1,
#55630000
0,
#55635000
1,
#55640000
0,
#55645000
1,
#55650000
0,
#55655000
1,
#55660000
0,
#55665000
1,
#55670000
0,
#55675000
1,
#55676000
08
#55680000
0,
#55685000
1,
#55690000
0,
#55695000
1,
#55700000
0,
#55705000
1,
#55710000
0,
#55715000
1,
#55720000
0,
#55725000
1,
#55730000
0,
#55735000
1,
#55740000
0,
#55745000
1,
#55750000
0,
#55755000
1,
#55756000
18
b110011 :
#55760000
0,
#55765000
1,
#55770000
0,
#55775000
1,
#55780000
0,
#55785000
1,
#55790000
0,
#55795000
1,
#55800000
0,
#55805000
1,
#55810000
0,
#55815000
1,
#55820000
0,
#55825000
1,
#55830000
0,
#55835000
1,
#55836000
08
#55840000
0,
#55845000
1,
#55850000
0,
#55855000
1,
#55860000
0,
#55865000
1,
#55870000
0,
#55875000
1,
#55880000
0,
#55885000
1,
#55890000
0,
#55895000
1,
#55900000
0,
#55905000
1,
#55910000
0,
#55915000
1,
#55916000
18
b110100 :
#55920000
0,
#55925000
1,
#55930000
0,
#55935000
1,
#55940000
0,
#55945000
1,
#55950000
0,
#55955000
1,
#55960000
0,
#55965000
1,
#55970000
0,
#55975000
1,
#55980000
0,
#55985000
1,
#55990000
0,
#55995000
1,
#55996000
08
#56000000
0,
#56005000
1,
#56010000
0,
#56015000
1,
#56020000
0,
#56025000
1,
#56030000
0,
#56035000
1,
#56040000
0,
#56045000
1,
#56050000
0,
#56055000
1,
#56060000
0,
#56065000
1,
#56070000
0,
#56075000
1,
#56076000
18
b110101 :
#56080000
0,
#56085000
1,
#56090000
0,
#56095000
1,
#56100000
0,
#56105000
1,
#56110000
0,
#56115000
1,
#56120000
0,
#56125000
1,
#56130000
0,
#56135000
1,
#56140000
0,
#56145000
1,
#56150000
0,
#56155000
1,
#56156000
08
#56160000
0,
#56165000
1,
#56170000
0,
#56175000
1,
#56180000
0,
#56185000
1,
#56190000
0,
#56195000
1,
#56200000
0,
#56205000
1,
#56210000
0,
#56215000
1,
#56220000
0,
#56225000
1,
#56230000
0,
#56235000
1,
#56236000
18
b110110 :
#56240000
0,
#56245000
1,
#56250000
0,
#56255000
1,
#56260000
0,
#56265000
1,
#56270000
0,
#56275000
1,
#56280000
0,
#56285000
1,
#56290000
0,
#56295000
1,
#56300000
0,
#56305000
1,
#56310000
0,
#56315000
1,
#56316000
08
#56320000
0,
#56325000
1,
#56330000
0,
#56335000
1,
#56340000
0,
#56345000
1,
#56350000
0,
#56355000
1,
#56360000
0,
#56365000
1,
#56370000
0,
#56375000
1,
#56380000
0,
#56385000
1,
#56390000
0,
#56395000
1,
#56396000
b1000000111111111111111111111111111111111111111111111111 .
b110111 :
#56400000
0,
#56405000
1,
#56410000
0,
#56415000
1,
#56420000
0,
#56425000
1,
#56430000
0,
#56435000
1,
#56440000
0,
#56445000
1,
#56450000
0,
#56455000
1,
#56460000
0,
#56465000
1,
#56470000
0,
#56475000
1,
#56476000
18
#56480000
0,
#56485000
1,
#56490000
0,
#56495000
1,
#56500000
0,
#56505000
1,
#56510000
0,
#56515000
1,
#56520000
0,
#56525000
1,
#56530000
0,
#56535000
1,
#56540000
0,
#56545000
1,
#56550000
0,
#56555000
1,
#56556000
b111000 :
#56560000
0,
#56565000
1,
#56570000
0,
#56575000
1,
#56580000
0,
#56585000
1,
#56590000
0,
#56595000
1,
#56600000
0,
#56605000
1,
#56610000
0,
#56615000
1,
#56620000
0,
#56625000
1,
#56630000
0,
#56635000
1,
#56636000
08
#56640000
0,
#56645000
1,
#56650000
0,
#56655000
1,
#56660000
0,
#56665000
1,
#56670000
0,
#56675000
1,
#56680000
0,
#56685000
1,
#56690000
0,
#56695000
1,
#56700000
0,
#56705000
1,
#56710000
0,
#56715000
1,
#56716000
18
b111001 :
#56720000
0,
#56725000
1,
#56730000
0,
#56735000
1,
#56740000
0,
#56745000
1,
#56750000
0,
#56755000
1,
#56760000
0,
#56765000
1,
#56770000
0,
#56775000
1,
#56780000
0,
#56785000
1,
#56790000
0,
#56795000
1,
#56796000
08
#56800000
0,
#56805000
1,
#56810000
0,
#56815000
1,
#56820000
0,
#56825000
1,
#56830000
0,
#56835000
1,
#56840000
0,
#56845000
1,
#56850000
0,
#56855000
1,
#56860000
0,
#56865000
1,
#56870000
0,
#56875000
1,
#56876000
18
b111010 :
#56880000
0,
#56885000
1,
#56890000
0,
#56895000
1,
#56900000
0,
#56905000
1,
#56910000
0,
#56915000
1,
#56920000
0,
#56925000
1,
#56930000
0,
#56935000
1,
#56940000
0,
#56945000
1,
#56950000
0,
#56955000
1,
#56956000
08
#56960000
0,
#56965000
1,
#56970000
0,
#56975000
1,
#56980000
0,
#56985000
1,
#56990000
0,
#56995000
1,
#57000000
0,
#57005000
1,
#57010000
0,
#57015000
1,
#57020000
0,
#57025000
1,
#57030000
0,
#57035000
1,
#57036000
18
b111011 :
#57040000
0,
#57045000
1,
#57050000
0,
#57055000
1,
#57060000
0,
#57065000
1,
#57070000
0,
#57075000
1,
#57080000
0,
#57085000
1,
#57090000
0,
#57095000
1,
#57100000
0,
#57105000
1,
#57110000
0,
#57115000
1,
#57116000
08
#57120000
0,
#57125000
1,
#57130000
0,
#57135000
1,
#57140000
0,
#57145000
1,
#57150000
0,
#57155000
1,
#57160000
0,
#57165000
1,
#57170000
0,
#57175000
1,
#57180000
0,
#57185000
1,
#57190000
0,
#57195000
1,
#57196000
18
b111100 :
#57200000
0,
#57205000
1,
#57210000
0,
#57215000
1,
#57220000
0,
#57225000
1,
#57230000
0,
#57235000
1,
#57240000
0,
#57245000
1,
#57250000
0,
#57255000
1,
#57260000
0,
#57265000
1,
#57270000
0,
#57275000
1,
#57276000
08
#57280000
0,
#57285000
1,
#57290000
0,
#57295000
1,
#57300000
0,
#57305000
1,
#57310000
0,
#57315000
1,
#57320000
0,
#57325000
1,
#57330000
0,
#57335000
1,
#57340000
0,
#57345000
1,
#57350000
0,
#57355000
1,
#57356000
18
b111101 :
#57360000
0,
#57365000
1,
#57370000
0,
#57375000
1,
#57380000
0,
#57385000
1,
#57390000
0,
#57395000
1,
#57400000
0,
#57405000
1,
#57410000
0,
#57415000
1,
#57420000
0,
#57425000
1,
#57430000
0,
#57435000
1,
#57436000
08
#57440000
0,
#57445000
1,
#57450000
0,
#57455000
1,
#57460000
0,
#57465000
1,
#57470000
0,
#57475000
1,
#57480000
0,
#57485000
1,
#57490000
0,
#57495000
1,
#57500000
0,
#57505000
1,
#57510000
0,
#57515000
1,
#57516000
18
b111110 :
#57520000
0,
#57525000
1,
#57530000
0,
#57535000
1,
#57540000
0,
#57545000
1,
#57550000
0,
#57555000
1,
#57560000
0,
#57565000
1,
#57570000
0,
#57575000
1,
#57580000
0,
#57585000
1,
#57590000
0,
#57595000
1,
#57596000
08
#57600000
0,
#57605000
1,
#57610000
0,
#57615000
1,
#57620000
0,
#57625000
1,
#57630000
0,
#57635000
1,
#57640000
0,
#57645000
1,
#57650000
0,
#57655000
1,
#57660000
0,
#57665000
1,
#57670000
0,
#57675000
1,
#57676000
18
b111111 :
#57680000
0,
#57685000
1,
#57690000
0,
#57695000
1,
#57700000
0,
#57705000
1,
#57710000
0,
#57715000
1,
#57720000
0,
#57725000
1,
#57730000
0,
#57735000
1,
#57740000
0,
#57745000
1,
#57750000
0,
#57755000
1,
#57756000
08
#57760000
0,
#57765000
1,
#57770000
0,
#57775000
1,
#57780000
0,
#57785000
1,
#57790000
0,
#57795000
1,
#57800000
0,
#57805000
1,
#57810000
0,
#57815000
1,
#57820000
0,
#57825000
1,
#57830000
0,
#57835000
1,
#57836000
18
b1000000 :
#57840000
0,
#57845000
1,
#57850000
0,
#57855000
1,
#57860000
0,
#57865000
1,
#57870000
0,
#57875000
1,
#57880000
0,
#57885000
1,
#57890000
0,
#57895000
1,
#57900000
0,
#57905000
1,
#57910000
0,
#57915000
1,
#57916000
08
#57920000
0,
#57925000
1,
#57930000
0,
#57935000
1,
#57940000
0,
#57945000
1,
#57950000
0,
#57955000
1,
#57960000
0,
#57965000
1,
#57970000
0,
#57975000
1,
#57980000
0,
#57985000
1,
#57990000
0,
#57995000
1,
#57996000
18
b1000001 :
#58000000
0,
#58005000
1,
#58010000
0,
#58015000
1,
#58020000
0,
#58025000
1,
#58030000
0,
#58035000
1,
#58040000
0,
#58045000
1,
#58050000
0,
#58055000
1,
#58060000
0,
#58065000
1,
#58070000
0,
#58075000
1,
#58076000
08
#58080000
0,
#58085000
1,
#58090000
0,
#58095000
1,
#58100000
0,
#58105000
1,
#58110000
0,
#58115000
1,
#58120000
0,
#58125000
1,
#58130000
0,
#58135000
1,
#58140000
0,
#58145000
1,
#58150000
0,
#58155000
1,
#58156000
18
b1000010 :
#58160000
0,
#58165000
1,
#58170000
0,
#58175000
1,
#58180000
0,
#58185000
1,
#58190000
0,
#58195000
1,
#58200000
0,
#58205000
1,
#58210000
0,
#58215000
1,
#58220000
0,
#58225000
1,
#58230000
0,
#58235000
1,
#58236000
08
#58240000
0,
#58245000
1,
#58250000
0,
#58255000
1,
#58260000
0,
#58265000
1,
#58270000
0,
#58275000
1,
#58280000
0,
#58285000
1,
#58290000
0,
#58295000
1,
#58300000
0,
#58305000
1,
#58310000
0,
#58315000
1,
#58316000
18
b1000011 :
#58320000
0,
#58325000
1,
#58330000
0,
#58335000
1,
#58340000
0,
#58345000
1,
#58350000
0,
#58355000
1,
#58360000
0,
#58365000
1,
#58370000
0,
#58375000
1,
#58380000
0,
#58385000
1,
#58390000
0,
#58395000
1,
#58396000
08
#58400000
0,
#58405000
1,
#58410000
0,
#58415000
1,
#58420000
0,
#58425000
1,
#58430000
0,
#58435000
1,
#58440000
0,
#58445000
1,
#58450000
0,
#58455000
1,
#58460000
0,
#58465000
1,
#58470000
0,
#58475000
1,
#58476000
18
b1000100 :
#58480000
0,
#58485000
1,
#58490000
0,
#58495000
1,
#58500000
0,
#58505000
1,
#58510000
0,
#58515000
1,
#58520000
0,
#58525000
1,
#58530000
0,
#58535000
1,
#58540000
0,
#58545000
1,
#58550000
0,
#58555000
1,
#58556000
08
#58560000
0,
#58565000
1,
#58570000
0,
#58575000
1,
#58580000
0,
#58585000
1,
#58590000
0,
#58595000
1,
#58600000
0,
#58605000
1,
#58610000
0,
#58615000
1,
#58620000
0,
#58625000
1,
#58630000
0,
#58635000
1,
#58636000
18
b1000101 :
#58640000
0,
#58645000
1,
#58650000
0,
#58655000
1,
#58660000
0,
#58665000
1,
#58670000
0,
#58675000
1,
#58680000
0,
#58685000
1,
#58690000
0,
#58695000
1,
#58700000
0,
#58705000
1,
#58710000
0,
#58715000
1,
#58716000
08
#58720000
0,
#58725000
1,
#58730000
0,
#58735000
1,
#58740000
0,
#58745000
1,
#58750000
0,
#58755000
1,
#58760000
0,
#58765000
1,
#58770000
0,
#58775000
1,
#58780000
0,
#58785000
1,
#58790000
0,
#58795000
1,
#58796000
18
b1000110 :
#58800000
0,
#58805000
1,
#58810000
0,
#58815000
1,
#58820000
0,
#58825000
1,
#58830000
0,
#58835000
1,
#58840000
0,
#58845000
1,
#58850000
0,
#58855000
1,
#58860000
0,
#58865000
1,
#58870000
0,
#58875000
1,
#58876000
08
#58880000
0,
#58885000
1,
#58890000
0,
#58895000
1,
#58900000
0,
#58905000
1,
#58910000
0,
#58915000
1,
#58920000
0,
#58925000
1,
#58930000
0,
#58935000
1,
#58940000
0,
#58945000
1,
#58950000
0,
#58955000
1,
#58956000
18
b1000111 :
#58960000
0,
#58965000
1,
#58970000
0,
#58975000
1,
#58980000
0,
#58985000
1,
#58990000
0,
#58995000
1,
#59000000
0,
#59005000
1,
#59010000
0,
#59015000
1,
#59020000
0,
#59025000
1,
#59030000
0,
#59035000
1,
#59036000
08
#59040000
0,
#59045000
1,
#59050000
0,
#59055000
1,
#59060000
0,
#59065000
1,
#59070000
0,
#59075000
1,
#59080000
0,
#59085000
1,
#59090000
0,
#59095000
1,
#59100000
0,
#59105000
1,
#59110000
0,
#59115000
1,
#59116000
18
b1001000 :
#59120000
0,
#59125000
1,
#59130000
0,
#59135000
1,
#59140000
0,
#59145000
1,
#59150000
0,
#59155000
1,
#59160000
0,
#59165000
1,
#59170000
0,
#59175000
1,
#59180000
0,
#59185000
1,
#59190000
0,
#59195000
1,
#59196000
08
#59200000
0,
#59205000
1,
#59210000
0,
#59215000
1,
#59220000
0,
#59225000
1,
#59230000
0,
#59235000
1,
#59240000
0,
#59245000
1,
#59250000
0,
#59255000
1,
#59260000
0,
#59265000
1,
#59270000
0,
#59275000
1,
#59276000
18
b1001001 :
#59280000
0,
#59285000
1,
#59290000
0,
#59295000
1,
#59300000
0,
#59305000
1,
#59310000
0,
#59315000
1,
#59320000
0,
#59325000
1,
#59330000
0,
#59335000
1,
#59340000
0,
#59345000
1,
#59350000
0,
#59355000
1,
#59356000
08
#59360000
0,
#59365000
1,
#59370000
0,
#59375000
1,
#59380000
0,
#59385000
1,
#59390000
0,
#59395000
1,
#59400000
0,
#59405000
1,
#59410000
0,
#59415000
1,
#59420000
0,
#59425000
1,
#59430000
0,
#59435000
1,
#59436000
18
b1001010 :
#59440000
0,
#59445000
1,
#59450000
0,
#59455000
1,
#59460000
0,
#59465000
1,
#59470000
0,
#59475000
1,
#59480000
0,
#59485000
1,
#59490000
0,
#59495000
1,
#59500000
0,
#59505000
1,
#59510000
0,
#59515000
1,
#59516000
08
#59520000
0,
#59525000
1,
#59530000
0,
#59535000
1,
#59540000
0,
#59545000
1,
#59550000
0,
#59555000
1,
#59560000
0,
#59565000
1,
#59570000
0,
#59575000
1,
#59580000
0,
#59585000
1,
#59590000
0,
#59595000
1,
#59596000
18
b1001011 :
#59600000
0,
#59605000
1,
#59610000
0,
#59615000
1,
#59620000
0,
#59625000
1,
#59630000
0,
#59635000
1,
#59640000
0,
#59645000
1,
#59650000
0,
#59655000
1,
#59660000
0,
#59665000
1,
#59670000
0,
#59675000
1,
#59676000
08
#59680000
0,
#59685000
1,
#59690000
0,
#59695000
1,
#59700000
0,
#59705000
1,
#59710000
0,
#59715000
1,
#59720000
0,
#59725000
1,
#59730000
0,
#59735000
1,
#59740000
0,
#59745000
1,
#59750000
0,
#59755000
1,
#59756000
18
b1001100 :
#59760000
0,
#59765000
1,
#59770000
0,
#59775000
1,
#59780000
0,
#59785000
1,
#59790000
0,
#59795000
1,
#59800000
0,
#59805000
1,
#59810000
0,
#59815000
1,
#59820000
0,
#59825000
1,
#59830000
0,
#59835000
1,
#59836000
08
#59840000
0,
#59845000
1,
#59850000
0,
#59855000
1,
#59860000
0,
#59865000
1,
#59870000
0,
#59875000
1,
#59880000
0,
#59885000
1,
#59890000
0,
#59895000
1,
#59900000
0,
#59905000
1,
#59910000
0,
#59915000
1,
#59916000
18
b1001101 :
#59920000
0,
#59925000
1,
#59930000
0,
#59935000
1,
#59940000
0,
#59945000
1,
#59950000
0,
#59955000
1,
#59960000
0,
#59965000
1,
#59970000
0,
#59975000
1,
#59980000
0,
#59985000
1,
#59990000
0,
#59995000
1,
#59996000
08
#60000000
0,
#60005000
1,
#60010000
0,
#60015000
1,
#60020000
0,
#60025000
1,
#60030000
0,
#60035000
1,
#60040000
0,
#60045000
1,
#60050000
0,
#60055000
1,
#60060000
0,
#60065000
1,
#60070000
0,
#60075000
1,
#60076000
18
b1001110 :
#60080000
0,
#60085000
1,
#60090000
0,
#60095000
1,
#60100000
0,
#60105000
1,
#60110000
0,
#60115000
1,
#60120000
0,
#60125000
1,
#60130000
0,
#60135000
1,
#60140000
0,
#60145000
1,
#60150000
0,
#60155000
1,
#60156000
08
#60160000
0,
#60165000
1,
#60170000
0,
#60175000
1,
#60180000
0,
#60185000
1,
#60190000
0,
#60195000
1,
#60200000
0,
#60205000
1,
#60210000
0,
#60215000
1,
#60220000
0,
#60225000
1,
#60230000
0,
#60235000
1,
#60236000
18
b1001111 :
#60240000
0,
#60245000
1,
#60250000
0,
#60255000
1,
#60260000
0,
#60265000
1,
#60270000
0,
#60275000
1,
#60280000
0,
#60285000
1,
#60290000
0,
#60295000
1,
#60300000
0,
#60305000
1,
#60310000
0,
#60315000
1,
#60316000
08
#60320000
0,
#60325000
1,
#60330000
0,
#60335000
1,
#60340000
0,
#60345000
1,
#60350000
0,
#60355000
1,
#60360000
0,
#60365000
1,
#60370000
0,
#60375000
1,
#60380000
0,
#60385000
1,
#60390000
0,
#60395000
1,
#60396000
18
b1010000 :
#60400000
0,
#60405000
1,
#60410000
0,
#60415000
1,
#60420000
0,
#60425000
1,
#60430000
0,
#60435000
1,
#60440000
0,
#60445000
1,
#60450000
0,
#60455000
1,
#60460000
0,
#60465000
1,
#60470000
0,
#60475000
1,
#60476000
08
#60480000
0,
#60485000
1,
#60490000
0,
#60495000
1,
#60500000
0,
#60505000
1,
#60510000
0,
#60515000
1,
#60520000
0,
#60525000
1,
#60530000
0,
#60535000
1,
#60540000
0,
#60545000
1,
#60550000
0,
#60555000
1,
#60556000
18
b1010001 :
#60560000
0,
#60565000
1,
#60570000
0,
#60575000
1,
#60580000
0,
#60585000
1,
#60590000
0,
#60595000
1,
#60600000
0,
#60605000
1,
#60610000
0,
#60615000
1,
#60620000
0,
#60625000
1,
#60630000
0,
#60635000
1,
#60636000
08
#60640000
0,
#60645000
1,
#60650000
0,
#60655000
1,
#60660000
0,
#60665000
1,
#60670000
0,
#60675000
1,
#60680000
0,
#60685000
1,
#60690000
0,
#60695000
1,
#60700000
0,
#60705000
1,
#60710000
0,
#60715000
1,
#60716000
18
b1010010 :
#60720000
0,
#60725000
1,
#60730000
0,
#60735000
1,
#60740000
0,
#60745000
1,
#60750000
0,
#60755000
1,
#60760000
0,
#60765000
1,
#60770000
0,
#60775000
1,
#60780000
0,
#60785000
1,
#60790000
0,
#60795000
1,
#60796000
08
#60800000
0,
#60805000
1,
#60810000
0,
#60815000
1,
#60820000
0,
#60825000
1,
#60830000
0,
#60835000
1,
#60840000
0,
#60845000
1,
#60850000
0,
#60855000
1,
#60860000
0,
#60865000
1,
#60870000
0,
#60875000
1,
#60876000
18
b1010011 :
#60880000
0,
#60885000
1,
#60890000
0,
#60895000
1,
#60900000
0,
#60905000
1,
#60910000
0,
#60915000
1,
#60920000
0,
#60925000
1,
#60930000
0,
#60935000
1,
#60940000
0,
#60945000
1,
#60950000
0,
#60955000
1,
#60956000
08
#60960000
0,
#60965000
1,
#60970000
0,
#60975000
1,
#60980000
0,
#60985000
1,
#60990000
0,
#60995000
1,
#61000000
0,
#61005000
1,
#61010000
0,
#61015000
1,
#61020000
0,
#61025000
1,
#61030000
0,
#61035000
1,
#61036000
18
b1010100 :
#61040000
0,
#61045000
1,
#61050000
0,
#61055000
1,
#61060000
0,
#61065000
1,
#61070000
0,
#61075000
1,
#61080000
0,
#61085000
1,
#61090000
0,
#61095000
1,
#61100000
0,
#61105000
1,
#61110000
0,
#61115000
1,
#61116000
08
#61120000
0,
#61125000
1,
#61130000
0,
#61135000
1,
#61140000
0,
#61145000
1,
#61150000
0,
#61155000
1,
#61160000
0,
#61165000
1,
#61170000
0,
#61175000
1,
#61180000
0,
#61185000
1,
#61190000
0,
#61195000
1,
#61196000
18
b1010101 :
#61200000
0,
#61205000
1,
#61210000
0,
#61215000
1,
#61220000
0,
#61225000
1,
#61230000
0,
#61235000
1,
#61240000
0,
#61245000
1,
#61250000
0,
#61255000
1,
#61260000
0,
#61265000
1,
#61270000
0,
#61275000
1,
#61276000
08
#61280000
0,
#61285000
1,
#61290000
0,
#61295000
1,
#61300000
0,
#61305000
1,
#61310000
0,
#61315000
1,
#61320000
0,
#61325000
1,
#61330000
0,
#61335000
1,
#61340000
0,
#61345000
1,
#61350000
0,
#61355000
1,
#61356000
18
b1010110 :
#61360000
0,
#61365000
1,
#61370000
0,
#61375000
1,
#61380000
0,
#61385000
1,
#61390000
0,
#61395000
1,
#61400000
0,
#61405000
1,
#61410000
0,
#61415000
1,
#61420000
0,
#61425000
1,
#61430000
0,
#61435000
1,
#61436000
08
#61440000
0,
#61445000
1,
#61450000
0,
#61455000
1,
#61460000
0,
#61465000
1,
#61470000
0,
#61475000
1,
#61480000
0,
#61485000
1,
#61490000
0,
#61495000
1,
#61500000
0,
#61505000
1,
#61510000
0,
#61515000
1,
#61516000
18
b1010111 :
#61520000
0,
#61525000
1,
#61530000
0,
#61535000
1,
#61540000
0,
#61545000
1,
#61550000
0,
#61555000
1,
#61560000
0,
#61565000
1,
#61570000
0,
#61575000
1,
#61580000
0,
#61585000
1,
#61590000
0,
#61595000
1,
#61596000
08
#61600000
0,
#61605000
1,
#61610000
0,
#61615000
1,
#61620000
0,
#61625000
1,
#61630000
0,
#61635000
1,
#61640000
0,
#61645000
1,
#61650000
0,
#61655000
1,
#61660000
0,
#61665000
1,
#61670000
0,
#61675000
1,
#61676000
18
b1011000 :
#61680000
0,
#61685000
1,
#61690000
0,
#61695000
1,
#61700000
0,
#61705000
1,
#61710000
0,
#61715000
1,
#61720000
0,
#61725000
1,
#61730000
0,
#61735000
1,
#61740000
0,
#61745000
1,
#61750000
0,
#61755000
1,
#61756000
08
#61760000
0,
#61765000
1,
#61770000
0,
#61775000
1,
#61780000
0,
#61785000
1,
#61790000
0,
#61795000
1,
#61800000
0,
#61805000
1,
#61810000
0,
#61815000
1,
#61820000
0,
#61825000
1,
#61830000
0,
#61835000
1,
#61836000
18
b1011001 :
#61840000
0,
#61845000
1,
#61850000
0,
#61855000
1,
#61860000
0,
#61865000
1,
#61870000
0,
#61875000
1,
#61880000
0,
#61885000
1,
#61890000
0,
#61895000
1,
#61900000
0,
#61905000
1,
#61910000
0,
#61915000
1,
#61916000
08
#61920000
0,
#61925000
1,
#61930000
0,
#61935000
1,
#61940000
0,
#61945000
1,
#61950000
0,
#61955000
1,
#61960000
0,
#61965000
1,
#61970000
0,
#61975000
1,
#61980000
0,
#61985000
1,
#61990000
0,
#61995000
1,
#61996000
18
b1011010 :
#62000000
0,
#62005000
1,
#62010000
0,
#62015000
1,
#62020000
0,
#62025000
1,
#62030000
0,
#62035000
1,
#62040000
0,
#62045000
1,
#62050000
0,
#62055000
1,
#62060000
0,
#62065000
1,
#62070000
0,
#62075000
1,
#62076000
08
#62080000
0,
#62085000
1,
#62090000
0,
#62095000
1,
#62100000
0,
#62105000
1,
#62110000
0,
#62115000
1,
#62120000
0,
#62125000
1,
#62130000
0,
#62135000
1,
#62140000
0,
#62145000
1,
#62150000
0,
#62155000
1,
#62156000
18
b1011011 :
#62160000
0,
#62165000
1,
#62170000
0,
#62175000
1,
#62180000
0,
#62185000
1,
#62190000
0,
#62195000
1,
#62200000
0,
#62205000
1,
#62210000
0,
#62215000
1,
#62220000
0,
#62225000
1,
#62230000
0,
#62235000
1,
#62236000
08
#62240000
0,
#62245000
1,
#62250000
0,
#62255000
1,
#62260000
0,
#62265000
1,
#62270000
0,
#62275000
1,
#62280000
0,
#62285000
1,
#62290000
0,
#62295000
1,
#62300000
0,
#62305000
1,
#62310000
0,
#62315000
1,
#62316000
18
b1011100 :
#62320000
0,
#62325000
1,
#62330000
0,
#62335000
1,
#62340000
0,
#62345000
1,
#62350000
0,
#62355000
1,
#62360000
0,
#62365000
1,
#62370000
0,
#62375000
1,
#62380000
0,
#62385000
1,
#62390000
0,
#62395000
1,
#62396000
08
#62400000
0,
#62405000
1,
#62410000
0,
#62415000
1,
#62420000
0,
#62425000
1,
#62430000
0,
#62435000
1,
#62440000
0,
#62445000
1,
#62450000
0,
#62455000
1,
#62460000
0,
#62465000
1,
#62470000
0,
#62475000
1,
#62476000
18
b1011101 :
#62480000
0,
#62485000
1,
#62490000
0,
#62495000
1,
#62500000
0,
#62505000
1,
#62510000
0,
#62515000
1,
#62520000
0,
#62525000
1,
#62530000
0,
#62535000
1,
#62540000
0,
#62545000
1,
#62550000
0,
#62555000
1,
#62556000
08
#62560000
0,
#62565000
1,
#62570000
0,
#62575000
1,
#62580000
0,
#62585000
1,
#62590000
0,
#62595000
1,
#62600000
0,
#62605000
1,
#62610000
0,
#62615000
1,
#62620000
0,
#62625000
1,
#62630000
0,
#62635000
1,
#62636000
18
b1011110 :
#62640000
0,
#62645000
1,
#62650000
0,
#62655000
1,
#62660000
0,
#62665000
1,
#62670000
0,
#62675000
1,
#62680000
0,
#62685000
1,
#62690000
0,
#62695000
1,
#62700000
0,
#62705000
1,
#62710000
0,
#62715000
1,
#62716000
08
#62720000
0,
#62725000
1,
#62730000
0,
#62735000
1,
#62740000
0,
#62745000
1,
#62750000
0,
#62755000
1,
#62760000
0,
#62765000
1,
#62770000
0,
#62775000
1,
#62780000
0,
#62785000
1,
#62790000
0,
#62795000
1,
#62796000
18
b1011111 :
#62800000
0,
#62805000
1,
#62810000
0,
#62815000
1,
#62820000
0,
#62825000
1,
#62830000
0,
#62835000
1,
#62840000
0,
#62845000
1,
#62850000
0,
#62855000
1,
#62860000
0,
#62865000
1,
#62870000
0,
#62875000
1,
#62876000
08
#62880000
0,
#62885000
1,
#62890000
0,
#62895000
1,
#62900000
0,
#62905000
1,
#62910000
0,
#62915000
1,
#62920000
0,
#62925000
1,
#62930000
0,
#62935000
1,
#62940000
0,
#62945000
1,
#62950000
0,
#62955000
1,
#62956000
18
b1100000 :
#62960000
0,
#62965000
1,
#62970000
0,
#62975000
1,
#62980000
0,
#62985000
1,
#62990000
0,
#62995000
1,
#63000000
0,
#63005000
1,
#63010000
0,
#63015000
1,
#63020000
0,
#63025000
1,
#63030000
0,
#63035000
1,
#63036000
08
#63040000
0,
#63045000
1,
#63050000
0,
#63055000
1,
#63060000
0,
#63065000
1,
#63070000
0,
#63075000
1,
#63080000
0,
#63085000
1,
#63090000
0,
#63095000
1,
#63100000
0,
#63105000
1,
#63110000
0,
#63115000
1,
#63116000
18
b1100001 :
#63120000
0,
#63125000
1,
#63130000
0,
#63135000
1,
#63140000
0,
#63145000
1,
#63150000
0,
#63155000
1,
#63160000
0,
#63165000
1,
#63170000
0,
#63175000
1,
#63180000
0,
#63185000
1,
#63190000
0,
#63195000
1,
#63196000
08
#63200000
0,
#63205000
1,
#63210000
0,
#63215000
1,
#63220000
0,
#63225000
1,
#63230000
0,
#63235000
1,
#63240000
0,
#63245000
1,
#63250000
0,
#63255000
1,
#63260000
0,
#63265000
1,
#63270000
0,
#63275000
1,
#63276000
18
b1100010 :
#63280000
0,
#63285000
1,
#63290000
0,
#63295000
1,
#63300000
0,
#63305000
1,
#63310000
0,
#63315000
1,
#63320000
0,
#63325000
1,
#63330000
0,
#63335000
1,
#63340000
0,
#63345000
1,
#63350000
0,
#63355000
1,
#63356000
08
#63360000
0,
#63365000
1,
#63370000
0,
#63375000
1,
#63380000
0,
#63385000
1,
#63390000
0,
#63395000
1,
#63400000
0,
#63405000
1,
#63410000
0,
#63415000
1,
#63420000
0,
#63425000
1,
#63430000
0,
#63435000
1,
#63436000
18
b1100011 :
#63440000
0,
#63445000
1,
#63450000
0,
#63455000
1,
#63460000
0,
#63465000
1,
#63470000
0,
#63475000
1,
#63480000
0,
#63485000
1,
#63490000
0,
#63495000
1,
#63500000
0,
#63505000
1,
#63510000
0,
#63515000
1,
#63516000
08
#63520000
0,
#63525000
1,
#63530000
0,
#63535000
1,
#63540000
0,
#63545000
1,
#63550000
0,
#63555000
1,
#63560000
0,
#63565000
1,
#63570000
0,
#63575000
1,
#63580000
0,
#63585000
1,
#63590000
0,
#63595000
1,
#63596000
18
b1100100 :
#63600000
0,
#63605000
1,
#63610000
0,
#63615000
1,
#63620000
0,
#63625000
1,
#63630000
0,
#63635000
1,
#63640000
0,
#63645000
1,
#63650000
0,
#63655000
1,
#63660000
0,
#63665000
1,
#63670000
0,
#63675000
1,
#63676000
08
#63680000
0,
#63685000
1,
#63690000
0,
#63695000
1,
#63700000
0,
#63705000
1,
#63710000
0,
#63715000
1,
#63720000
0,
#63725000
1,
#63730000
0,
#63735000
1,
#63740000
0,
#63745000
1,
#63750000
0,
#63755000
1,
#63756000
18
b1100101 :
#63760000
0,
#63765000
1,
#63770000
0,
#63775000
1,
#63780000
0,
#63785000
1,
#63790000
0,
#63795000
1,
#63800000
0,
#63805000
1,
#63810000
0,
#63815000
1,
#63820000
0,
#63825000
1,
#63830000
0,
#63835000
1,
#63836000
08
#63840000
0,
#63845000
1,
#63850000
0,
#63855000
1,
#63860000
0,
#63865000
1,
#63870000
0,
#63875000
1,
#63880000
0,
#63885000
1,
#63890000
0,
#63895000
1,
#63900000
0,
#63905000
1,
#63910000
0,
#63915000
1,
#63916000
18
b1100110 :
#63920000
0,
#63925000
1,
#63930000
0,
#63935000
1,
#63940000
0,
#63945000
1,
#63950000
0,
#63955000
1,
#63960000
0,
#63965000
1,
#63970000
0,
#63975000
1,
#63980000
0,
#63985000
1,
#63990000
0,
#63995000
1,
#63996000
08
#64000000
0,
#64005000
1,
#64010000
0,
#64015000
1,
#64020000
0,
#64025000
1,
#64030000
0,
#64035000
1,
#64040000
0,
#64045000
1,
#64050000
0,
#64055000
1,
#64060000
0,
#64065000
1,
#64070000
0,
#64075000
1,
#64076000
18
b1100111 :
#64080000
0,
#64085000
1,
#64090000
0,
#64095000
1,
#64100000
0,
#64105000
1,
#64110000
0,
#64115000
1,
#64120000
0,
#64125000
1,
#64130000
0,
#64135000
1,
#64140000
0,
#64145000
1,
#64150000
0,
#64155000
1,
#64156000
08
#64160000
0,
#64165000
1,
#64170000
0,
#64175000
1,
#64180000
0,
#64185000
1,
#64190000
0,
#64195000
1,
#64200000
0,
#64205000
1,
#64210000
0,
#64215000
1,
#64220000
0,
#64225000
1,
#64230000
0,
#64235000
1,
#64236000
18
b1101000 :
#64240000
0,
#64245000
1,
#64250000
0,
#64255000
1,
#64260000
0,
#64265000
1,
#64270000
0,
#64275000
1,
#64280000
0,
#64285000
1,
#64290000
0,
#64295000
1,
#64300000
0,
#64305000
1,
#64310000
0,
#64315000
1,
#64316000
08
#64320000
0,
#64325000
1,
#64330000
0,
#64335000
1,
#64340000
0,
#64345000
1,
#64350000
0,
#64355000
1,
#64360000
0,
#64365000
1,
#64370000
0,
#64375000
1,
#64380000
0,
#64385000
1,
#64390000
0,
#64395000
1,
#64396000
18
b1101001 :
#64400000
0,
#64405000
1,
#64410000
0,
#64415000
1,
#64420000
0,
#64425000
1,
#64430000
0,
#64435000
1,
#64440000
0,
#64445000
1,
#64450000
0,
#64455000
1,
#64460000
0,
#64465000
1,
#64470000
0,
#64475000
1,
#64476000
08
#64480000
0,
#64485000
1,
#64490000
0,
#64495000
1,
#64500000
0,
#64505000
1,
#64510000
0,
#64515000
1,
#64520000
0,
#64525000
1,
#64530000
0,
#64535000
1,
#64540000
0,
#64545000
1,
#64550000
0,
#64555000
1,
#64556000
18
b1101010 :
#64560000
0,
#64565000
1,
#64570000
0,
#64575000
1,
#64580000
0,
#64585000
1,
#64590000
0,
#64595000
1,
#64600000
0,
#64605000
1,
#64610000
0,
#64615000
1,
#64620000
0,
#64625000
1,
#64630000
0,
#64635000
1,
#64636000
08
#64640000
0,
#64645000
1,
#64650000
0,
#64655000
1,
#64660000
0,
#64665000
1,
#64670000
0,
#64675000
1,
#64680000
0,
#64685000
1,
#64690000
0,
#64695000
1,
#64700000
0,
#64705000
1,
#64710000
0,
#64715000
1,
#64716000
18
b1101011 :
#64720000
0,
#64725000
1,
#64730000
0,
#64735000
1,
#64740000
0,
#64745000
1,
#64750000
0,
#64755000
1,
#64760000
0,
#64765000
1,
#64770000
0,
#64775000
1,
#64780000
0,
#64785000
1,
#64790000
0,
#64795000
1,
#64796000
08
#64800000
0,
#64805000
1,
#64810000
0,
#64815000
1,
#64820000
0,
#64825000
1,
#64830000
0,
#64835000
1,
#64840000
0,
#64845000
1,
#64850000
0,
#64855000
1,
#64860000
0,
#64865000
1,
#64870000
0,
#64875000
1,
#64876000
18
b1101100 :
#64880000
0,
#64885000
1,
#64890000
0,
#64895000
1,
#64900000
0,
#64905000
1,
#64910000
0,
#64915000
1,
#64920000
0,
#64925000
1,
#64930000
0,
#64935000
1,
#64940000
0,
#64945000
1,
#64950000
0,
#64955000
1,
#64956000
08
#64960000
0,
#64965000
1,
#64970000
0,
#64975000
1,
#64980000
0,
#64985000
1,
#64990000
0,
#64995000
1,
#65000000
0,
#65005000
1,
#65010000
0,
#65015000
1,
#65020000
0,
#65025000
1,
#65030000
0,
#65035000
1,
#65036000
18
b1101101 :
#65040000
0,
#65045000
1,
#65050000
0,
#65055000
1,
#65060000
0,
#65065000
1,
#65070000
0,
#65075000
1,
#65080000
0,
#65085000
1,
#65090000
0,
#65095000
1,
#65100000
0,
#65105000
1,
#65110000
0,
#65115000
1,
#65116000
08
#65120000
0,
#65125000
1,
#65130000
0,
#65135000
1,
#65140000
0,
#65145000
1,
#65150000
0,
#65155000
1,
#65160000
0,
#65165000
1,
#65170000
0,
#65175000
1,
#65180000
0,
#65185000
1,
#65190000
0,
#65195000
1,
#65196000
b10000000000000000000000000000000000000000000000000000001000000111111111111111111111111111111111111111111111111 .
b1101110 :
#65200000
0,
#65205000
1,
#65210000
0,
#65215000
1,
#65220000
0,
#65225000
1,
#65230000
0,
#65235000
1,
#65240000
0,
#65245000
1,
#65250000
0,
#65255000
1,
#65260000
0,
#65265000
1,
#65270000
0,
#65275000
1,
#65276000
18
#65280000
0,
#65285000
1,
#65290000
0,
#65295000
1,
#65300000
0,
#65305000
1,
#65310000
0,
#65315000
1,
#65320000
0,
#65325000
1,
#65330000
0,
#65335000
1,
#65340000
0,
#65345000
1,
#65350000
0,
#65355000
1,
#65356000
b1101111 :
#65360000
0,
#65365000
1,
#65370000
0,
#65375000
1,
#65380000
0,
#65385000
1,
#65390000
0,
#65395000
1,
#65400000
0,
#65405000
1,
#65410000
0,
#65415000
1,
#65420000
0,
#65425000
1,
#65430000
0,
#65435000
1,
#65436000
08
#65440000
0,
#65445000
1,
#65450000
0,
#65455000
1,
#65460000
0,
#65465000
1,
#65470000
0,
#65475000
1,
#65480000
0,
#65485000
1,
#65490000
0,
#65495000
1,
#65500000
0,
#65505000
1,
#65510000
0,
#65515000
1,
#65516000
18
b1110000 :
#65520000
0,
#65525000
1,
#65530000
0,
#65535000
1,
#65540000
0,
#65545000
1,
#65550000
0,
#65555000
1,
#65560000
0,
#65565000
1,
#65570000
0,
#65575000
1,
#65580000
0,
#65585000
1,
#65590000
0,
#65595000
1,
#65596000
08
#65600000
0,
#65605000
1,
#65610000
0,
#65615000
1,
#65620000
0,
#65625000
1,
#65630000
0,
#65635000
1,
#65640000
0,
#65645000
1,
#65650000
0,
#65655000
1,
#65660000
0,
#65665000
1,
#65670000
0,
#65675000
1,
#65680000
0,
#65685000
1,
#65686000
03
05
12
17
b11111111 4
b11111111 <
#65690000
0,
#65695000
0!
b11111 >
1#
b0 J
b11111111 L
1&
b11111 H
b0 D
b0 I
1,
#65696000
18
b1110001 :
02
07
#65700000
0,
#65705000
1,
#65710000
0,
#65715000
1,
#65720000
0,
#65725000
1,
#65730000
0,
#65735000
1,
#65740000
0,
#65745000
1,
#65750000
0,
#65755000
1,
#65760000
0,
#65765000
1,
#65770000
0,
#65775000
1,
#65776000
08
#65780000
0,
#65785000
1,
#65790000
0,
#65795000
1,
#65800000
0,
#65805000
1,
#65810000
0,
#65815000
1,
#65820000
0,
#65825000
1,
#65830000
0,
#65835000
1,
#65840000
0,
#65845000
1,
#65850000
0,
#65855000
1,
#65856000
1*
#65860000
0,
#65865000
b11110 >
b11110 H
b1 D
b1 J
1,
#65866000
18
b1110010 :
0*
#65870000
0,
#65875000
1,
#65880000
0,
#65885000
1,
#65890000
0,
#65895000
1,
#65900000
0,
#65905000
1,
#65910000
0,
#65915000
1,
#65920000
0,
#65925000
1,
#65930000
0,
#65935000
1,
#65940000
0,
#65945000
1,
#65946000
08
#65950000
0,
#65955000
1,
#65960000
0,
#65965000
1,
#65970000
0,
#65975000
1,
#65980000
0,
#65985000
1,
#65990000
0,
#65995000
1,
#66000000
0,
#66005000
1,
#66010000
0,
#66015000
1,
#66020000
0,
#66025000
1,
#66026000
1*
#66030000
0,
#66035000
b11101 >
b10 J
b11101 H
b10 D
1,
#66036000
18
b1110011 :
0*
#66040000
0,
#66045000
1,
#66050000
0,
#66055000
1,
#66060000
0,
#66065000
1,
#66070000
0,
#66075000
1,
#66080000
0,
#66085000
1,
#66090000
0,
#66095000
1,
#66100000
0,
#66105000
1,
#66110000
0,
#66115000
1,
#66116000
08
#66120000
0,
#66125000
1,
#66130000
0,
#66135000
1,
#66140000
0,
#66145000
1,
#66150000
0,
#66155000
1,
#66160000
0,
#66165000
1,
#66170000
0,
#66175000
1,
#66180000
0,
#66185000
1,
#66190000
0,
#66195000
1,
#66196000
1*
#66200000
0,
#66205000
b11100 >
b11100 H
b11 D
b11 J
1,
#66206000
18
b1110100 :
0*
#66210000
0,
#66215000
1,
#66220000
0,
#66225000
1,
#66230000
0,
#66235000
1,
#66240000
0,
#66245000
1,
#66250000
0,
#66255000
1,
#66260000
0,
#66265000
1,
#66270000
0,
#66275000
1,
#66280000
0,
#66285000
1,
#66286000
08
#66290000
0,
#66295000
1,
#66300000
0,
#66305000
1,
#66310000
0,
#66315000
1,
#66320000
0,
#66325000
1,
#66330000
0,
#66335000
1,
#66340000
0,
#66345000
1,
#66350000
0,
#66355000
1,
#66360000
0,
#66365000
1,
#66366000
1*
#66370000
0,
#66375000
b11011 >
b100 J
b11011 H
b100 D
1,
#66376000
18
b1110101 :
0*
#66380000
0,
#66385000
1,
#66390000
0,
#66395000
1,
#66400000
0,
#66405000
1,
#66410000
0,
#66415000
1,
#66420000
0,
#66425000
1,
#66430000
0,
#66435000
1,
#66440000
0,
#66445000
1,
#66450000
0,
#66455000
1,
#66456000
08
#66460000
0,
#66465000
1,
#66470000
0,
#66475000
1,
#66480000
0,
#66485000
1,
#66490000
0,
#66495000
1,
#66500000
0,
#66505000
1,
#66510000
0,
#66515000
1,
#66520000
0,
#66525000
1,
#66530000
0,
#66535000
1,
#66536000
1*
#66540000
0,
#66545000
b11010 >
b11010 H
b101 D
b101 J
1,
#66546000
18
b1110110 :
0*
#66550000
0,
#66555000
1,
#66560000
0,
#66565000
1,
#66570000
0,
#66575000
1,
#66580000
0,
#66585000
1,
#66590000
0,
#66595000
1,
#66600000
0,
#66605000
1,
#66610000
0,
#66615000
1,
#66620000
0,
#66625000
1,
#66626000
08
#66630000
0,
#66635000
1,
#66640000
0,
#66645000
1,
#66650000
0,
#66655000
1,
#66660000
0,
#66665000
1,
#66670000
0,
#66675000
1,
#66680000
0,
#66685000
1,
#66690000
0,
#66695000
1,
#66700000
0,
#66705000
1,
#66706000
1*
#66710000
0,
#66715000
b11001 >
b110 J
b11001 H
b110 D
1,
#66716000
18
b1110111 :
0*
#66720000
0,
#66725000
1,
#66730000
0,
#66735000
1,
#66740000
0,
#66745000
1,
#66750000
0,
#66755000
1,
#66760000
0,
#66765000
1,
#66770000
0,
#66775000
1,
#66780000
0,
#66785000
1,
#66790000
0,
#66795000
1,
#66796000
08
#66800000
0,
#66805000
1,
#66810000
0,
#66815000
1,
#66820000
0,
#66825000
1,
#66830000
0,
#66835000
1,
#66840000
0,
#66845000
1,
#66850000
0,
#66855000
1,
#66860000
0,
#66865000
1,
#66870000
0,
#66875000
1,
#66876000
1*
#66880000
0,
#66885000
b11000 >
b11000 H
b111 D
b111 J
1,
#66886000
18
b1111000 :
0*
#66890000
0,
#66895000
1,
#66900000
0,
#66905000
1,
#66910000
0,
#66915000
1,
#66920000
0,
#66925000
1,
#66930000
0,
#66935000
1,
#66940000
0,
#66945000
1,
#66950000
0,
#66955000
1,
#66960000
0,
#66965000
1,
#66966000
08
#66970000
0,
#66975000
1,
#66980000
0,
#66985000
1,
#66990000
0,
#66995000
1,
#67000000
0,
#67005000
1,
#67010000
0,
#67015000
1,
#67020000
0,
#67025000
1,
#67030000
0,
#67035000
1,
#67040000
0,
#67045000
1,
#67046000
1*
#67050000
0,
#67055000
b10111 >
b1000 J
b10111 H
b1000 D
1,
#67056000
18
b1111001 :
0*
#67060000
0,
#67065000
1,
#67070000
0,
#67075000
1,
#67080000
0,
#67085000
1,
#67090000
0,
#67095000
1,
#67100000
0,
#67105000
1,
#67110000
0,
#67115000
1,
#67120000
0,
#67125000
1,
#67130000
0,
#67135000
1,
#67136000
08
#67140000
0,
#67145000
1,
#67150000
0,
#67155000
1,
#67160000
0,
#67165000
1,
#67170000
0,
#67175000
1,
#67180000
0,
#67185000
1,
#67190000
0,
#67195000
1,
#67200000
0,
#67205000
1,
#67210000
0,
#67215000
1,
#67216000
1*
#67220000
0,
#67225000
b10110 >
b10110 H
b1001 D
b1001 J
1,
#67226000
18
b1111010 :
0*
#67230000
0,
#67235000
1,
#67240000
0,
#67245000
1,
#67250000
0,
#67255000
1,
#67260000
0,
#67265000
1,
#67270000
0,
#67275000
1,
#67280000
0,
#67285000
1,
#67290000
0,
#67295000
1,
#67300000
0,
#67305000
1,
#67306000
08
#67310000
0,
#67315000
1,
#67320000
0,
#67325000
1,
#67330000
0,
#67335000
1,
#67340000
0,
#67345000
1,
#67350000
0,
#67355000
1,
#67360000
0,
#67365000
1,
#67370000
0,
#67375000
1,
#67380000
0,
#67385000
1,
#67386000
1*
#67390000
0,
#67395000
b10101 >
b1010 J
b10101 H
b1010 D
1,
#67396000
18
b1111011 :
0*
#67400000
0,
#67405000
1,
#67410000
0,
#67415000
1,
#67420000
0,
#67425000
1,
#67430000
0,
#67435000
1,
#67440000
0,
#67445000
1,
#67450000
0,
#67455000
1,
#67460000
0,
#67465000
1,
#67470000
0,
#67475000
1,
#67476000
08
#67480000
0,
#67485000
1,
#67490000
0,
#67495000
1,
#67500000
0,
#67505000
1,
#67510000
0,
#67515000
1,
#67520000
0,
#67525000
1,
#67530000
0,
#67535000
1,
#67540000
0,
#67545000
1,
#67550000
0,
#67555000
1,
#67556000
1*
#67560000
0,
#67565000
b10100 >
b10100 H
b1011 D
b1011 J
1,
#67566000
18
b1111100 :
0*
#67570000
0,
#67575000
1,
#67580000
0,
#67585000
1,
#67590000
0,
#67595000
1,
#67600000
0,
#67605000
1,
#67610000
0,
#67615000
1,
#67620000
0,
#67625000
1,
#67630000
0,
#67635000
1,
#67640000
0,
#67645000
1,
#67646000
08
#67650000
0,
#67655000
1,
#67660000
0,
#67665000
1,
#67670000
0,
#67675000
1,
#67680000
0,
#67685000
1,
#67690000
0,
#67695000
1,
#67700000
0,
#67705000
1,
#67710000
0,
#67715000
1,
#67720000
0,
#67725000
1,
#67726000
1*
#67730000
0,
#67735000
b10011 >
b1100 J
b10011 H
b1100 D
1,
#67736000
18
b1111101 :
0*
#67740000
0,
#67745000
1,
#67750000
0,
#67755000
1,
#67760000
0,
#67765000
1,
#67770000
0,
#67775000
1,
#67780000
0,
#67785000
1,
#67790000
0,
#67795000
1,
#67800000
0,
#67805000
1,
#67810000
0,
#67815000
1,
#67816000
08
#67820000
0,
#67825000
1,
#67830000
0,
#67835000
1,
#67840000
0,
#67845000
1,
#67850000
0,
#67855000
1,
#67860000
0,
#67865000
1,
#67870000
0,
#67875000
1,
#67880000
0,
#67885000
1,
#67890000
0,
#67895000
1,
#67896000
1*
#67900000
0,
#67905000
b10010 >
b10010 H
b1101 D
b1101 J
1,
#67906000
18
b1111110 :
0*
#67910000
0,
#67915000
1,
#67920000
0,
#67925000
1,
#67930000
0,
#67935000
1,
#67940000
0,
#67945000
1,
#67950000
0,
#67955000
1,
#67960000
0,
#67965000
1,
#67970000
0,
#67975000
1,
#67980000
0,
#67985000
1,
#67986000
08
#67990000
0,
#67995000
1,
#68000000
0,
#68005000
1,
#68010000
0,
#68015000
1,
#68020000
0,
#68025000
1,
#68030000
0,
#68035000
1,
#68040000
0,
#68045000
1,
#68050000
0,
#68055000
1,
#68060000
0,
#68065000
1,
#68066000
1*
#68070000
0,
#68075000
b10001 >
b1110 J
b10001 H
b1110 D
1,
#68076000
18
b1111111 :
0*
#68080000
0,
#68085000
1,
#68090000
0,
#68095000
1,
#68100000
0,
#68105000
1,
#68110000
0,
#68115000
1,
#68120000
0,
#68125000
1,
#68130000
0,
#68135000
1,
#68140000
0,
#68145000
1,
#68150000
0,
#68155000
1,
#68156000
08
#68160000
0,
#68165000
1,
#68170000
0,
#68175000
1,
#68180000
0,
#68185000
1,
#68190000
0,
#68195000
1,
#68200000
0,
#68205000
1,
#68210000
0,
#68215000
1,
#68220000
0,
#68225000
1,
#68230000
0,
#68235000
1,
#68236000
1*
#68240000
0,
#68245000
b10000 >
b10000 H
b1111 D
b1111 J
1,
#68246000
18
b10000000 :
0*
#68250000
0,
#68255000
1,
#68260000
0,
#68265000
1,
#68270000
0,
#68275000
1,
#68280000
0,
#68285000
1,
#68290000
0,
#68295000
1,
#68300000
0,
#68305000
1,
#68310000
0,
#68315000
1,
#68320000
0,
#68325000
1,
#68326000
08
#68330000
0,
#68335000
1,
#68340000
0,
#68345000
1,
#68350000
0,
#68355000
1,
#68360000
0,
#68365000
1,
#68370000
0,
#68375000
1,
#68380000
0,
#68385000
1,
#68390000
0,
#68395000
1,
#68400000
0,
#68405000
1,
#68406000
1*
#68410000
0,
#68415000
b1111 >
b10000 J
b1111 H
b10000 D
1,
#68416000
18
b10000001 :
0*
#68420000
0,
#68425000
1,
#68430000
0,
#68435000
1,
#68440000
0,
#68445000
1,
#68450000
0,
#68455000
1,
#68460000
0,
#68465000
1,
#68470000
0,
#68475000
1,
#68480000
0,
#68485000
1,
#68490000
0,
#68495000
1,
#68496000
08
#68500000
0,
#68505000
1,
#68510000
0,
#68515000
1,
#68520000
0,
#68525000
1,
#68530000
0,
#68535000
1,
#68540000
0,
#68545000
1,
#68550000
0,
#68555000
1,
#68560000
0,
#68565000
1,
#68570000
0,
#68575000
1,
#68576000
1*
#68580000
0,
#68585000
b1110 >
b1110 H
b10001 D
b10001 J
1,
#68586000
18
b10000010 :
0*
#68590000
0,
#68595000
1,
#68600000
0,
#68605000
1,
#68610000
0,
#68615000
1,
#68620000
0,
#68625000
1,
#68630000
0,
#68635000
1,
#68640000
0,
#68645000
1,
#68650000
0,
#68655000
1,
#68660000
0,
#68665000
1,
#68666000
08
#68670000
0,
#68675000
1,
#68680000
0,
#68685000
1,
#68690000
0,
#68695000
1,
#68700000
0,
#68705000
1,
#68710000
0,
#68715000
1,
#68720000
0,
#68725000
1,
#68730000
0,
#68735000
1,
#68740000
0,
#68745000
1,
#68746000
1*
#68750000
0,
#68755000
b1101 >
b10010 J
b1101 H
b10010 D
1,
#68756000
18
b10000011 :
0*
#68760000
0,
#68765000
1,
#68770000
0,
#68775000
1,
#68780000
0,
#68785000
1,
#68790000
0,
#68795000
1,
#68800000
0,
#68805000
1,
#68810000
0,
#68815000
1,
#68820000
0,
#68825000
1,
#68830000
0,
#68835000
1,
#68836000
08
#68840000
0,
#68845000
1,
#68850000
0,
#68855000
1,
#68860000
0,
#68865000
1,
#68870000
0,
#68875000
1,
#68880000
0,
#68885000
1,
#68890000
0,
#68895000
1,
#68900000
0,
#68905000
1,
#68910000
0,
#68915000
1,
#68916000
1*
#68920000
0,
#68925000
b1100 >
b1100 H
b10011 D
b10011 J
1,
#68926000
18
b10000100 :
0*
#68930000
0,
#68935000
1,
#68940000
0,
#68945000
1,
#68950000
0,
#68955000
1,
#68960000
0,
#68965000
1,
#68970000
0,
#68975000
1,
#68980000
0,
#68985000
1,
#68990000
0,
#68995000
1,
#69000000
0,
#69005000
1,
#69006000
08
#69010000
0,
#69015000
1,
#69020000
0,
#69025000
1,
#69030000
0,
#69035000
1,
#69040000
0,
#69045000
1,
#69050000
0,
#69055000
1,
#69060000
0,
#69065000
1,
#69070000
0,
#69075000
1,
#69080000
0,
#69085000
1,
#69086000
1*
#69090000
0,
#69095000
b1011 >
b10100 J
b1011 H
b10100 D
1,
#69096000
18
b10000101 :
0*
#69100000
0,
#69105000
1,
#69110000
0,
#69115000
1,
#69120000
0,
#69125000
1,
#69130000
0,
#69135000
1,
#69140000
0,
#69145000
1,
#69150000
0,
#69155000
1,
#69160000
0,
#69165000
1,
#69170000
0,
#69175000
1,
#69176000
08
#69180000
0,
#69185000
1,
#69190000
0,
#69195000
1,
#69200000
0,
#69205000
1,
#69210000
0,
#69215000
1,
#69220000
0,
#69225000
1,
#69230000
0,
#69235000
1,
#69240000
0,
#69245000
1,
#69250000
0,
#69255000
1,
#69256000
1*
#69260000
0,
#69265000
b1010 >
b1010 H
b10101 D
b10101 J
1,
#69266000
18
b10000110 :
0*
#69270000
0,
#69275000
1,
#69280000
0,
#69285000
1,
#69290000
0,
#69295000
1,
#69300000
0,
#69305000
1,
#69310000
0,
#69315000
1,
#69320000
0,
#69325000
1,
#69330000
0,
#69335000
1,
#69340000
0,
#69345000
1,
#69346000
08
#69350000
0,
#69355000
1,
#69360000
0,
#69365000
1,
#69370000
0,
#69375000
1,
#69380000
0,
#69385000
1,
#69390000
0,
#69395000
1,
#69400000
0,
#69405000
1,
#69410000
0,
#69415000
1,
#69420000
0,
#69425000
1,
#69426000
1*
#69430000
0,
#69435000
b1001 >
b10110 J
b1001 H
b10110 D
1,
#69436000
18
b10000111 :
0*
#69440000
0,
#69445000
1,
#69450000
0,
#69455000
1,
#69460000
0,
#69465000
1,
#69470000
0,
#69475000
1,
#69480000
0,
#69485000
1,
#69490000
0,
#69495000
1,
#69500000
0,
#69505000
1,
#69510000
0,
#69515000
1,
#69516000
08
#69520000
0,
#69525000
1,
#69530000
0,
#69535000
1,
#69540000
0,
#69545000
1,
#69550000
0,
#69555000
1,
#69560000
0,
#69565000
1,
#69570000
0,
#69575000
1,
#69580000
0,
#69585000
1,
#69590000
0,
#69595000
1,
#69596000
1*
#69600000
0,
#69605000
b1000 >
b1000 H
b10111 D
b10111 J
1,
#69606000
18
b10001000 :
0*
#69610000
0,
#69615000
1,
#69620000
0,
#69625000
1,
#69630000
0,
#69635000
1,
#69640000
0,
#69645000
1,
#69650000
0,
#69655000
1,
#69660000
0,
#69665000
1,
#69670000
0,
#69675000
1,
#69680000
0,
#69685000
1,
#69686000
08
#69690000
0,
#69695000
1,
#69700000
0,
#69705000
1,
#69710000
0,
#69715000
1,
#69720000
0,
#69725000
1,
#69730000
0,
#69735000
1,
#69740000
0,
#69745000
1,
#69750000
0,
#69755000
1,
#69760000
0,
#69765000
1,
#69766000
1*
#69770000
0,
#69775000
1!
b111 >
b11000 J
b111 H
b11000 D
1,
#69776000
b10001001 :
11
0*
#69780000
0,
#69785000
1,
#69790000
0,
#69795000
1,
#69800000
0,
#69805000
1,
#69810000
0,
#69815000
1,
#69820000
0,
#69825000
1,
#69830000
0,
#69835000
1,
#69840000
0,
#69845000
1,
#69850000
0,
#69855000
1,
#69856000
18
#69860000
0,
#69865000
1,
#69870000
0,
#69875000
1,
#69880000
0,
#69885000
1,
#69890000
0,
#69895000
1,
#69900000
0,
#69905000
1,
#69910000
0,
#69915000
1,
#69920000
0,
#69925000
1,
#69930000
0,
#69935000
1,
#69936000
1*
#69940000
0,
#69945000
b110 >
b110 H
b11001 D
b10000000 I
b11001 J
1,
#69946000
08
b10001010 :
0*
#69950000
0,
#69955000
1,
#69960000
0,
#69965000
1,
#69970000
0,
#69975000
1,
#69980000
0,
#69985000
1,
#69990000
0,
#69995000
1,
#70000000
0,
#70005000
1,
#70010000
0,
#70015000
1,
#70020000
0,
#70025000
1,
#70026000
18
#70030000
0,
#70035000
1,
#70040000
0,
#70045000
1,
#70050000
0,
#70055000
1,
#70060000
0,
#70065000
1,
#70070000
0,
#70075000
1,
#70080000
0,
#70085000
1,
#70090000
0,
#70095000
1,
#70100000
0,
#70105000
1,
#70106000
1*
#70110000
0,
#70115000
b101 >
b11010 J
b101 H
b11010 D
b11000000 I
1,
#70116000
08
b10001011 :
0*
#70120000
0,
#70125000
1,
#70130000
0,
#70135000
1,
#70140000
0,
#70145000
1,
#70150000
0,
#70155000
1,
#70160000
0,
#70165000
1,
#70170000
0,
#70175000
1,
#70180000
0,
#70185000
1,
#70190000
0,
#70195000
1,
#70196000
18
#70200000
0,
#70205000
1,
#70210000
0,
#70215000
1,
#70220000
0,
#70225000
1,
#70230000
0,
#70235000
1,
#70240000
0,
#70245000
1,
#70250000
0,
#70255000
1,
#70260000
0,
#70265000
1,
#70270000
0,
#70275000
1,
#70276000
1*
#70280000
0,
#70285000
b100 >
b100 H
b11011 D
b11100000 I
b11011 J
1,
#70286000
08
b10001100 :
0*
#70290000
0,
#70295000
1,
#70300000
0,
#70305000
1,
#70310000
0,
#70315000
1,
#70320000
0,
#70325000
1,
#70330000
0,
#70335000
1,
#70340000
0,
#70345000
1,
#70350000
0,
#70355000
1,
#70360000
0,
#70365000
1,
#70366000
18
#70370000
0,
#70375000
1,
#70380000
0,
#70385000
1,
#70390000
0,
#70395000
1,
#70400000
0,
#70405000
1,
#70410000
0,
#70415000
1,
#70420000
0,
#70425000
1,
#70430000
0,
#70435000
1,
#70440000
0,
#70445000
1,
#70446000
1*
#70450000
0,
#70455000
b11 >
b11100 J
b11 H
b11100 D
b11110000 I
1,
#70456000
08
b10001101 :
0*
#70460000
0,
#70465000
1,
#70470000
0,
#70475000
1,
#70480000
0,
#70485000
1,
#70490000
0,
#70495000
1,
#70500000
0,
#70505000
1,
#70510000
0,
#70515000
1,
#70520000
0,
#70525000
1,
#70530000
0,
#70535000
1,
#70536000
18
#70540000
0,
#70545000
1,
#70550000
0,
#70555000
1,
#70560000
0,
#70565000
1,
#70570000
0,
#70575000
1,
#70580000
0,
#70585000
1,
#70590000
0,
#70595000
1,
#70600000
0,
#70605000
1,
#70610000
0,
#70615000
1,
#70616000
1*
#70620000
0,
#70625000
b10 >
b10 H
b11101 D
b11111000 I
b11101 J
1,
#70626000
08
b10001110 :
0*
#70630000
0,
#70635000
1,
#70640000
0,
#70645000
1,
#70650000
0,
#70655000
1,
#70660000
0,
#70665000
1,
#70670000
0,
#70675000
1,
#70680000
0,
#70685000
1,
#70690000
0,
#70695000
1,
#70700000
0,
#70705000
1,
#70706000
18
#70710000
0,
#70715000
1,
#70720000
0,
#70725000
1,
#70730000
0,
#70735000
1,
#70740000
0,
#70745000
1,
#70750000
0,
#70755000
1,
#70760000
0,
#70765000
1,
#70770000
0,
#70775000
1,
#70780000
0,
#70785000
1,
#70786000
1*
#70790000
0,
#70795000
b1 >
b11110 J
b1 H
b11110 D
b11111100 I
1,
#70796000
08
b10001111 :
0*
#70800000
0,
#70805000
1,
#70810000
0,
#70815000
1,
#70820000
0,
#70825000
1,
#70830000
0,
#70835000
1,
#70840000
0,
#70845000
1,
#70850000
0,
#70855000
1,
#70860000
0,
#70865000
1,
#70870000
0,
#70875000
1,
#70876000
18
#70880000
0,
#70885000
1,
#70890000
0,
#70895000
1,
#70900000
0,
#70905000
1,
#70910000
0,
#70915000
1,
#70920000
0,
#70925000
1,
#70930000
0,
#70935000
1,
#70940000
0,
#70945000
1,
#70950000
0,
#70955000
1,
#70956000
1*
#70960000
0,
#70965000
b0 >
b0 H
b11111 D
b11111110 I
b11111 J
1,
#70966000
08
b10010000 :
0*
#70970000
0,
#70975000
1,
#70980000
0,
#70985000
1,
#70990000
0,
#70995000
1,
#71000000
0,
#71005000
1,
#71010000
0,
#71015000
1,
#71020000
0,
#71025000
1,
#71030000
0,
#71035000
1,
#71040000
0,
#71045000
1,
#71046000
18
#71050000
0,
#71055000
1,
#71060000
0,
#71065000
1,
#71070000
0,
#71075000
1,
#71080000
0,
#71085000
1,
#71090000
0,
#71095000
1,
#71100000
0,
#71105000
1,
#71110000
0,
#71115000
1,
#71120000
0,
#71125000
1,
#71126000
1*
#71130000
0,
#71135000
1"
0#
1F
0&
b11111111 I
1,
#71136000
08
b10010000111101011111110100110011 -
0*
#71140000
0,
#71145000
15
b11111111 %
b11111111 E
1$
0F
0"
1,
#71150000
0,
#71155000
0$
13
1,
#71160000
0,
#71165000
1,
#71170000
0,
#71175000
1,
#71180000
0,
#71185000
1,
#71190000
0,
#71195000
1,
#71200000
0,
#71205000
1,
#71210000
0,
#71215000
1,
#71216000
18
#71220000
0,
#71225000
1,
#71230000
0,
#71235000
1,
#71240000
0,
#71245000
1,
#71250000
0,
#71255000
1,
#71260000
0,
#71265000
1,
#71270000
0,
#71275000
1,
#71280000
0,
#71285000
1,
#71290000
0,
#71295000
1,
#71300000
0,
#71305000
1,
#71310000
0,
#71315000
1,
#71320000
0,
#71325000
1,
#71330000
0,
#71335000
1,
#71340000
0,
#71345000
1,
#71350000
0,
#71355000
1,
#71360000
0,
#71365000
1,
#71370000
0,
#71375000
1,
#71376000
08
#71380000
0,
#71385000
1,
#71390000
0,
#71395000
1,
#71400000
0,
#71405000
1,
#71410000
0,
#71415000
1,
#71420000
0,
#71425000
1,
#71430000
0,
#71435000
1,
#71440000
0,
#71445000
1,
#71450000
0,
#71455000
1,
#71456000
18
#71460000
0,
#71465000
1,
#71470000
0,
#71475000
1,
#71480000
0,
#71485000
1,
#71490000
0,
#71495000
1,
#71500000
0,
#71505000
1,
#71510000
0,
#71515000
1,
#71520000
0,
#71525000
1,
#71530000
0,
#71535000
1,
#71536000
08
#71540000
0,
#71545000
1,
#71550000
0,
#71555000
1,
#71560000
0,
#71565000
1,
#71570000
0,
#71575000
1,
#71580000
0,
#71585000
1,
#71590000
0,
#71595000
1,
#71600000
0,
#71605000
1,
#71610000
0,
#71615000
1,
#71620000
0,
#71625000
1,
#71630000
0,
#71635000
1,
#71640000
0,
#71645000
1,
#71650000
0,
#71655000
1,
#71660000
0,
#71665000
1,
#71670000
0,
#71675000
1,
#71680000
0,
#71685000
1,
#71690000
0,
#71695000
1,
#71696000
18
#71700000
0,
#71705000
1,
#71710000
0,
#71715000
1,
#71720000
0,
#71725000
1,
#71730000
0,
#71735000
1,
#71740000
0,
#71745000
1,
#71750000
0,
#71755000
1,
#71760000
0,
#71765000
1,
#71770000
0,
#71775000
1,
#71780000
0,
#71785000
1,
#71790000
0,
#71795000
1,
#71800000
0,
#71805000
1,
#71810000
0,
#71815000
1,
#71820000
0,
#71825000
1,
#71830000
0,
#71835000
1,
#71840000
0,
#71845000
1,
#71850000
0,
#71855000
1,
#71856000
08
#71860000
0,
#71865000
1,
#71870000
0,
#71875000
1,
#71880000
0,
#71885000
1,
#71890000
0,
#71895000
1,
#71900000
0,
#71905000
1,
#71910000
0,
#71915000
1,
#71920000
0,
#71925000
1,
#71930000
0,
#71935000
1,
#71936000
18
#71940000
0,
#71945000
1,
#71950000
0,
#71955000
1,
#71960000
0,
#71965000
1,
#71970000
0,
#71975000
1,
#71980000
0,
#71985000
1,
#71990000
0,
#71995000
1,
#72000000
0,
#72005000
1,
#72010000
0,
#72015000
1,
#72016000
08
#72020000
0,
#72025000
1,
#72030000
0,
#72035000
1,
#72040000
0,
#72045000
1,
#72050000
0,
#72055000
1,
#72060000
0,
#72065000
1,
#72070000
0,
#72075000
1,
#72080000
0,
#72085000
1,
#72090000
0,
#72095000
1,
#72096000
18
#72100000
0,
#72105000
1,
#72110000
0,
#72115000
1,
#72120000
0,
#72125000
1,
#72130000
0,
#72135000
1,
#72140000
0,
#72145000
1,
#72150000
0,
#72155000
1,
#72160000
0,
#72165000
1,
#72170000
0,
#72175000
1,
#72176000
08
#72180000
0,
#72185000
1,
#72190000
0,
#72195000
1,
#72200000
0,
#72205000
1,
#72210000
0,
#72215000
1,
#72220000
0,
#72225000
1,
#72230000
0,
#72235000
1,
#72240000
0,
#72245000
1,
#72250000
0,
#72255000
1,
#72256000
18
#72260000
0,
#72265000
1,
#72270000
0,
#72275000
1,
#72280000
0,
#72285000
1,
#72290000
0,
#72295000
1,
#72300000
0,
#72305000
1,
#72310000
0,
#72315000
1,
#72320000
0,
#72325000
1,
#72330000
0,
#72335000
1,
#72336000
08
#72340000
0,
#72345000
1,
#72350000
0,
#72355000
1,
#72360000
0,
#72365000
1,
#72370000
0,
#72375000
1,
#72380000
0,
#72385000
1,
#72390000
0,
#72395000
1,
#72400000
0,
#72405000
1,
#72410000
0,
#72415000
1,
#72420000
0,
#72425000
1,
#72430000
0,
#72435000
1,
#72440000
0,
#72445000
1,
#72450000
0,
#72455000
1,
#72460000
0,
#72465000
1,
#72470000
0,
#72475000
1,
#72480000
0,
#72485000
1,
#72490000
0,
#72495000
1,
#72496000
18
#72500000
0,
#72505000
1,
#72510000
0,
#72515000
1,
#72520000
0,
#72525000
1,
#72530000
0,
#72535000
1,
#72540000
0,
#72545000
1,
#72550000
0,
#72555000
1,
#72560000
0,
#72565000
1,
#72570000
0,
#72575000
1,
#72576000
08
#72580000
0,
#72585000
1,
#72590000
0,
#72595000
1,
#72600000
0,
#72605000
1,
#72610000
0,
#72615000
1,
#72620000
0,
#72625000
1,
#72630000
0,
#72635000
1,
#72640000
0,
#72645000
1,
#72650000
0,
#72655000
1,
#72656000
18
#72660000
0,
#72665000
1,
#72670000
0,
#72675000
1,
#72680000
0,
#72685000
1,
#72690000
0,
#72695000
1,
#72700000
0,
#72705000
1,
#72710000
0,
#72715000
1,
#72720000
0,
#72725000
1,
#72730000
0,
#72735000
1,
#72736000
08
#72740000
0,
#72745000
1,
#72750000
0,
#72755000
1,
#72760000
0,
#72765000
1,
#72770000
0,
#72775000
1,
#72780000
0,
#72785000
1,
#72790000
0,
#72795000
1,
#72800000
0,
#72805000
1,
#72810000
0,
#72815000
1,
#72816000
18
#72820000
0,
#72825000
1,
#72830000
0,
#72835000
1,
#72840000
0,
#72845000
1,
#72850000
0,
#72855000
1,
#72860000
0,
#72865000
1,
#72870000
0,
#72875000
1,
#72880000
0,
#72885000
1,
#72890000
0,
#72895000
1,
#72896000
08
#72900000
0,
#72905000
1,
#72910000
0,
#72915000
1,
#72920000
0,
#72925000
1,
#72930000
0,
#72935000
1,
#72940000
0,
#72945000
1,
#72950000
0,
#72955000
1,
#72960000
0,
#72965000
1,
#72970000
0,
#72975000
1,
#72976000
18
#72980000
0,
#72985000
1,
#72990000
0,
#72995000
1,
#73000000
0,
#73005000
1,
#73010000
0,
#73015000
1,
#73020000
0,
#73025000
1,
#73030000
0,
#73035000
1,
#73040000
0,
#73045000
1,
#73050000
0,
#73055000
1,
#73060000
0,
#73065000
1,
#73070000
0,
#73075000
1,
#73080000
0,
#73085000
1,
#73090000
0,
#73095000
1,
#73100000
0,
#73105000
1,
#73110000
0,
#73115000
1,
#73120000
0,
#73125000
1,
#73130000
0,
#73135000
1,
#73136000
08
#73140000
0,
#73145000
1,
#73150000
0,
#73155000
1,
#73160000
0,
#73165000
1,
#73170000
0,
#73175000
1,
#73180000
0,
#73185000
1,
#73190000
0,
#73195000
1,
#73200000
0,
#73205000
1,
#73210000
0,
#73215000
1,
#73220000
0,
#73225000
1,
#73230000
0,
#73235000
1,
#73240000
0,
#73245000
1,
#73250000
0,
#73255000
1,
#73260000
0,
#73265000
1,
#73270000
0,
#73275000
1,
#73280000
0,
#73285000
1,
#73290000
0,
#73295000
1,
#73296000
18
#73300000
0,
#73305000
1,
#73310000
0,
#73315000
1,
#73320000
0,
#73325000
1,
#73330000
0,
#73335000
1,
#73340000
0,
#73345000
1,
#73350000
0,
#73355000
1,
#73360000
0,
#73365000
1,
#73370000
0,
#73375000
1,
#73380000
0,
#73385000
1,
#73390000
0,
#73395000
1,
#73400000
0,
#73405000
1,
#73410000
0,
#73415000
1,
#73420000
0,
#73425000
1,
#73430000
0,
#73435000
1,
#73440000
0,
#73445000
1,
#73450000
0,
#73455000
1,
#73456000
08
#73460000
0,
#73465000
1,
#73470000
0,
#73475000
1,
#73480000
0,
#73485000
1,
#73490000
0,
#73495000
1,
#73500000
0,
#73505000
1,
#73510000
0,
#73515000
1,
#73520000
0,
#73525000
1,
#73530000
0,
#73535000
1,
#73540000
0,
#73545000
1,
#73550000
0,
#73555000
1,
#73560000
0,
#73565000
1,
#73570000
0,
#73575000
1,
#73580000
0,
#73585000
1,
#73590000
0,
#73595000
1,
#73600000
0,
#73605000
1,
#73610000
0,
#73615000
1,
#73616000
18
#73620000
0,
#73625000
1,
#73630000
0,
#73635000
1,
#73640000
0,
#73645000
1,
#73650000
0,
#73655000
1,
#73660000
0,
#73665000
1,
#73670000
0,
#73675000
1,
#73680000
0,
#73685000
1,
#73690000
0,
#73695000
1,
#73696000
08
#73700000
0,
#73705000
1,
#73710000
0,
#73715000
1,
#73720000
0,
#73725000
1,
#73730000
0,
#73735000
1,
#73740000
0,
#73745000
1,
#73750000
0,
#73755000
1,
#73760000
0,
#73765000
1,
#73770000
0,
#73775000
1,
#73776000
18
#73780000
0,
#73785000
1,
#73790000
0,
#73795000
1,
#73800000
0,
#73805000
1,
#73810000
0,
#73815000
1,
#73820000
0,
#73825000
1,
#73830000
0,
#73835000
1,
#73840000
0,
#73845000
1,
#73850000
0,
#73855000
1,
#73856000
08
#73860000
0,
#73865000
1,
#73870000
0,
#73875000
1,
#73880000
0,
#73885000
1,
#73890000
0,
#73895000
1,
#73900000
0,
#73905000
1,
#73910000
0,
#73915000
1,
#73920000
0,
#73925000
1,
#73930000
0,
#73935000
1,
#73936000
18
#73940000
0,
#73945000
1,
#73950000
0,
#73955000
1,
#73960000
0,
#73965000
1,
#73970000
0,
#73975000
1,
#73980000
0,
#73985000
1,
#73990000
0,
#73995000
1,
#74000000
0,
#74005000
1,
#74010000
0,
#74015000
1,
#74016000
08
#74020000
0,
#74025000
1,
#74030000
0,
#74035000
1,
#74040000
0,
#74045000
1,
#74050000
0,
#74055000
1,
#74060000
0,
#74065000
1,
#74070000
0,
#74075000
1,
#74080000
0,
#74085000
1,
#74090000
0,
#74095000
1,
#74096000
18
#74100000
0,
#74105000
1,
#74110000
0,
#74115000
1,
#74120000
0,
#74125000
1,
#74130000
0,
#74135000
1,
#74140000
0,
#74145000
1,
#74150000
0,
#74155000
1,
#74160000
0,
#74165000
1,
#74170000
0,
#74175000
1,
#74176000
08
#74180000
0,
#74185000
1,
#74190000
0,
#74195000
1,
#74200000
0,
#74205000
1,
#74210000
0,
#74215000
1,
#74220000
0,
#74225000
1,
#74230000
0,
#74235000
1,
#74240000
0,
#74245000
1,
#74250000
0,
#74255000
1,
#74256000
18
#74260000
0,
#74265000
1,
#74270000
0,
#74275000
1,
#74280000
0,
#74285000
1,
#74290000
0,
#74295000
1,
#74300000
0,
#74305000
1,
#74310000
0,
#74315000
1,
#74320000
0,
#74325000
1,
#74330000
0,
#74335000
1,
#74336000
08
#74340000
0,
#74345000
1,
#74350000
0,
#74355000
1,
#74360000
0,
#74365000
1,
#74370000
0,
#74375000
1,
#74380000
0,
#74385000
1,
#74390000
0,
#74395000
1,
#74400000
0,
#74405000
1,
#74410000
0,
#74415000
1,
#74416000
18
#74420000
0,
#74425000
1,
#74430000
0,
#74435000
1,
#74440000
0,
#74445000
1,
#74450000
0,
#74455000
1,
#74460000
0,
#74465000
1,
#74470000
0,
#74475000
1,
#74480000
0,
#74485000
1,
#74490000
0,
#74495000
1,
#74496000
08
#74500000
0,
#74505000
1,
#74510000
0,
#74515000
1,
#74520000
0,
#74525000
1,
#74530000
0,
#74535000
1,
#74540000
0,
#74545000
1,
#74550000
0,
#74555000
1,
#74560000
0,
#74565000
1,
#74570000
0,
#74575000
1,
#74576000
18
#74580000
0,
#74585000
1,
#74590000
0,
#74595000
1,
#74600000
0,
#74605000
1,
#74610000
0,
#74615000
1,
#74620000
0,
#74625000
1,
#74630000
0,
#74635000
1,
#74640000
0,
#74645000
1,
#74650000
0,
#74655000
1,
#74660000
0,
#74665000
1,
#74670000
0,
#74675000
1,
#74680000
0,
#74685000
1,
#74690000
0,
#74695000
1,
#74700000
0,
#74705000
1,
#74710000
0,
#74715000
1,
#74720000
0,
#74725000
1,
#74730000
0,
#74735000
1,
#74736000
08
#74740000
0,
#74745000
1,
#74750000
0,
#74755000
1,
#74760000
0,
#74765000
1,
#74770000
0,
#74775000
1,
#74780000
0,
#74785000
1,
#74790000
0,
#74795000
1,
#74800000
0,
#74805000
1,
#74810000
0,
#74815000
1,
#74820000
0,
#74825000
1,
#74830000
0,
#74835000
1,
#74840000
0,
#74845000
1,
#74850000
0,
#74855000
1,
#74860000
0,
#74865000
1,
#74870000
0,
#74875000
1,
#74880000
0,
#74885000
1,
#74890000
0,
#74895000
1,
#74896000
18
#74900000
0,
#74905000
1,
#74910000
0,
#74915000
1,
#74920000
0,
#74925000
1,
#74930000
0,
#74935000
1,
#74940000
0,
#74945000
1,
#74950000
0,
#74955000
1,
#74960000
0,
#74965000
1,
#74970000
0,
#74975000
1,
#74980000
0,
#74985000
1,
#74990000
0,
#74995000
1,
#75000000
0,
#75005000
1,
#75010000
0,
#75015000
1,
#75020000
0,
#75025000
1,
#75030000
0,
#75035000
1,
#75040000
0,
#75045000
1,
#75050000
0,
#75055000
1,
#75056000
08
#75060000
0,
#75065000
1,
#75070000
0,
#75075000
1,
#75080000
0,
#75085000
1,
#75090000
0,
#75095000
1,
#75100000
0,
#75105000
1,
#75110000
0,
#75115000
1,
#75120000
0,
#75125000
1,
#75130000
0,
#75135000
1,
#75136000
18
#75140000
0,
#75145000
1,
#75150000
0,
#75155000
1,
#75160000
0,
#75165000
1,
#75170000
0,
#75175000
1,
#75180000
0,
#75185000
1,
#75190000
0,
#75195000
1,
#75200000
0,
#75205000
1,
#75210000
0,
#75215000
1,
#75216000
08
#75220000
0,
#75225000
1,
#75230000
0,
#75235000
1,
#75240000
0,
#75245000
1,
#75250000
0,
#75255000
1,
#75260000
0,
#75265000
1,
#75270000
0,
#75275000
1,
#75280000
0,
#75285000
1,
#75290000
0,
#75295000
1,
#75300000
0,
#75305000
1,
#75310000
0,
#75315000
1,
#75320000
0,
#75325000
1,
#75330000
0,
#75335000
1,
#75340000
0,
#75345000
1,
#75350000
0,
#75355000
1,
#75360000
0,
#75365000
1,
#75370000
0,
#75375000
1,
#75376000
18
#75380000
0,
#75385000
1,
#75390000
0,
#75395000
1,
#75400000
0,
#75405000
1,
#75410000
0,
#75415000
1,
#75420000
0,
#75425000
1,
#75430000
0,
#75435000
1,
#75440000
0,
#75445000
1,
#75450000
0,
#75455000
1,
#75456000
08
#75460000
0,
#75465000
1,
#75470000
0,
#75475000
1,
#75480000
0,
#75485000
1,
#75490000
0,
#75495000
1,
#75500000
0,
#75505000
1,
#75510000
0,
#75515000
1,
#75520000
0,
#75525000
1,
#75530000
0,
#75535000
1,
#75536000
18
#75540000
0,
#75545000
1,
#75550000
0,
#75555000
1,
#75560000
0,
#75565000
1,
#75570000
0,
#75575000
1,
#75580000
0,
#75585000
1,
#75590000
0,
#75595000
1,
#75600000
0,
#75605000
1,
#75610000
0,
#75615000
1,
#75620000
0,
#75625000
1,
#75630000
0,
#75635000
1,
#75640000
0,
#75645000
1,
#75650000
0,
#75655000
1,
#75660000
0,
#75665000
1,
#75670000
0,
#75675000
1,
#75680000
0,
#75685000
1,
#75690000
0,
#75695000
1,
#75696000
08
#75700000
0,
#75705000
1,
#75710000
0,
#75715000
1,
#75720000
0,
#75725000
1,
#75730000
0,
#75735000
1,
#75740000
0,
#75745000
1,
#75750000
0,
#75755000
1,
#75760000
0,
#75765000
1,
#75770000
0,
#75775000
1,
#75776000
18
#75780000
0,
#75785000
1,
#75790000
0,
#75795000
1,
#75800000
0,
#75805000
1,
#75810000
0,
#75815000
1,
#75820000
0,
#75825000
1,
#75830000
0,
#75835000
1,
#75840000
0,
#75845000
1,
#75850000
0,
#75855000
1,
#75856000
08
#75860000
0,
#75865000
1,
#75870000
0,
#75875000
1,
#75880000
0,
#75885000
1,
#75890000
0,
#75895000
1,
#75900000
0,
#75905000
1,
#75910000
0,
#75915000
1,
#75920000
0,
#75925000
1,
#75930000
0,
#75935000
1,
#75940000
0,
#75945000
1,
#75950000
0,
#75955000
1,
#75960000
0,
#75965000
1,
#75970000
0,
#75975000
1,
#75980000
0,
#75985000
1,
#75990000
0,
#75995000
1,
#76000000
0,
#76005000
1,
#76010000
0,
#76015000
1,
#76016000
18
#76020000
0,
#76025000
1,
#76030000
0,
#76035000
1,
#76040000
0,
#76045000
1,
#76050000
0,
#76055000
1,
#76060000
0,
#76065000
1,
#76070000
0,
#76075000
1,
#76080000
0,
#76085000
1,
#76090000
0,
#76095000
1,
#76096000
08
#76100000
0,
#76105000
1,
#76110000
0,
#76115000
1,
#76120000
0,
#76125000
1,
#76130000
0,
#76135000
1,
#76140000
0,
#76145000
1,
#76150000
0,
#76155000
1,
#76160000
0,
#76165000
1,
#76170000
0,
#76175000
1,
#76176000
18
#76180000
0,
#76185000
1,
#76190000
0,
#76195000
1,
#76200000
0,
#76205000
1,
#76210000
0,
#76215000
1,
#76220000
0,
#76225000
1,
#76230000
0,
#76235000
1,
#76240000
0,
#76245000
1,
#76250000
0,
#76255000
1,
#76256000
08
#76260000
0,
#76265000
1,
#76270000
0,
#76275000
1,
#76280000
0,
#76285000
1,
#76290000
0,
#76295000
1,
#76300000
0,
#76305000
1,
#76310000
0,
#76315000
1,
#76320000
0,
#76325000
1,
#76330000
0,
#76335000
1,
#76340000
0,
#76345000
1,
#76350000
0,
#76355000
1,
#76360000
0,
#76365000
1,
#76370000
0,
#76375000
1,
#76380000
0,
#76385000
1,
#76390000
0,
#76395000
1,
#76400000
0,
#76405000
1,
#76410000
0,
#76415000
1,
#76420000
0,
#76425000
1,
#76430000
0,
#76435000
1,
#76440000
0,
#76445000
1,
#76450000
0,
#76455000
1,
#76460000
0,
#76465000
1,
#76470000
0,
#76475000
1,
#76480000
0,
#76485000
1,
#76490000
0,
#76495000
1,
#76500000
0,
#76505000
1,
#76510000
0,
#76515000
1,
#76520000
0,
#76525000
1,
#76530000
0,
#76535000
1,
#76540000
0,
#76545000
1,
#76550000
0,
#76555000
1,
#76560000
0,
#76565000
1,
#76570000
0,
#76575000
1,
#76580000
0,
#76585000
1,
#76590000
0,
#76595000
1,
#76600000
0,
#76605000
1,
#76610000
0,
#76615000
1,
#76620000
0,
#76625000
1,
#76630000
0,
#76635000
1,
#76640000
0,
#76645000
1,
#76650000
0,
#76655000
1,
#76660000
0,
#76665000
1,
#76670000
0,
#76675000
1,
#76680000
0,
#76685000
1,
#76690000
0,
#76695000
1,
#76700000
0,
#76705000
1,
#76710000
0,
#76715000
1,
#76720000
0,
#76725000
1,
#76730000
0,
#76735000
1,
#76740000
0,
#76745000
1,
#76750000
0,
#76755000
1,
#76760000
0,
#76765000
1,
#76770000
0,
#76775000
1,
#76780000
0,
#76785000
1,
#76790000
0,
#76795000
1,
#76800000
0,
#76805000
1,
#76810000
0,
#76815000
1,
#76820000
0,
#76825000
1,
#76830000
0,
#76835000
1,
#76840000
0,
#76845000
1,
#76850000
0,
#76855000
1,
#76860000
0,
#76865000
1,
#76870000
0,
#76875000
1,
#76880000
0,
#76885000
1,
#76890000
0,
#76895000
1,
#76900000
0,
#76905000
1,
#76910000
0,
#76915000
1,
#76920000
0,
#76925000
1,
#76930000
0,
#76935000
1,
#76940000
0,
#76945000
1,
#76950000
0,
#76955000
1,
#76960000
0,
#76965000
1,
#76970000
0,
#76975000
1,
#76980000
0,
#76985000
1,
#76990000
0,
#76995000
1,
#76996000
18
#77000000
0,
#77005000
1,
#77010000
0,
#77015000
1,
#77020000
0,
#77025000
1,
#77030000
0,
#77035000
1,
#77040000
0,
#77045000
1,
#77050000
0,
#77055000
1,
#77060000
0,
#77065000
1,
#77070000
0,
#77075000
1,
#77080000
0,
#77085000
1,
#77090000
0,
#77095000
1,
#77100000
0,
#77105000
1,
#77110000
0,
#77115000
1,
#77120000
0,
#77125000
1,
#77130000
0,
#77135000
1,
#77140000
0,
#77145000
1,
#77150000
0,
#77155000
1,
#77156000
08
#77160000
0,
#77165000
1,
#77170000
0,
#77175000
1,
#77180000
0,
#77185000
1,
#77190000
0,
#77195000
1,
#77200000
0,
#77205000
1,
#77210000
0,
#77215000
1,
#77220000
0,
#77225000
1,
#77230000
0,
#77235000
1,
#77240000
0,
#77245000
1,
#77250000
0,
#77255000
1,
#77260000
0,
#77265000
1,
#77270000
0,
#77275000
1,
#77280000
0,
#77285000
1,
#77290000
0,
#77295000
1,
#77300000
0,
#77305000
1,
#77310000
0,
#77315000
1,
#77316000
18
#77320000
0,
#77325000
1,
#77330000
0,
#77335000
1,
#77340000
0,
#77345000
1,
#77350000
0,
#77355000
1,
#77360000
0,
#77365000
1,
#77370000
0,
#77375000
1,
#77380000
0,
#77385000
1,
#77390000
0,
#77395000
1,
#77400000
0,
#77405000
1,
#77410000
0,
#77415000
1,
#77420000
0,
#77425000
1,
#77430000
0,
#77435000
1,
#77440000
0,
#77445000
1,
#77450000
0,
#77455000
1,
#77460000
0,
#77465000
1,
#77470000
0,
#77475000
1,
#77476000
08
#77480000
0,
#77485000
1,
#77490000
0,
#77495000
1,
#77500000
0,
#77505000
1,
#77510000
0,
#77515000
1,
#77520000
0,
#77525000
1,
#77530000
0,
#77535000
1,
#77540000
0,
#77545000
1,
#77550000
0,
#77555000
1,
#77560000
0,
#77565000
1,
#77570000
0,
#77575000
1,
#77580000
0,
#77585000
1,
#77590000
0,
#77595000
1,
#77600000
0,
#77605000
1,
#77610000
0,
#77615000
1,
#77620000
0,
#77625000
1,
#77630000
0,
#77635000
1,
#77636000
18
#77640000
0,
#77645000
1,
#77650000
0,
#77655000
1,
#77660000
0,
#77665000
1,
#77670000
0,
#77675000
1,
#77680000
0,
#77685000
1,
#77690000
0,
#77695000
1,
#77700000
0,
#77705000
1,
#77710000
0,
#77715000
1,
#77720000
0,
#77725000
1,
#77730000
0,
#77735000
1,
#77740000
0,
#77745000
1,
#77750000
0,
#77755000
1,
#77760000
0,
#77765000
1,
#77770000
0,
#77775000
1,
#77780000
0,
#77785000
1,
#77790000
0,
#77795000
1,
#77796000
08
#77800000
0,
#77805000
1,
#77810000
0,
#77815000
1,
#77820000
0,
#77825000
1,
#77830000
0,
#77835000
1,
#77840000
0,
#77845000
1,
#77850000
0,
#77855000
1,
#77860000
0,
#77865000
1,
#77870000
0,
#77875000
1,
#77880000
0,
#77885000
1,
#77890000
0,
#77895000
1,
#77900000
0,
#77905000
1,
#77910000
0,
#77915000
1,
#77920000
0,
#77925000
1,
#77930000
0,
#77935000
1,
#77940000
0,
#77945000
1,
#77950000
0,
#77955000
1,
#77956000
18
#77960000
0,
#77965000
1,
#77970000
0,
#77975000
1,
#77980000
0,
#77985000
1,
#77990000
0,
#77995000
1,
#78000000
0,
#78005000
1,
#78010000
0,
#78015000
1,
#78020000
0,
#78025000
1,
#78030000
0,
#78035000
1,
#78040000
0,
#78045000
1,
#78050000
0,
#78055000
1,
#78060000
0,
#78065000
1,
#78070000
0,
#78075000
1,
#78080000
0,
#78085000
1,
#78090000
0,
#78095000
1,
#78100000
0,
#78105000
1,
#78110000
0,
#78115000
1,
#78116000
08
#78120000
0,
#78125000
1,
#78130000
0,
#78135000
1,
#78140000
0,
#78145000
1,
#78150000
0,
#78155000
1,
#78160000
0,
#78165000
1,
#78170000
0,
#78175000
1,
#78180000
0,
#78185000
1,
#78190000
0,
#78195000
1,
#78200000
0,
#78205000
1,
#78210000
0,
#78215000
1,
#78220000
0,
#78225000
1,
#78230000
0,
#78235000
1,
#78240000
0,
#78245000
1,
#78250000
0,
#78255000
1,
#78260000
0,
#78265000
1,
#78270000
0,
#78275000
1,
#78276000
18
#78280000
0,
#78285000
1,
#78290000
0,
#78295000
1,
#78300000
0,
#78305000
1,
#78310000
0,
#78315000
1,
#78320000
0,
#78325000
1,
#78330000
0,
#78335000
1,
#78340000
0,
#78345000
1,
#78350000
0,
#78355000
1,
#78360000
0,
#78365000
1,
#78370000
0,
#78375000
1,
#78380000
0,
#78385000
1,
#78390000
0,
#78395000
1,
#78400000
0,
#78405000
1,
#78410000
0,
#78415000
1,
#78420000
0,
#78425000
1,
#78430000
0,
#78435000
1,
#78436000
08
#78440000
0,
#78445000
1,
#78450000
0,
#78455000
1,
#78460000
0,
#78465000
1,
#78470000
0,
#78475000
1,
#78480000
0,
#78485000
1,
#78490000
0,
#78495000
1,
#78500000
0,
#78505000
1,
#78510000
0,
#78515000
1,
#78520000
0,
#78525000
1,
#78530000
0,
#78535000
1,
#78540000
0,
#78545000
1,
#78550000
0,
#78555000
1,
#78560000
0,
#78565000
1,
#78570000
0,
#78575000
1,
#78580000
0,
#78585000
1,
#78590000
0,
#78595000
1,
#78596000
18
#78600000
0,
#78605000
1,
#78610000
0,
#78615000
1,
#78620000
0,
#78625000
1,
#78630000
0,
#78635000
1,
#78640000
0,
#78645000
1,
#78650000
0,
#78655000
1,
#78660000
0,
#78665000
1,
#78670000
0,
#78675000
1,
#78680000
0,
#78685000
1,
#78690000
0,
#78695000
1,
#78700000
0,
#78705000
1,
#78710000
0,
#78715000
1,
#78720000
0,
#78725000
1,
#78730000
0,
#78735000
1,
#78740000
0,
#78745000
1,
#78750000
0,
#78755000
1,
#78756000
08
#78760000
0,
#78765000
1,
#78770000
0,
#78775000
1,
#78780000
0,
#78785000
1,
#78790000
0,
#78795000
1,
#78800000
0,
#78805000
1,
#78810000
0,
#78815000
1,
#78820000
0,
#78825000
1,
#78830000
0,
#78835000
1,
#78840000
0,
#78845000
1,
#78850000
0,
#78855000
1,
#78860000
0,
#78865000
1,
#78870000
0,
#78875000
1,
#78880000
0,
#78885000
1,
#78890000
0,
#78895000
1,
#78900000
0,
#78905000
1,
#78910000
0,
#78915000
1,
#78916000
18
#78920000
0,
#78925000
1,
#78930000
0,
#78935000
1,
#78940000
0,
#78945000
1,
#78950000
0,
#78955000
1,
#78960000
0,
#78965000
1,
#78970000
0,
#78975000
1,
#78980000
0,
#78985000
1,
#78990000
0,
#78995000
1,
#79000000
0,
#79005000
1,
#79010000
0,
#79015000
1,
#79020000
0,
#79025000
1,
#79030000
0,
#79035000
1,
#79040000
0,
#79045000
1,
#79050000
0,
#79055000
1,
#79060000
0,
#79065000
1,
#79070000
0,
#79075000
1,
#79076000
08
#79080000
0,
#79085000
1,
#79090000
0,
#79095000
1,
#79100000
0,
#79105000
1,
#79110000
0,
#79115000
1,
#79120000
0,
#79125000
1,
#79130000
0,
#79135000
1,
#79140000
0,
#79145000
1,
#79150000
0,
#79155000
1,
#79160000
0,
#79165000
1,
#79170000
0,
#79175000
1,
#79180000
0,
#79185000
1,
#79190000
0,
#79195000
1,
#79200000
0,
#79205000
1,
#79210000
0,
#79215000
1,
#79220000
0,
#79225000
1,
#79230000
0,
#79235000
1,
#79236000
18
#79240000
0,
#79245000
1,
#79250000
0,
#79255000
1,
#79260000
0,
#79265000
1,
#79270000
0,
#79275000
1,
#79280000
0,
#79285000
1,
#79290000
0,
#79295000
1,
#79300000
0,
#79305000
1,
#79310000
0,
#79315000
1,
#79320000
0,
#79325000
1,
#79330000
0,
#79335000
1,
#79340000
0,
#79345000
1,
#79350000
0,
#79355000
1,
#79360000
0,
#79365000
1,
#79370000
0,
#79375000
1,
#79380000
0,
#79385000
1,
#79390000
0,
#79395000
1,
#79396000
08
#79400000
0,
#79405000
1,
#79410000
0,
#79415000
1,
#79420000
0,
#79425000
1,
#79430000
0,
#79435000
1,
#79440000
0,
#79445000
1,
#79450000
0,
#79455000
1,
#79460000
0,
#79465000
1,
#79470000
0,
#79475000
1,
#79480000
0,
#79485000
1,
#79490000
0,
#79495000
1,
#79500000
0,
#79505000
1,
#79510000
0,
#79515000
1,
#79520000
0,
#79525000
1,
#79530000
0,
#79535000
1,
#79540000
0,
#79545000
1,
#79550000
0,
#79555000
1,
#79556000
18
#79560000
0,
#79565000
1,
#79570000
0,
#79575000
1,
#79580000
0,
#79585000
1,
#79590000
0,
#79595000
1,
#79600000
0,
#79605000
1,
#79610000
0,
#79615000
1,
#79620000
0,
#79625000
1,
#79630000
0,
#79635000
1,
#79640000
0,
#79645000
1,
#79650000
0,
#79655000
1,
#79660000
0,
#79665000
1,
#79670000
0,
#79675000
1,
#79680000
0,
#79685000
1,
#79690000
0,
#79695000
1,
#79700000
0,
#79705000
1,
#79710000
0,
#79715000
1,
#79716000
08
#79720000
0,
#79725000
1,
#79730000
0,
#79735000
1,
#79740000
0,
#79745000
1,
#79750000
0,
#79755000
1,
#79760000
0,
#79765000
1,
#79770000
0,
#79775000
1,
#79780000
0,
#79785000
1,
#79790000
0,
#79795000
1,
#79800000
0,
#79805000
1,
#79810000
0,
#79815000
1,
#79820000
0,
#79825000
1,
#79830000
0,
#79835000
1,
#79840000
0,
#79845000
1,
#79850000
0,
#79855000
1,
#79860000
0,
#79865000
1,
#79870000
0,
#79875000
1,
#79876000
18
#79880000
0,
#79885000
1,
#79890000
0,
#79895000
1,
#79900000
0,
#79905000
1,
#79910000
0,
#79915000
1,
#79920000
0,
#79925000
1,
#79930000
0,
#79935000
1,
#79940000
0,
#79945000
1,
#79950000
0,
#79955000
1,
#79960000
0,
#79965000
1,
#79970000
0,
#79975000
1,
#79980000
0,
#79985000
1,
#79990000
0,
#79995000
1,
#80000000
0,
#80005000
1,
#80010000
0,
#80015000
1,
#80020000
0,
#80025000
1,
#80030000
0,
#80035000
1,
#80036000
08
#80040000
0,
#80045000
1,
#80050000
0,
#80055000
1,
#80060000
0,
#80065000
1,
#80070000
0,
#80075000
1,
#80080000
0,
#80085000
1,
#80090000
0,
#80095000
1,
#80100000
0,
#80105000
1,
#80110000
0,
#80115000
1,
#80120000
0,
#80125000
1,
#80130000
0,
#80135000
1,
#80140000
0,
#80145000
1,
#80150000
0,
#80155000
1,
#80160000
0,
#80165000
1,
#80170000
0,
#80175000
1,
#80180000
0,
#80185000
1,
#80190000
0,
#80195000
1,
#80196000
18
#80200000
0,
#80205000
1,
#80210000
0,
#80215000
1,
#80220000
0,
#80225000
1,
#80230000
0,
#80235000
1,
#80240000
0,
#80245000
1,
#80250000
0,
#80255000
1,
#80260000
0,
#80265000
1,
#80270000
0,
#80275000
1,
#80280000
0,
#80285000
1,
#80290000
0,
#80295000
1,
#80300000
0,
#80305000
1,
#80310000
0,
#80315000
1,
#80320000
0,
#80325000
1,
#80330000
0,
#80335000
1,
#80340000
0,
#80345000
1,
#80350000
0,
#80355000
1,
#80356000
08
#80360000
0,
#80365000
1,
#80370000
0,
#80375000
1,
#80380000
0,
#80385000
1,
#80390000
0,
#80395000
1,
#80400000
0,
#80405000
1,
#80410000
0,
#80415000
1,
#80420000
0,
#80425000
1,
#80430000
0,
#80435000
1,
#80440000
0,
#80445000
1,
#80450000
0,
#80455000
1,
#80460000
0,
#80465000
1,
#80470000
0,
#80475000
1,
#80480000
0,
#80485000
1,
#80490000
0,
#80495000
1,
#80500000
0,
#80505000
1,
#80510000
0,
#80515000
1,
#80516000
18
#80520000
0,
#80525000
1,
#80530000
0,
#80535000
1,
#80540000
0,
#80545000
1,
#80550000
0,
#80555000
1,
#80560000
0,
#80565000
1,
#80570000
0,
#80575000
1,
#80580000
0,
#80585000
1,
#80590000
0,
#80595000
1,
#80600000
0,
#80605000
1,
#80610000
0,
#80615000
1,
#80620000
0,
#80625000
1,
#80630000
0,
#80635000
1,
#80640000
0,
#80645000
1,
#80650000
0,
#80655000
1,
#80660000
0,
#80665000
1,
#80670000
0,
#80675000
1,
#80676000
08
#80680000
0,
#80685000
1,
#80690000
0,
#80695000
1,
#80700000
0,
#80705000
1,
#80710000
0,
#80715000
1,
#80720000
0,
#80725000
1,
#80730000
0,
#80735000
1,
#80740000
0,
#80745000
1,
#80750000
0,
#80755000
1,
#80760000
0,
#80765000
1,
#80770000
0,
#80775000
1,
#80780000
0,
#80785000
1,
#80790000
0,
#80795000
1,
#80800000
0,
#80805000
1,
#80810000
0,
#80815000
1,
#80820000
0,
#80825000
1,
#80830000
0,
#80835000
1,
#80836000
18
#80840000
0,
#80845000
1,
#80850000
0,
#80855000
1,
#80860000
0,
#80865000
1,
#80870000
0,
#80875000
1,
#80880000
0,
#80885000
1,
#80890000
0,
#80895000
1,
#80900000
0,
#80905000
1,
#80910000
0,
#80915000
1,
#80920000
0,
#80925000
1,
#80930000
0,
#80935000
1,
#80940000
0,
#80945000
1,
#80950000
0,
#80955000
1,
#80960000
0,
#80965000
1,
#80970000
0,
#80975000
1,
#80980000
0,
#80985000
1,
#80990000
0,
#80995000
1,
#80996000
08
#81000000
0,
#81005000
1,
#81010000
0,
#81015000
1,
#81020000
0,
#81025000
1,
#81030000
0,
#81035000
1,
#81040000
0,
#81045000
1,
#81050000
0,
#81055000
1,
#81060000
0,
#81065000
1,
#81070000
0,
#81075000
1,
#81080000
0,
#81085000
1,
#81090000
0,
#81095000
1,
#81100000
0,
#81105000
1,
#81110000
0,
#81115000
1,
#81120000
0,
#81125000
1,
#81130000
0,
#81135000
1,
#81140000
0,
#81145000
1,
#81150000
0,
#81155000
1,
#81156000
18
#81160000
0,
#81165000
1,
#81170000
0,
#81175000
1,
#81180000
0,
#81185000
1,
#81190000
0,
#81195000
1,
#81200000
0,
#81205000
1,
#81210000
0,
#81215000
1,
#81220000
0,
#81225000
1,
#81230000
0,
#81235000
1,
#81240000
0,
#81245000
1,
#81250000
0,
#81255000
1,
#81260000
0,
#81265000
1,
#81270000
0,
#81275000
1,
#81280000
0,
#81285000
1,
#81290000
0,
#81295000
1,
#81300000
0,
#81305000
1,
#81310000
0,
#81315000
1,
#81316000
08
#81320000
0,
#81325000
1,
#81330000
0,
#81335000
1,
#81340000
0,
#81345000
1,
#81350000
0,
#81355000
1,
#81360000
0,
#81365000
1,
#81370000
0,
#81375000
1,
#81380000
0,
#81385000
1,
#81390000
0,
#81395000
1,
#81400000
0,
#81405000
1,
#81410000
0,
#81415000
1,
#81420000
0,
#81425000
1,
#81430000
0,
#81435000
1,
#81440000
0,
#81445000
1,
#81450000
0,
#81455000
1,
#81460000
0,
#81465000
1,
#81470000
0,
#81475000
1,
#81476000
18
#81480000
0,
#81485000
1,
#81490000
0,
#81495000
1,
#81500000
0,
#81505000
1,
#81510000
0,
#81515000
1,
#81520000
0,
#81525000
1,
#81530000
0,
#81535000
1,
#81540000
0,
#81545000
1,
#81550000
0,
#81555000
1,
#81560000
0,
#81565000
1,
#81570000
0,
#81575000
1,
#81580000
0,
#81585000
1,
#81590000
0,
#81595000
1,
#81600000
0,
#81605000
1,
#81610000
0,
#81615000
1,
#81620000
0,
#81625000
1,
#81630000
0,
#81635000
1,
#81636000
08
#81640000
0,
#81645000
1,
#81650000
0,
#81655000
1,
#81660000
0,
#81665000
1,
#81670000
0,
#81675000
1,
#81680000
0,
#81685000
1,
#81690000
0,
#81695000
1,
#81700000
0,
#81705000
1,
#81710000
0,
#81715000
1,
#81720000
0,
#81725000
1,
#81730000
0,
#81735000
1,
#81740000
0,
#81745000
1,
#81750000
0,
#81755000
1,
#81760000
0,
#81765000
1,
#81770000
0,
#81775000
1,
#81780000
0,
#81785000
1,
#81790000
0,
#81795000
1,
#81796000
18
#81800000
0,
#81805000
1,
#81810000
0,
#81815000
1,
#81820000
0,
#81825000
1,
#81830000
0,
#81835000
1,
#81840000
0,
#81845000
1,
#81850000
0,
#81855000
1,
#81860000
0,
#81865000
1,
#81870000
0,
#81875000
1,
#81880000
0,
#81885000
1,
#81890000
0,
#81895000
1,
#81900000
0,
#81905000
1,
#81910000
0,
#81915000
1,
#81920000
0,
#81925000
1,
#81930000
0,
#81935000
1,
#81940000
0,
#81945000
1,
#81950000
0,
#81955000
1,
#81956000
08
#81960000
0,
#81965000
1,
#81970000
0,
#81975000
1,
#81980000
0,
#81985000
1,
#81990000
0,
#81995000
1,
#82000000
0,
#82005000
1,
#82010000
0,
#82015000
1,
#82020000
0,
#82025000
1,
#82030000
0,
#82035000
1,
#82040000
0,
#82045000
1,
#82050000
0,
#82055000
1,
#82060000
0,
#82065000
1,
#82070000
0,
#82075000
1,
#82080000
0,
#82085000
1,
#82090000
0,
#82095000
1,
#82100000
0,
#82105000
1,
#82110000
0,
#82115000
1,
#82116000
18
#82120000
0,
#82125000
1,
#82130000
0,
#82135000
1,
#82140000
0,
#82145000
1,
#82150000
0,
#82155000
1,
#82160000
0,
#82165000
1,
#82170000
0,
#82175000
1,
#82180000
0,
#82185000
1,
#82190000
0,
#82195000
1,
#82200000
0,
#82205000
1,
#82210000
0,
#82215000
1,
#82220000
0,
#82225000
1,
#82230000
0,
#82235000
1,
#82240000
0,
#82245000
1,
#82250000
0,
#82255000
1,
#82260000
0,
#82265000
1,
#82270000
0,
#82275000
1,
#82276000
08
#82280000
0,
#82285000
1,
#82290000
0,
#82295000
1,
#82300000
0,
#82305000
1,
#82310000
0,
#82315000
1,
#82320000
0,
#82325000
1,
#82330000
0,
#82335000
1,
#82340000
0,
#82345000
1,
#82350000
0,
#82355000
1,
#82360000
0,
#82365000
1,
#82370000
0,
#82375000
1,
#82380000
0,
#82385000
1,
#82390000
0,
#82395000
1,
#82400000
0,
#82405000
1,
#82410000
0,
#82415000
1,
#82420000
0,
#82425000
1,
#82430000
0,
#82435000
1,
#82436000
18
#82440000
0,
#82445000
1,
#82450000
0,
#82455000
1,
#82460000
0,
#82465000
1,
#82470000
0,
#82475000
1,
#82480000
0,
#82485000
1,
#82490000
0,
#82495000
1,
#82500000
0,
#82505000
1,
#82510000
0,
#82515000
1,
#82520000
0,
#82525000
1,
#82530000
0,
#82535000
1,
#82540000
0,
#82545000
1,
#82550000
0,
#82555000
1,
#82560000
0,
#82565000
1,
#82570000
0,
#82575000
1,
#82580000
0,
#82585000
1,
#82590000
0,
#82595000
1,
#82596000
08
#82600000
0,
#82605000
1,
#82610000
0,
#82615000
1,
#82620000
0,
#82625000
1,
#82630000
0,
#82635000
1,
#82640000
0,
#82645000
1,
#82650000
0,
#82655000
1,
#82660000
0,
#82665000
1,
#82670000
0,
#82675000
1,
#82680000
0,
#82685000
1,
#82690000
0,
#82695000
1,
#82700000
0,
#82705000
1,
#82710000
0,
#82715000
1,
#82720000
0,
#82725000
1,
#82730000
0,
#82735000
1,
#82740000
0,
#82745000
1,
#82750000
0,
#82755000
1,
#82756000
18
#82760000
0,
#82765000
1,
#82770000
0,
#82775000
1,
#82780000
0,
#82785000
1,
#82790000
0,
#82795000
1,
#82800000
0,
#82805000
1,
#82810000
0,
#82815000
1,
#82820000
0,
#82825000
1,
#82830000
0,
#82835000
1,
#82840000
0,
#82845000
1,
#82850000
0,
#82855000
1,
#82860000
0,
#82865000
1,
#82870000
0,
#82875000
1,
#82880000
0,
#82885000
1,
#82890000
0,
#82895000
1,
#82900000
0,
#82905000
1,
#82910000
0,
#82915000
1,
#82916000
08
#82920000
0,
#82925000
1,
#82930000
0,
#82935000
1,
#82940000
0,
#82945000
1,
#82950000
0,
#82955000
1,
#82960000
0,
#82965000
1,
#82970000
0,
#82975000
1,
#82980000
0,
#82985000
1,
#82990000
0,
#82995000
1,
#83000000
0,
#83005000
1,
#83010000
0,
#83015000
1,
#83020000
0,
#83025000
1,
#83030000
0,
#83035000
1,
#83040000
0,
#83045000
1,
#83050000
0,
#83055000
1,
#83060000
0,
#83065000
1,
#83070000
0,
#83075000
1,
#83076000
18
#83080000
0,
#83085000
1,
#83090000
0,
#83095000
1,
#83100000
0,
#83105000
1,
#83110000
0,
#83115000
1,
#83120000
0,
#83125000
1,
#83130000
0,
#83135000
1,
#83140000
0,
#83145000
1,
#83150000
0,
#83155000
1,
#83160000
0,
#83165000
1,
#83170000
0,
#83175000
1,
#83180000
0,
#83185000
1,
#83190000
0,
#83195000
1,
#83200000
0,
#83205000
1,
#83210000
0,
#83215000
1,
#83220000
0,
#83225000
1,
#83230000
0,
#83235000
1,
#83236000
08
#83240000
0,
#83245000
1,
#83250000
0,
#83255000
1,
#83260000
0,
#83265000
1,
#83270000
0,
#83275000
1,
#83280000
0,
#83285000
1,
#83290000
0,
#83295000
1,
#83300000
0,
#83305000
1,
#83310000
0,
#83315000
1,
#83320000
0,
#83325000
1,
#83330000
0,
#83335000
1,
#83340000
0,
#83345000
1,
#83350000
0,
#83355000
1,
#83360000
0,
#83365000
1,
#83370000
0,
#83375000
1,
#83380000
0,
#83385000
1,
#83390000
0,
#83395000
1,
#83396000
18
#83400000
0,
#83405000
1,
#83410000
0,
#83415000
1,
#83420000
0,
#83425000
1,
#83430000
0,
#83435000
1,
#83440000
0,
#83445000
1,
#83450000
0,
#83455000
1,
#83460000
0,
#83465000
1,
#83470000
0,
#83475000
1,
#83480000
0,
#83485000
1,
#83490000
0,
#83495000
1,
#83500000
0,
#83505000
1,
#83510000
0,
#83515000
1,
#83520000
0,
#83525000
1,
#83530000
0,
#83535000
1,
#83540000
0,
#83545000
1,
#83550000
0,
#83555000
1,
#83556000
08
#83560000
0,
#83565000
1,
#83570000
0,
#83575000
1,
#83580000
0,
#83585000
1,
#83590000
0,
#83595000
1,
#83600000
0,
#83605000
1,
#83610000
0,
#83615000
1,
#83620000
0,
#83625000
1,
#83630000
0,
#83635000
1,
#83640000
0,
#83645000
1,
#83650000
0,
#83655000
1,
#83660000
0,
#83665000
1,
#83670000
0,
#83675000
1,
#83680000
0,
#83685000
1,
#83690000
0,
#83695000
1,
#83700000
0,
#83705000
1,
#83710000
0,
#83715000
1,
#83716000
18
#83720000
0,
#83725000
1,
#83730000
0,
#83735000
1,
#83740000
0,
#83745000
1,
#83750000
0,
#83755000
1,
#83760000
0,
#83765000
1,
#83770000
0,
#83775000
1,
#83780000
0,
#83785000
1,
#83790000
0,
#83795000
1,
#83800000
0,
#83805000
1,
#83810000
0,
#83815000
1,
#83820000
0,
#83825000
1,
#83830000
0,
#83835000
1,
#83840000
0,
#83845000
1,
#83850000
0,
#83855000
1,
#83860000
0,
#83865000
1,
#83870000
0,
#83875000
1,
#83876000
08
#83880000
0,
#83885000
1,
#83890000
0,
#83895000
1,
#83900000
0,
#83905000
1,
#83910000
0,
#83915000
1,
#83920000
0,
#83925000
1,
#83930000
0,
#83935000
1,
#83940000
0,
#83945000
1,
#83950000
0,
#83955000
1,
#83960000
0,
#83965000
1,
#83970000
0,
#83975000
1,
#83980000
0,
#83985000
1,
#83990000
0,
#83995000
1,
#84000000
0,
#84005000
1,
#84010000
0,
#84015000
1,
#84020000
0,
#84025000
1,
#84030000
0,
#84035000
1,
#84036000
18
#84040000
0,
#84045000
1,
#84050000
0,
#84055000
1,
#84060000
0,
#84065000
1,
#84070000
0,
#84075000
1,
#84080000
0,
#84085000
1,
#84090000
0,
#84095000
1,
#84100000
0,
#84105000
1,
#84110000
0,
#84115000
1,
#84120000
0,
#84125000
1,
#84130000
0,
#84135000
1,
#84140000
0,
#84145000
1,
#84150000
0,
#84155000
1,
#84160000
0,
#84165000
1,
#84170000
0,
#84175000
1,
#84180000
0,
#84185000
1,
#84190000
0,
#84195000
1,
#84196000
08
#84200000
0,
#84205000
1,
#84210000
0,
#84215000
1,
#84220000
0,
#84225000
1,
#84230000
0,
#84235000
1,
#84240000
0,
#84245000
1,
#84250000
0,
#84255000
1,
#84260000
0,
#84265000
1,
#84270000
0,
#84275000
1,
#84280000
0,
#84285000
1,
#84290000
0,
#84295000
1,
#84300000
0,
#84305000
1,
#84310000
0,
#84315000
1,
#84320000
0,
#84325000
1,
#84330000
0,
#84335000
1,
#84340000
0,
#84345000
1,
#84350000
0,
#84355000
1,
#84356000
18
#84360000
0,
#84365000
1,
#84370000
0,
#84375000
1,
#84380000
0,
#84385000
1,
#84390000
0,
#84395000
1,
#84400000
0,
#84405000
1,
#84410000
0,
#84415000
1,
#84420000
0,
#84425000
1,
#84430000
0,
#84435000
1,
#84440000
0,
#84445000
1,
#84450000
0,
#84455000
1,
#84460000
0,
#84465000
1,
#84470000
0,
#84475000
1,
#84480000
0,
#84485000
1,
#84490000
0,
#84495000
1,
#84500000
0,
#84505000
1,
#84510000
0,
#84515000
1,
#84516000
08
#84520000
0,
#84525000
1,
#84530000
0,
#84535000
1,
#84540000
0,
#84545000
1,
#84550000
0,
#84555000
1,
#84560000
0,
#84565000
1,
#84570000
0,
#84575000
1,
#84580000
0,
#84585000
1,
#84590000
0,
#84595000
1,
#84600000
0,
#84605000
1,
#84610000
0,
#84615000
1,
#84620000
0,
#84625000
1,
#84630000
0,
#84635000
1,
#84640000
0,
#84645000
1,
#84650000
0,
#84655000
1,
#84660000
0,
#84665000
1,
#84670000
0,
#84675000
1,
#84676000
18
#84680000
0,
#84685000
1,
#84690000
0,
#84695000
1,
#84700000
0,
#84705000
1,
#84710000
0,
#84715000
1,
#84720000
0,
#84725000
1,
#84730000
0,
#84735000
1,
#84740000
0,
#84745000
1,
#84750000
0,
#84755000
1,
#84760000
0,
#84765000
1,
#84770000
0,
#84775000
1,
#84780000
0,
#84785000
1,
#84790000
0,
#84795000
1,
#84800000
0,
#84805000
1,
#84810000
0,
#84815000
1,
#84820000
0,
#84825000
1,
#84830000
0,
#84835000
1,
#84836000
08
#84840000
0,
#84845000
1,
#84850000
0,
#84855000
1,
#84860000
0,
#84865000
1,
#84870000
0,
#84875000
1,
#84880000
0,
#84885000
1,
#84890000
0,
#84895000
1,
#84900000
0,
#84905000
1,
#84910000
0,
#84915000
1,
#84920000
0,
#84925000
1,
#84930000
0,
#84935000
1,
#84940000
0,
#84945000
1,
#84950000
0,
#84955000
1,
#84960000
0,
#84965000
1,
#84970000
0,
#84975000
1,
#84980000
0,
#84985000
1,
#84990000
0,
#84995000
1,
#84996000
18
#85000000
0,
#85005000
1,
#85010000
0,
#85015000
1,
#85020000
0,
#85025000
1,
#85030000
0,
#85035000
1,
#85040000
0,
#85045000
1,
#85050000
0,
#85055000
1,
#85060000
0,
#85065000
1,
#85070000
0,
#85075000
1,
#85080000
0,
#85085000
1,
#85090000
0,
#85095000
1,
#85100000
0,
#85105000
1,
#85110000
0,
#85115000
1,
#85120000
0,
#85125000
1,
#85130000
0,
#85135000
1,
#85140000
0,
#85145000
1,
#85150000
0,
#85155000
1,
#85156000
08
#85160000
0,
#85165000
1,
#85170000
0,
#85175000
1,
#85180000
0,
#85185000
1,
#85190000
0,
#85195000
1,
#85200000
0,
#85205000
1,
#85210000
0,
#85215000
1,
#85220000
0,
#85225000
1,
#85230000
0,
#85235000
1,
#85240000
0,
#85245000
1,
#85250000
0,
#85255000
1,
#85260000
0,
#85265000
1,
#85270000
0,
#85275000
1,
#85280000
0,
#85285000
1,
#85290000
0,
#85295000
1,
#85300000
0,
#85305000
1,
#85310000
0,
#85315000
1,
#85316000
18
#85320000
0,
#85325000
1,
#85330000
0,
#85335000
1,
#85340000
0,
#85345000
1,
#85350000
0,
#85355000
1,
#85360000
0,
#85365000
1,
#85370000
0,
#85375000
1,
#85380000
0,
#85385000
1,
#85390000
0,
#85395000
1,
#85400000
0,
#85405000
1,
#85410000
0,
#85415000
1,
#85420000
0,
#85425000
1,
#85430000
0,
#85435000
1,
#85440000
0,
#85445000
1,
#85450000
0,
#85455000
1,
#85460000
0,
#85465000
1,
#85470000
0,
#85475000
1,
#85476000
08
#85480000
0,
#85485000
1,
#85490000
0,
#85495000
1,
#85500000
0,
#85505000
1,
#85510000
0,
#85515000
1,
#85520000
0,
#85525000
1,
#85530000
0,
#85535000
1,
#85540000
0,
#85545000
1,
#85550000
0,
#85555000
1,
#85560000
0,
#85565000
1,
#85570000
0,
#85575000
1,
#85580000
0,
#85585000
1,
#85590000
0,
#85595000
1,
#85600000
0,
#85605000
1,
#85610000
0,
#85615000
1,
#85620000
0,
#85625000
1,
#85630000
0,
#85635000
1,
#85636000
18
#85640000
0,
#85645000
1,
#85650000
0,
#85655000
1,
#85660000
0,
#85665000
1,
#85670000
0,
#85675000
1,
#85680000
0,
#85685000
1,
#85690000
0,
#85695000
1,
#85700000
0,
#85705000
1,
#85710000
0,
#85715000
1,
#85720000
0,
#85725000
1,
#85730000
0,
#85735000
1,
#85740000
0,
#85745000
1,
#85750000
0,
#85755000
1,
#85760000
0,
#85765000
1,
#85770000
0,
#85775000
1,
#85780000
0,
#85785000
1,
#85790000
0,
#85795000
1,
#85796000
08
#85800000
0,
#85805000
1,
#85810000
0,
#85815000
1,
#85820000
0,
#85825000
1,
#85830000
0,
#85835000
1,
#85840000
0,
#85845000
1,
#85850000
0,
#85855000
1,
#85860000
0,
#85865000
1,
#85870000
0,
#85875000
1,
#85880000
0,
#85885000
1,
#85890000
0,
#85895000
1,
#85900000
0,
#85905000
1,
#85910000
0,
#85915000
1,
#85920000
0,
#85925000
1,
#85930000
0,
#85935000
1,
#85940000
0,
#85945000
1,
#85950000
0,
#85955000
1,
#85956000
18
#85960000
0,
#85965000
1,
#85970000
0,
#85975000
1,
#85980000
0,
#85985000
1,
#85990000
0,
#85995000
1,
#86000000
0,
#86005000
1,
#86010000
0,
#86015000
1,
#86020000
0,
#86025000
1,
#86030000
0,
#86035000
1,
#86036000
08
#86040000
0,
#86045000
1,
#86050000
0,
#86055000
1,
#86060000
0,
#86065000
1,
#86070000
0,
#86075000
1,
#86080000
0,
#86085000
1,
#86090000
0,
#86095000
1,
#86100000
0,
#86105000
1,
#86110000
0,
#86115000
1,
#86116000
18
#86120000
0,
#86125000
1,
#86130000
0,
#86135000
1,
#86140000
0,
#86145000
1,
#86150000
0,
#86155000
1,
#86160000
0,
#86165000
1,
#86170000
0,
#86175000
1,
#86180000
0,
#86185000
1,
#86190000
0,
#86195000
1,
#86196000
08
b1 :
b1 .
#86200000
0,
#86205000
1,
#86210000
0,
#86215000
1,
#86220000
0,
#86225000
1,
#86230000
0,
#86235000
1,
#86240000
0,
#86245000
1,
#86250000
0,
#86255000
1,
#86260000
0,
#86265000
1,
#86270000
0,
#86275000
1,
#86276000
18
#86280000
0,
#86285000
1,
#86290000
0,
#86295000
1,
#86300000
0,
#86305000
1,
#86310000
0,
#86315000
1,
#86320000
0,
#86325000
1,
#86330000
0,
#86335000
1,
#86340000
0,
#86345000
1,
#86350000
0,
#86355000
1,
#86356000
08
b11 .
b10 :
#86360000
0,
#86365000
1,
#86370000
0,
#86375000
1,
#86380000
0,
#86385000
1,
#86390000
0,
#86395000
1,
#86400000
0,
#86405000
1,
#86410000
0,
#86415000
1,
#86420000
0,
#86425000
1,
#86430000
0,
#86435000
1,
#86436000
18
#86440000
0,
#86445000
1,
#86450000
0,
#86455000
1,
#86460000
0,
#86465000
1,
#86470000
0,
#86475000
1,
#86480000
0,
#86485000
1,
#86490000
0,
#86495000
1,
#86500000
0,
#86505000
1,
#86510000
0,
#86515000
1,
#86516000
08
b111 .
b11 :
#86520000
0,
#86525000
1,
#86530000
0,
#86535000
1,
#86540000
0,
#86545000
1,
#86550000
0,
#86555000
1,
#86560000
0,
#86565000
1,
#86570000
0,
#86575000
1,
#86580000
0,
#86585000
1,
#86590000
0,
#86595000
1,
#86596000
18
#86600000
0,
#86605000
1,
#86610000
0,
#86615000
1,
#86620000
0,
#86625000
1,
#86630000
0,
#86635000
1,
#86640000
0,
#86645000
1,
#86650000
0,
#86655000
1,
#86660000
0,
#86665000
1,
#86670000
0,
#86675000
1,
#86676000
08
b1111 .
b100 :
#86680000
0,
#86685000
1,
#86690000
0,
#86695000
1,
#86700000
0,
#86705000
1,
#86710000
0,
#86715000
1,
#86720000
0,
#86725000
1,
#86730000
0,
#86735000
1,
#86740000
0,
#86745000
1,
#86750000
0,
#86755000
1,
#86756000
18
#86760000
0,
#86765000
1,
#86770000
0,
#86775000
1,
#86780000
0,
#86785000
1,
#86790000
0,
#86795000
1,
#86800000
0,
#86805000
1,
#86810000
0,
#86815000
1,
#86820000
0,
#86825000
1,
#86830000
0,
#86835000
1,
#86836000
08
b11111 .
b101 :
#86840000
0,
#86845000
1,
#86850000
0,
#86855000
1,
#86860000
0,
#86865000
1,
#86870000
0,
#86875000
1,
#86880000
0,
#86885000
1,
#86890000
0,
#86895000
1,
#86900000
0,
#86905000
1,
#86910000
0,
#86915000
1,
#86916000
18
#86920000
0,
#86925000
1,
#86930000
0,
#86935000
1,
#86940000
0,
#86945000
1,
#86950000
0,
#86955000
1,
#86960000
0,
#86965000
1,
#86970000
0,
#86975000
1,
#86980000
0,
#86985000
1,
#86990000
0,
#86995000
1,
#86996000
08
b111111 .
b110 :
#87000000
0,
#87005000
1,
#87010000
0,
#87015000
1,
#87020000
0,
#87025000
1,
#87030000
0,
#87035000
1,
#87040000
0,
#87045000
1,
#87050000
0,
#87055000
1,
#87060000
0,
#87065000
1,
#87070000
0,
#87075000
1,
#87076000
18
#87080000
0,
#87085000
1,
#87090000
0,
#87095000
1,
#87100000
0,
#87105000
1,
#87110000
0,
#87115000
1,
#87120000
0,
#87125000
1,
#87130000
0,
#87135000
1,
#87140000
0,
#87145000
1,
#87150000
0,
#87155000
1,
#87156000
08
b1111111 .
b111 :
#87160000
0,
#87165000
1,
#87170000
0,
#87175000
1,
#87180000
0,
#87185000
1,
#87190000
0,
#87195000
1,
#87200000
0,
#87205000
1,
#87210000
0,
#87215000
1,
#87220000
0,
#87225000
1,
#87230000
0,
#87235000
1,
#87236000
18
#87240000
0,
#87245000
1,
#87250000
0,
#87255000
1,
#87260000
0,
#87265000
1,
#87270000
0,
#87275000
1,
#87280000
0,
#87285000
1,
#87290000
0,
#87295000
1,
#87300000
0,
#87305000
1,
#87310000
0,
#87315000
1,
#87316000
08
b11111111 .
b1000 :
#87320000
0,
#87325000
1,
#87330000
0,
#87335000
1,
#87340000
0,
#87345000
1,
#87350000
0,
#87355000
1,
#87360000
0,
#87365000
1,
#87370000
0,
#87375000
1,
#87380000
0,
#87385000
1,
#87390000
0,
#87395000
1,
#87396000
18
#87400000
0,
#87405000
1,
#87410000
0,
#87415000
1,
#87420000
0,
#87425000
1,
#87430000
0,
#87435000
1,
#87440000
0,
#87445000
1,
#87450000
0,
#87455000
1,
#87460000
0,
#87465000
1,
#87470000
0,
#87475000
1,
#87476000
08
b111111111 .
b1001 :
#87480000
0,
#87485000
1,
#87490000
0,
#87495000
1,
#87500000
0,
#87505000
1,
#87510000
0,
#87515000
1,
#87520000
0,
#87525000
1,
#87530000
0,
#87535000
1,
#87540000
0,
#87545000
1,
#87550000
0,
#87555000
1,
#87556000
18
#87560000
0,
#87565000
1,
#87570000
0,
#87575000
1,
#87580000
0,
#87585000
1,
#87590000
0,
#87595000
1,
#87600000
0,
#87605000
1,
#87610000
0,
#87615000
1,
#87620000
0,
#87625000
1,
#87630000
0,
#87635000
1,
#87636000
08
b1111111111 .
b1010 :
#87640000
0,
#87645000
1,
#87650000
0,
#87655000
1,
#87660000
0,
#87665000
1,
#87670000
0,
#87675000
1,
#87680000
0,
#87685000
1,
#87690000
0,
#87695000
1,
#87700000
0,
#87705000
1,
#87710000
0,
#87715000
1,
#87716000
18
#87720000
0,
#87725000
1,
#87730000
0,
#87735000
1,
#87740000
0,
#87745000
1,
#87750000
0,
#87755000
1,
#87760000
0,
#87765000
1,
#87770000
0,
#87775000
1,
#87780000
0,
#87785000
1,
#87790000
0,
#87795000
1,
#87796000
08
b11111111111 .
b1011 :
#87800000
0,
#87805000
1,
#87810000
0,
#87815000
1,
#87820000
0,
#87825000
1,
#87830000
0,
#87835000
1,
#87840000
0,
#87845000
1,
#87850000
0,
#87855000
1,
#87860000
0,
#87865000
1,
#87870000
0,
#87875000
1,
#87876000
18
#87880000
0,
#87885000
1,
#87890000
0,
#87895000
1,
#87900000
0,
#87905000
1,
#87910000
0,
#87915000
1,
#87920000
0,
#87925000
1,
#87930000
0,
#87935000
1,
#87940000
0,
#87945000
1,
#87950000
0,
#87955000
1,
#87956000
08
b111111111111 .
b1100 :
#87960000
0,
#87965000
1,
#87970000
0,
#87975000
1,
#87980000
0,
#87985000
1,
#87990000
0,
#87995000
1,
#88000000
0,
#88005000
1,
#88010000
0,
#88015000
1,
#88020000
0,
#88025000
1,
#88030000
0,
#88035000
1,
#88036000
18
#88040000
0,
#88045000
1,
#88050000
0,
#88055000
1,
#88060000
0,
#88065000
1,
#88070000
0,
#88075000
1,
#88080000
0,
#88085000
1,
#88090000
0,
#88095000
1,
#88100000
0,
#88105000
1,
#88110000
0,
#88115000
1,
#88116000
08
b1111111111111 .
b1101 :
#88120000
0,
#88125000
1,
#88130000
0,
#88135000
1,
#88140000
0,
#88145000
1,
#88150000
0,
#88155000
1,
#88160000
0,
#88165000
1,
#88170000
0,
#88175000
1,
#88180000
0,
#88185000
1,
#88190000
0,
#88195000
1,
#88196000
18
#88200000
0,
#88205000
1,
#88210000
0,
#88215000
1,
#88220000
0,
#88225000
1,
#88230000
0,
#88235000
1,
#88240000
0,
#88245000
1,
#88250000
0,
#88255000
1,
#88260000
0,
#88265000
1,
#88270000
0,
#88275000
1,
#88276000
08
b11111111111111 .
b1110 :
#88280000
0,
#88285000
1,
#88290000
0,
#88295000
1,
#88300000
0,
#88305000
1,
#88310000
0,
#88315000
1,
#88320000
0,
#88325000
1,
#88330000
0,
#88335000
1,
#88340000
0,
#88345000
1,
#88350000
0,
#88355000
1,
#88356000
18
#88360000
0,
#88365000
1,
#88370000
0,
#88375000
1,
#88380000
0,
#88385000
1,
#88390000
0,
#88395000
1,
#88400000
0,
#88405000
1,
#88410000
0,
#88415000
1,
#88420000
0,
#88425000
1,
#88430000
0,
#88435000
1,
#88436000
08
b111111111111111 .
b1111 :
#88440000
0,
#88445000
1,
#88450000
0,
#88455000
1,
#88460000
0,
#88465000
1,
#88470000
0,
#88475000
1,
#88480000
0,
#88485000
1,
#88490000
0,
#88495000
1,
#88500000
0,
#88505000
1,
#88510000
0,
#88515000
1,
#88516000
18
#88520000
0,
#88525000
1,
#88530000
0,
#88535000
1,
#88540000
0,
#88545000
1,
#88550000
0,
#88555000
1,
#88560000
0,
#88565000
1,
#88570000
0,
#88575000
1,
#88580000
0,
#88585000
1,
#88590000
0,
#88595000
1,
#88596000
08
b1111111111111111 .
b10000 :
#88600000
0,
#88605000
1,
#88610000
0,
#88615000
1,
#88620000
0,
#88625000
1,
#88630000
0,
#88635000
1,
#88640000
0,
#88645000
1,
#88650000
0,
#88655000
1,
#88660000
0,
#88665000
1,
#88670000
0,
#88675000
1,
#88676000
18
#88680000
0,
#88685000
1,
#88690000
0,
#88695000
1,
#88700000
0,
#88705000
1,
#88710000
0,
#88715000
1,
#88720000
0,
#88725000
1,
#88730000
0,
#88735000
1,
#88740000
0,
#88745000
1,
#88750000
0,
#88755000
1,
#88756000
08
b11111111111111111 .
b10001 :
#88760000
0,
#88765000
1,
#88770000
0,
#88775000
1,
#88780000
0,
#88785000
1,
#88790000
0,
#88795000
1,
#88800000
0,
#88805000
1,
#88810000
0,
#88815000
1,
#88820000
0,
#88825000
1,
#88830000
0,
#88835000
1,
#88836000
18
#88840000
0,
#88845000
1,
#88850000
0,
#88855000
1,
#88860000
0,
#88865000
1,
#88870000
0,
#88875000
1,
#88880000
0,
#88885000
1,
#88890000
0,
#88895000
1,
#88900000
0,
#88905000
1,
#88910000
0,
#88915000
1,
#88916000
08
b111111111111111111 .
b10010 :
#88920000
0,
#88925000
1,
#88930000
0,
#88935000
1,
#88940000
0,
#88945000
1,
#88950000
0,
#88955000
1,
#88960000
0,
#88965000
1,
#88970000
0,
#88975000
1,
#88980000
0,
#88985000
1,
#88990000
0,
#88995000
1,
#88996000
18
#89000000
0,
#89005000
1,
#89010000
0,
#89015000
1,
#89020000
0,
#89025000
1,
#89030000
0,
#89035000
1,
#89040000
0,
#89045000
1,
#89050000
0,
#89055000
1,
#89060000
0,
#89065000
1,
#89070000
0,
#89075000
1,
#89076000
08
b1111111111111111111 .
b10011 :
#89080000
0,
#89085000
1,
#89090000
0,
#89095000
1,
#89100000
0,
#89105000
1,
#89110000
0,
#89115000
1,
#89120000
0,
#89125000
1,
#89130000
0,
#89135000
1,
#89140000
0,
#89145000
1,
#89150000
0,
#89155000
1,
#89156000
18
#89160000
0,
#89165000
1,
#89170000
0,
#89175000
1,
#89180000
0,
#89185000
1,
#89190000
0,
#89195000
1,
#89200000
0,
#89205000
1,
#89210000
0,
#89215000
1,
#89220000
0,
#89225000
1,
#89230000
0,
#89235000
1,
#89236000
08
b11111111111111111111 .
b10100 :
#89240000
0,
#89245000
1,
#89250000
0,
#89255000
1,
#89260000
0,
#89265000
1,
#89270000
0,
#89275000
1,
#89280000
0,
#89285000
1,
#89290000
0,
#89295000
1,
#89300000
0,
#89305000
1,
#89310000
0,
#89315000
1,
#89316000
18
#89320000
0,
#89325000
1,
#89330000
0,
#89335000
1,
#89340000
0,
#89345000
1,
#89350000
0,
#89355000
1,
#89360000
0,
#89365000
1,
#89370000
0,
#89375000
1,
#89380000
0,
#89385000
1,
#89390000
0,
#89395000
1,
#89396000
08
b111111111111111111111 .
b10101 :
#89400000
0,
#89405000
1,
#89410000
0,
#89415000
1,
#89420000
0,
#89425000
1,
#89430000
0,
#89435000
1,
#89440000
0,
#89445000
1,
#89450000
0,
#89455000
1,
#89460000
0,
#89465000
1,
#89470000
0,
#89475000
1,
#89476000
18
#89480000
0,
#89485000
1,
#89490000
0,
#89495000
1,
#89500000
0,
#89505000
1,
#89510000
0,
#89515000
1,
#89520000
0,
#89525000
1,
#89530000
0,
#89535000
1,
#89540000
0,
#89545000
1,
#89550000
0,
#89555000
1,
#89556000
08
b1111111111111111111111 .
b10110 :
#89560000
0,
#89565000
1,
#89570000
0,
#89575000
1,
#89580000
0,
#89585000
1,
#89590000
0,
#89595000
1,
#89600000
0,
#89605000
1,
#89610000
0,
#89615000
1,
#89620000
0,
#89625000
1,
#89630000
0,
#89635000
1,
#89636000
18
#89640000
0,
#89645000
1,
#89650000
0,
#89655000
1,
#89660000
0,
#89665000
1,
#89670000
0,
#89675000
1,
#89680000
0,
#89685000
1,
#89690000
0,
#89695000
1,
#89700000
0,
#89705000
1,
#89710000
0,
#89715000
1,
#89716000
08
b11111111111111111111111 .
b10111 :
#89720000
0,
#89725000
1,
#89730000
0,
#89735000
1,
#89740000
0,
#89745000
1,
#89750000
0,
#89755000
1,
#89760000
0,
#89765000
1,
#89770000
0,
#89775000
1,
#89780000
0,
#89785000
1,
#89790000
0,
#89795000
1,
#89796000
18
#89800000
0,
#89805000
1,
#89810000
0,
#89815000
1,
#89820000
0,
#89825000
1,
#89830000
0,
#89835000
1,
#89840000
0,
#89845000
1,
#89850000
0,
#89855000
1,
#89860000
0,
#89865000
1,
#89870000
0,
#89875000
1,
#89876000
08
b111111111111111111111111 .
b11000 :
#89880000
0,
#89885000
1,
#89890000
0,
#89895000
1,
#89900000
0,
#89905000
1,
#89910000
0,
#89915000
1,
#89920000
0,
#89925000
1,
#89930000
0,
#89935000
1,
#89940000
0,
#89945000
1,
#89950000
0,
#89955000
1,
#89956000
18
#89960000
0,
#89965000
1,
#89970000
0,
#89975000
1,
#89980000
0,
#89985000
1,
#89990000
0,
#89995000
1,
#90000000
0,
#90005000
1,
#90010000
0,
#90015000
1,
#90020000
0,
#90025000
1,
#90030000
0,
#90035000
1,
#90036000
08
b1111111111111111111111111 .
b11001 :
#90040000
0,
#90045000
1,
#90050000
0,
#90055000
1,
#90060000
0,
#90065000
1,
#90070000
0,
#90075000
1,
#90080000
0,
#90085000
1,
#90090000
0,
#90095000
1,
#90100000
0,
#90105000
1,
#90110000
0,
#90115000
1,
#90116000
18
#90120000
0,
#90125000
1,
#90130000
0,
#90135000
1,
#90140000
0,
#90145000
1,
#90150000
0,
#90155000
1,
#90160000
0,
#90165000
1,
#90170000
0,
#90175000
1,
#90180000
0,
#90185000
1,
#90190000
0,
#90195000
1,
#90196000
08
b11111111111111111111111111 .
b11010 :
#90200000
0,
#90205000
1,
#90210000
0,
#90215000
1,
#90220000
0,
#90225000
1,
#90230000
0,
#90235000
1,
#90240000
0,
#90245000
1,
#90250000
0,
#90255000
1,
#90260000
0,
#90265000
1,
#90270000
0,
#90275000
1,
#90276000
18
#90280000
0,
#90285000
1,
#90290000
0,
#90295000
1,
#90300000
0,
#90305000
1,
#90310000
0,
#90315000
1,
#90320000
0,
#90325000
1,
#90330000
0,
#90335000
1,
#90340000
0,
#90345000
1,
#90350000
0,
#90355000
1,
#90356000
08
b111111111111111111111111111 .
b11011 :
#90360000
0,
#90365000
1,
#90370000
0,
#90375000
1,
#90380000
0,
#90385000
1,
#90390000
0,
#90395000
1,
#90400000
0,
#90405000
1,
#90410000
0,
#90415000
1,
#90420000
0,
#90425000
1,
#90430000
0,
#90435000
1,
#90436000
18
#90440000
0,
#90445000
1,
#90450000
0,
#90455000
1,
#90460000
0,
#90465000
1,
#90470000
0,
#90475000
1,
#90480000
0,
#90485000
1,
#90490000
0,
#90495000
1,
#90500000
0,
#90505000
1,
#90510000
0,
#90515000
1,
#90516000
08
b1111111111111111111111111111 .
b11100 :
#90520000
0,
#90525000
1,
#90530000
0,
#90535000
1,
#90540000
0,
#90545000
1,
#90550000
0,
#90555000
1,
#90560000
0,
#90565000
1,
#90570000
0,
#90575000
1,
#90580000
0,
#90585000
1,
#90590000
0,
#90595000
1,
#90596000
18
#90600000
0,
#90605000
1,
#90610000
0,
#90615000
1,
#90620000
0,
#90625000
1,
#90630000
0,
#90635000
1,
#90640000
0,
#90645000
1,
#90650000
0,
#90655000
1,
#90660000
0,
#90665000
1,
#90670000
0,
#90675000
1,
#90676000
08
b11111111111111111111111111111 .
b11101 :
#90680000
0,
#90685000
1,
#90690000
0,
#90695000
1,
#90700000
0,
#90705000
1,
#90710000
0,
#90715000
1,
#90720000
0,
#90725000
1,
#90730000
0,
#90735000
1,
#90740000
0,
#90745000
1,
#90750000
0,
#90755000
1,
#90756000
18
#90760000
0,
#90765000
1,
#90770000
0,
#90775000
1,
#90780000
0,
#90785000
1,
#90790000
0,
#90795000
1,
#90800000
0,
#90805000
1,
#90810000
0,
#90815000
1,
#90820000
0,
#90825000
1,
#90830000
0,
#90835000
1,
#90836000
08
b111111111111111111111111111111 .
b11110 :
#90840000
0,
#90845000
1,
#90850000
0,
#90855000
1,
#90860000
0,
#90865000
1,
#90870000
0,
#90875000
1,
#90880000
0,
#90885000
1,
#90890000
0,
#90895000
1,
#90900000
0,
#90905000
1,
#90910000
0,
#90915000
1,
#90916000
18
#90920000
0,
#90925000
1,
#90930000
0,
#90935000
1,
#90940000
0,
#90945000
1,
#90950000
0,
#90955000
1,
#90960000
0,
#90965000
1,
#90970000
0,
#90975000
1,
#90980000
0,
#90985000
1,
#90990000
0,
#90995000
1,
#90996000
08
b1111111111111111111111111111111 .
b11111 :
#91000000
0,
#91005000
1,
#91010000
0,
#91015000
1,
#91020000
0,
#91025000
1,
#91030000
0,
#91035000
1,
#91040000
0,
#91045000
1,
#91050000
0,
#91055000
1,
#91060000
0,
#91065000
1,
#91070000
0,
#91075000
1,
#91076000
18
#91080000
0,
#91085000
1,
#91090000
0,
#91095000
1,
#91100000
0,
#91105000
1,
#91110000
0,
#91115000
1,
#91120000
0,
#91125000
1,
#91130000
0,
#91135000
1,
#91140000
0,
#91145000
1,
#91150000
0,
#91155000
1,
#91156000
08
b11111111111111111111111111111111 .
b100000 :
#91160000
0,
#91165000
1,
#91170000
0,
#91175000
1,
#91180000
0,
#91185000
1,
#91190000
0,
#91195000
1,
#91200000
0,
#91205000
1,
#91210000
0,
#91215000
1,
#91220000
0,
#91225000
1,
#91230000
0,
#91235000
1,
#91236000
18
#91240000
0,
#91245000
1,
#91250000
0,
#91255000
1,
#91260000
0,
#91265000
1,
#91270000
0,
#91275000
1,
#91280000
0,
#91285000
1,
#91290000
0,
#91295000
1,
#91300000
0,
#91305000
1,
#91310000
0,
#91315000
1,
#91316000
08
b111111111111111111111111111111111 .
b100001 :
#91320000
0,
#91325000
1,
#91330000
0,
#91335000
1,
#91340000
0,
#91345000
1,
#91350000
0,
#91355000
1,
#91360000
0,
#91365000
1,
#91370000
0,
#91375000
1,
#91380000
0,
#91385000
1,
#91390000
0,
#91395000
1,
#91396000
18
#91400000
0,
#91405000
1,
#91410000
0,
#91415000
1,
#91420000
0,
#91425000
1,
#91430000
0,
#91435000
1,
#91440000
0,
#91445000
1,
#91450000
0,
#91455000
1,
#91460000
0,
#91465000
1,
#91470000
0,
#91475000
1,
#91476000
08
b1111111111111111111111111111111111 .
b100010 :
#91480000
0,
#91485000
1,
#91490000
0,
#91495000
1,
#91500000
0,
#91505000
1,
#91510000
0,
#91515000
1,
#91520000
0,
#91525000
1,
#91530000
0,
#91535000
1,
#91540000
0,
#91545000
1,
#91550000
0,
#91555000
1,
#91556000
18
#91560000
0,
#91565000
1,
#91570000
0,
#91575000
1,
#91580000
0,
#91585000
1,
#91590000
0,
#91595000
1,
#91600000
0,
#91605000
1,
#91610000
0,
#91615000
1,
#91620000
0,
#91625000
1,
#91630000
0,
#91635000
1,
#91636000
08
b11111111111111111111111111111111111 .
b100011 :
#91640000
0,
#91645000
1,
#91650000
0,
#91655000
1,
#91660000
0,
#91665000
1,
#91670000
0,
#91675000
1,
#91680000
0,
#91685000
1,
#91690000
0,
#91695000
1,
#91700000
0,
#91705000
1,
#91710000
0,
#91715000
1,
#91716000
18
#91720000
0,
#91725000
1,
#91730000
0,
#91735000
1,
#91740000
0,
#91745000
1,
#91750000
0,
#91755000
1,
#91760000
0,
#91765000
1,
#91770000
0,
#91775000
1,
#91780000
0,
#91785000
1,
#91790000
0,
#91795000
1,
#91796000
08
b111111111111111111111111111111111111 .
b100100 :
#91800000
0,
#91805000
1,
#91810000
0,
#91815000
1,
#91820000
0,
#91825000
1,
#91830000
0,
#91835000
1,
#91840000
0,
#91845000
1,
#91850000
0,
#91855000
1,
#91860000
0,
#91865000
1,
#91870000
0,
#91875000
1,
#91876000
18
#91880000
0,
#91885000
1,
#91890000
0,
#91895000
1,
#91900000
0,
#91905000
1,
#91910000
0,
#91915000
1,
#91920000
0,
#91925000
1,
#91930000
0,
#91935000
1,
#91940000
0,
#91945000
1,
#91950000
0,
#91955000
1,
#91956000
08
b1111111111111111111111111111111111111 .
b100101 :
#91960000
0,
#91965000
1,
#91970000
0,
#91975000
1,
#91980000
0,
#91985000
1,
#91990000
0,
#91995000
1,
#92000000
0,
#92005000
1,
#92010000
0,
#92015000
1,
#92020000
0,
#92025000
1,
#92030000
0,
#92035000
1,
#92036000
18
#92040000
0,
#92045000
1,
#92050000
0,
#92055000
1,
#92060000
0,
#92065000
1,
#92070000
0,
#92075000
1,
#92080000
0,
#92085000
1,
#92090000
0,
#92095000
1,
#92100000
0,
#92105000
1,
#92110000
0,
#92115000
1,
#92116000
08
b11111111111111111111111111111111111111 .
b100110 :
#92120000
0,
#92125000
1,
#92130000
0,
#92135000
1,
#92140000
0,
#92145000
1,
#92150000
0,
#92155000
1,
#92160000
0,
#92165000
1,
#92170000
0,
#92175000
1,
#92180000
0,
#92185000
1,
#92190000
0,
#92195000
1,
#92196000
18
#92200000
0,
#92205000
1,
#92210000
0,
#92215000
1,
#92220000
0,
#92225000
1,
#92230000
0,
#92235000
1,
#92240000
0,
#92245000
1,
#92250000
0,
#92255000
1,
#92260000
0,
#92265000
1,
#92270000
0,
#92275000
1,
#92276000
08
b111111111111111111111111111111111111111 .
b100111 :
#92280000
0,
#92285000
1,
#92290000
0,
#92295000
1,
#92300000
0,
#92305000
1,
#92310000
0,
#92315000
1,
#92320000
0,
#92325000
1,
#92330000
0,
#92335000
1,
#92340000
0,
#92345000
1,
#92350000
0,
#92355000
1,
#92356000
18
#92360000
0,
#92365000
1,
#92370000
0,
#92375000
1,
#92380000
0,
#92385000
1,
#92390000
0,
#92395000
1,
#92400000
0,
#92405000
1,
#92410000
0,
#92415000
1,
#92420000
0,
#92425000
1,
#92430000
0,
#92435000
1,
#92436000
08
b1111111111111111111111111111111111111111 .
b101000 :
#92440000
0,
#92445000
1,
#92450000
0,
#92455000
1,
#92460000
0,
#92465000
1,
#92470000
0,
#92475000
1,
#92480000
0,
#92485000
1,
#92490000
0,
#92495000
1,
#92500000
0,
#92505000
1,
#92510000
0,
#92515000
1,
#92516000
18
#92520000
0,
#92525000
1,
#92530000
0,
#92535000
1,
#92540000
0,
#92545000
1,
#92550000
0,
#92555000
1,
#92560000
0,
#92565000
1,
#92570000
0,
#92575000
1,
#92580000
0,
#92585000
1,
#92590000
0,
#92595000
1,
#92596000
08
b11111111111111111111111111111111111111111 .
b101001 :
#92600000
0,
#92605000
1,
#92610000
0,
#92615000
1,
#92620000
0,
#92625000
1,
#92630000
0,
#92635000
1,
#92640000
0,
#92645000
1,
#92650000
0,
#92655000
1,
#92660000
0,
#92665000
1,
#92670000
0,
#92675000
1,
#92676000
18
#92680000
0,
#92685000
1,
#92690000
0,
#92695000
1,
#92700000
0,
#92705000
1,
#92710000
0,
#92715000
1,
#92720000
0,
#92725000
1,
#92730000
0,
#92735000
1,
#92740000
0,
#92745000
1,
#92750000
0,
#92755000
1,
#92756000
08
b111111111111111111111111111111111111111111 .
b101010 :
#92760000
0,
#92765000
1,
#92770000
0,
#92775000
1,
#92780000
0,
#92785000
1,
#92790000
0,
#92795000
1,
#92800000
0,
#92805000
1,
#92810000
0,
#92815000
1,
#92820000
0,
#92825000
1,
#92830000
0,
#92835000
1,
#92836000
18
#92840000
0,
#92845000
1,
#92850000
0,
#92855000
1,
#92860000
0,
#92865000
1,
#92870000
0,
#92875000
1,
#92880000
0,
#92885000
1,
#92890000
0,
#92895000
1,
#92900000
0,
#92905000
1,
#92910000
0,
#92915000
1,
#92916000
08
b1111111111111111111111111111111111111111111 .
b101011 :
#92920000
0,
#92925000
1,
#92930000
0,
#92935000
1,
#92940000
0,
#92945000
1,
#92950000
0,
#92955000
1,
#92960000
0,
#92965000
1,
#92970000
0,
#92975000
1,
#92980000
0,
#92985000
1,
#92990000
0,
#92995000
1,
#92996000
18
#93000000
0,
#93005000
1,
#93010000
0,
#93015000
1,
#93020000
0,
#93025000
1,
#93030000
0,
#93035000
1,
#93040000
0,
#93045000
1,
#93050000
0,
#93055000
1,
#93060000
0,
#93065000
1,
#93070000
0,
#93075000
1,
#93076000
08
b11111111111111111111111111111111111111111111 .
b101100 :
#93080000
0,
#93085000
1,
#93090000
0,
#93095000
1,
#93100000
0,
#93105000
1,
#93110000
0,
#93115000
1,
#93120000
0,
#93125000
1,
#93130000
0,
#93135000
1,
#93140000
0,
#93145000
1,
#93150000
0,
#93155000
1,
#93156000
18
#93160000
0,
#93165000
1,
#93170000
0,
#93175000
1,
#93180000
0,
#93185000
1,
#93190000
0,
#93195000
1,
#93200000
0,
#93205000
1,
#93210000
0,
#93215000
1,
#93220000
0,
#93225000
1,
#93230000
0,
#93235000
1,
#93236000
08
b111111111111111111111111111111111111111111111 .
b101101 :
#93240000
0,
#93245000
1,
#93250000
0,
#93255000
1,
#93260000
0,
#93265000
1,
#93270000
0,
#93275000
1,
#93280000
0,
#93285000
1,
#93290000
0,
#93295000
1,
#93300000
0,
#93305000
1,
#93310000
0,
#93315000
1,
#93316000
18
#93320000
0,
#93325000
1,
#93330000
0,
#93335000
1,
#93340000
0,
#93345000
1,
#93350000
0,
#93355000
1,
#93360000
0,
#93365000
1,
#93370000
0,
#93375000
1,
#93380000
0,
#93385000
1,
#93390000
0,
#93395000
1,
#93396000
08
b1111111111111111111111111111111111111111111111 .
b101110 :
#93400000
0,
#93405000
1,
#93410000
0,
#93415000
1,
#93420000
0,
#93425000
1,
#93430000
0,
#93435000
1,
#93440000
0,
#93445000
1,
#93450000
0,
#93455000
1,
#93460000
0,
#93465000
1,
#93470000
0,
#93475000
1,
#93476000
18
#93480000
0,
#93485000
1,
#93490000
0,
#93495000
1,
#93500000
0,
#93505000
1,
#93510000
0,
#93515000
1,
#93520000
0,
#93525000
1,
#93530000
0,
#93535000
1,
#93540000
0,
#93545000
1,
#93550000
0,
#93555000
1,
#93556000
08
b11111111111111111111111111111111111111111111111 .
b101111 :
#93560000
0,
#93565000
1,
#93570000
0,
#93575000
1,
#93580000
0,
#93585000
1,
#93590000
0,
#93595000
1,
#93600000
0,
#93605000
1,
#93610000
0,
#93615000
1,
#93620000
0,
#93625000
1,
#93630000
0,
#93635000
1,
#93636000
18
#93640000
0,
#93645000
1,
#93650000
0,
#93655000
1,
#93660000
0,
#93665000
1,
#93670000
0,
#93675000
1,
#93680000
0,
#93685000
1,
#93690000
0,
#93695000
1,
#93700000
0,
#93705000
1,
#93710000
0,
#93715000
1,
#93716000
08
b111111111111111111111111111111111111111111111111 .
b110000 :
#93720000
0,
#93725000
1,
#93730000
0,
#93735000
1,
#93740000
0,
#93745000
1,
#93750000
0,
#93755000
1,
#93760000
0,
#93765000
1,
#93770000
0,
#93775000
1,
#93780000
0,
#93785000
1,
#93790000
0,
#93795000
1,
#93796000
18
#93800000
0,
#93805000
1,
#93810000
0,
#93815000
1,
#93820000
0,
#93825000
1,
#93830000
0,
#93835000
1,
#93840000
0,
#93845000
1,
#93850000
0,
#93855000
1,
#93860000
0,
#93865000
1,
#93870000
0,
#93875000
1,
#93876000
b110001 :
#93880000
0,
#93885000
1,
#93890000
0,
#93895000
1,
#93900000
0,
#93905000
1,
#93910000
0,
#93915000
1,
#93920000
0,
#93925000
1,
#93930000
0,
#93935000
1,
#93940000
0,
#93945000
1,
#93950000
0,
#93955000
1,
#93956000
08
#93960000
0,
#93965000
1,
#93970000
0,
#93975000
1,
#93980000
0,
#93985000
1,
#93990000
0,
#93995000
1,
#94000000
0,
#94005000
1,
#94010000
0,
#94015000
1,
#94020000
0,
#94025000
1,
#94030000
0,
#94035000
1,
#94036000
18
b110010 :
#94040000
0,
#94045000
1,
#94050000
0,
#94055000
1,
#94060000
0,
#94065000
1,
#94070000
0,
#94075000
1,
#94080000
0,
#94085000
1,
#94090000
0,
#94095000
1,
#94100000
0,
#94105000
1,
#94110000
0,
#94115000
1,
#94116000
08
#94120000
0,
#94125000
1,
#94130000
0,
#94135000
1,
#94140000
0,
#94145000
1,
#94150000
0,
#94155000
1,
#94160000
0,
#94165000
1,
#94170000
0,
#94175000
1,
#94180000
0,
#94185000
1,
#94190000
0,
#94195000
1,
#94196000
18
b110011 :
#94200000
0,
#94205000
1,
#94210000
0,
#94215000
1,
#94220000
0,
#94225000
1,
#94230000
0,
#94235000
1,
#94240000
0,
#94245000
1,
#94250000
0,
#94255000
1,
#94260000
0,
#94265000
1,
#94270000
0,
#94275000
1,
#94276000
08
#94280000
0,
#94285000
1,
#94290000
0,
#94295000
1,
#94300000
0,
#94305000
1,
#94310000
0,
#94315000
1,
#94320000
0,
#94325000
1,
#94330000
0,
#94335000
1,
#94340000
0,
#94345000
1,
#94350000
0,
#94355000
1,
#94356000
18
b110100 :
#94360000
0,
#94365000
1,
#94370000
0,
#94375000
1,
#94380000
0,
#94385000
1,
#94390000
0,
#94395000
1,
#94400000
0,
#94405000
1,
#94410000
0,
#94415000
1,
#94420000
0,
#94425000
1,
#94430000
0,
#94435000
1,
#94436000
08
#94440000
0,
#94445000
1,
#94450000
0,
#94455000
1,
#94460000
0,
#94465000
1,
#94470000
0,
#94475000
1,
#94480000
0,
#94485000
1,
#94490000
0,
#94495000
1,
#94500000
0,
#94505000
1,
#94510000
0,
#94515000
1,
#94516000
18
b110101 :
#94520000
0,
#94525000
1,
#94530000
0,
#94535000
1,
#94540000
0,
#94545000
1,
#94550000
0,
#94555000
1,
#94560000
0,
#94565000
1,
#94570000
0,
#94575000
1,
#94580000
0,
#94585000
1,
#94590000
0,
#94595000
1,
#94596000
08
#94600000
0,
#94605000
1,
#94610000
0,
#94615000
1,
#94620000
0,
#94625000
1,
#94630000
0,
#94635000
1,
#94640000
0,
#94645000
1,
#94650000
0,
#94655000
1,
#94660000
0,
#94665000
1,
#94670000
0,
#94675000
1,
#94676000
18
b110110 :
#94680000
0,
#94685000
1,
#94690000
0,
#94695000
1,
#94700000
0,
#94705000
1,
#94710000
0,
#94715000
1,
#94720000
0,
#94725000
1,
#94730000
0,
#94735000
1,
#94740000
0,
#94745000
1,
#94750000
0,
#94755000
1,
#94756000
08
#94760000
0,
#94765000
1,
#94770000
0,
#94775000
1,
#94780000
0,
#94785000
1,
#94790000
0,
#94795000
1,
#94800000
0,
#94805000
1,
#94810000
0,
#94815000
1,
#94820000
0,
#94825000
1,
#94830000
0,
#94835000
1,
#94836000
b1000000111111111111111111111111111111111111111111111111 .
b110111 :
#94840000
0,
#94845000
1,
#94850000
0,
#94855000
1,
#94860000
0,
#94865000
1,
#94870000
0,
#94875000
1,
#94880000
0,
#94885000
1,
#94890000
0,
#94895000
1,
#94900000
0,
#94905000
1,
#94910000
0,
#94915000
1,
#94916000
18
#94920000
0,
#94925000
1,
#94930000
0,
#94935000
1,
#94940000
0,
#94945000
1,
#94950000
0,
#94955000
1,
#94960000
0,
#94965000
1,
#94970000
0,
#94975000
1,
#94980000
0,
#94985000
1,
#94990000
0,
#94995000
1,
#94996000
b111000 :
#95000000
0,
#95005000
1,
#95010000
0,
#95015000
1,
#95020000
0,
#95025000
1,
#95030000
0,
#95035000
1,
#95040000
0,
#95045000
1,
#95050000
0,
#95055000
1,
#95060000
0,
#95065000
1,
#95070000
0,
#95075000
1,
#95076000
08
#95080000
0,
#95085000
1,
#95090000
0,
#95095000
1,
#95100000
0,
#95105000
1,
#95110000
0,
#95115000
1,
#95120000
0,
#95125000
1,
#95130000
0,
#95135000
1,
#95140000
0,
#95145000
1,
#95150000
0,
#95155000
1,
#95156000
18
b111001 :
#95160000
0,
#95165000
1,
#95170000
0,
#95175000
1,
#95180000
0,
#95185000
1,
#95190000
0,
#95195000
1,
#95200000
0,
#95205000
1,
#95210000
0,
#95215000
1,
#95220000
0,
#95225000
1,
#95230000
0,
#95235000
1,
#95236000
08
#95240000
0,
#95245000
1,
#95250000
0,
#95255000
1,
#95260000
0,
#95265000
1,
#95270000
0,
#95275000
1,
#95280000
0,
#95285000
1,
#95290000
0,
#95295000
1,
#95300000
0,
#95305000
1,
#95310000
0,
#95315000
1,
#95316000
18
b111010 :
#95320000
0,
#95325000
1,
#95330000
0,
#95335000
1,
#95340000
0,
#95345000
1,
#95350000
0,
#95355000
1,
#95360000
0,
#95365000
1,
#95370000
0,
#95375000
1,
#95380000
0,
#95385000
1,
#95390000
0,
#95395000
1,
#95396000
08
#95400000
0,
#95405000
1,
#95410000
0,
#95415000
1,
#95420000
0,
#95425000
1,
#95430000
0,
#95435000
1,
#95440000
0,
#95445000
1,
#95450000
0,
#95455000
1,
#95460000
0,
#95465000
1,
#95470000
0,
#95475000
1,
#95476000
18
b111011 :
#95480000
0,
#95485000
1,
#95490000
0,
#95495000
1,
#95500000
0,
#95505000
1,
#95510000
0,
#95515000
1,
#95520000
0,
#95525000
1,
#95530000
0,
#95535000
1,
#95540000
0,
#95545000
1,
#95550000
0,
#95555000
1,
#95556000
08
#95560000
0,
#95565000
1,
#95570000
0,
#95575000
1,
#95580000
0,
#95585000
1,
#95590000
0,
#95595000
1,
#95600000
0,
#95605000
1,
#95610000
0,
#95615000
1,
#95620000
0,
#95625000
1,
#95630000
0,
#95635000
1,
#95636000
18
b111100 :
#95640000
0,
#95645000
1,
#95650000
0,
#95655000
1,
#95660000
0,
#95665000
1,
#95670000
0,
#95675000
1,
#95680000
0,
#95685000
1,
#95690000
0,
#95695000
1,
#95700000
0,
#95705000
1,
#95710000
0,
#95715000
1,
#95716000
08
#95720000
0,
#95725000
1,
#95730000
0,
#95735000
1,
#95740000
0,
#95745000
1,
#95750000
0,
#95755000
1,
#95760000
0,
#95765000
1,
#95770000
0,
#95775000
1,
#95780000
0,
#95785000
1,
#95790000
0,
#95795000
1,
#95796000
18
b111101 :
#95800000
0,
#95805000
1,
#95810000
0,
#95815000
1,
#95820000
0,
#95825000
1,
#95830000
0,
#95835000
1,
#95840000
0,
#95845000
1,
#95850000
0,
#95855000
1,
#95860000
0,
#95865000
1,
#95870000
0,
#95875000
1,
#95876000
08
#95880000
0,
#95885000
1,
#95890000
0,
#95895000
1,
#95900000
0,
#95905000
1,
#95910000
0,
#95915000
1,
#95920000
0,
#95925000
1,
#95930000
0,
#95935000
1,
#95940000
0,
#95945000
1,
#95950000
0,
#95955000
1,
#95956000
18
b111110 :
#95960000
0,
#95965000
1,
#95970000
0,
#95975000
1,
#95980000
0,
#95985000
1,
#95990000
0,
#95995000
1,
#96000000
0,
#96005000
1,
#96010000
0,
#96015000
1,
#96020000
0,
#96025000
1,
#96030000
0,
#96035000
1,
#96036000
08
#96040000
0,
#96045000
1,
#96050000
0,
#96055000
1,
#96060000
0,
#96065000
1,
#96070000
0,
#96075000
1,
#96080000
0,
#96085000
1,
#96090000
0,
#96095000
1,
#96100000
0,
#96105000
1,
#96110000
0,
#96115000
1,
#96116000
18
b111111 :
#96120000
0,
#96125000
1,
#96130000
0,
#96135000
1,
#96140000
0,
#96145000
1,
#96150000
0,
#96155000
1,
#96160000
0,
#96165000
1,
#96170000
0,
#96175000
1,
#96180000
0,
#96185000
1,
#96190000
0,
#96195000
1,
#96196000
08
#96200000
0,
#96205000
1,
#96210000
0,
#96215000
1,
#96220000
0,
#96225000
1,
#96230000
0,
#96235000
1,
#96240000
0,
#96245000
1,
#96250000
0,
#96255000
1,
#96260000
0,
#96265000
1,
#96270000
0,
#96275000
1,
#96276000
18
b1000000 :
#96280000
0,
#96285000
1,
#96290000
0,
#96295000
1,
#96300000
0,
#96305000
1,
#96310000
0,
#96315000
1,
#96320000
0,
#96325000
1,
#96330000
0,
#96335000
1,
#96340000
0,
#96345000
1,
#96350000
0,
#96355000
1,
#96356000
08
#96360000
0,
#96365000
1,
#96370000
0,
#96375000
1,
#96380000
0,
#96385000
1,
#96390000
0,
#96395000
1,
#96400000
0,
#96405000
1,
#96410000
0,
#96415000
1,
#96420000
0,
#96425000
1,
#96430000
0,
#96435000
1,
#96436000
18
b1000001 :
#96440000
0,
#96445000
1,
#96450000
0,
#96455000
1,
#96460000
0,
#96465000
1,
#96470000
0,
#96475000
1,
#96480000
0,
#96485000
1,
#96490000
0,
#96495000
1,
#96500000
0,
#96505000
1,
#96510000
0,
#96515000
1,
#96516000
08
#96520000
0,
#96525000
1,
#96530000
0,
#96535000
1,
#96540000
0,
#96545000
1,
#96550000
0,
#96555000
1,
#96560000
0,
#96565000
1,
#96570000
0,
#96575000
1,
#96580000
0,
#96585000
1,
#96590000
0,
#96595000
1,
#96596000
18
b1000010 :
#96600000
0,
#96605000
1,
#96610000
0,
#96615000
1,
#96620000
0,
#96625000
1,
#96630000
0,
#96635000
1,
#96640000
0,
#96645000
1,
#96650000
0,
#96655000
1,
#96660000
0,
#96665000
1,
#96670000
0,
#96675000
1,
#96676000
08
#96680000
0,
#96685000
1,
#96690000
0,
#96695000
1,
#96700000
0,
#96705000
1,
#96710000
0,
#96715000
1,
#96720000
0,
#96725000
1,
#96730000
0,
#96735000
1,
#96740000
0,
#96745000
1,
#96750000
0,
#96755000
1,
#96756000
18
b1000011 :
#96760000
0,
#96765000
1,
#96770000
0,
#96775000
1,
#96780000
0,
#96785000
1,
#96790000
0,
#96795000
1,
#96800000
0,
#96805000
1,
#96810000
0,
#96815000
1,
#96820000
0,
#96825000
1,
#96830000
0,
#96835000
1,
#96836000
08
#96840000
0,
#96845000
1,
#96850000
0,
#96855000
1,
#96860000
0,
#96865000
1,
#96870000
0,
#96875000
1,
#96880000
0,
#96885000
1,
#96890000
0,
#96895000
1,
#96900000
0,
#96905000
1,
#96910000
0,
#96915000
1,
#96916000
18
b1000100 :
#96920000
0,
#96925000
1,
#96930000
0,
#96935000
1,
#96940000
0,
#96945000
1,
#96950000
0,
#96955000
1,
#96960000
0,
#96965000
1,
#96970000
0,
#96975000
1,
#96980000
0,
#96985000
1,
#96990000
0,
#96995000
1,
#96996000
08
#97000000
0,
#97005000
1,
#97010000
0,
#97015000
1,
#97020000
0,
#97025000
1,
#97030000
0,
#97035000
1,
#97040000
0,
#97045000
1,
#97050000
0,
#97055000
1,
#97060000
0,
#97065000
1,
#97070000
0,
#97075000
1,
#97076000
18
b1000101 :
#97080000
0,
#97085000
1,
#97090000
0,
#97095000
1,
#97100000
0,
#97105000
1,
#97110000
0,
#97115000
1,
#97120000
0,
#97125000
1,
#97130000
0,
#97135000
1,
#97140000
0,
#97145000
1,
#97150000
0,
#97155000
1,
#97156000
08
#97160000
0,
#97165000
1,
#97170000
0,
#97175000
1,
#97180000
0,
#97185000
1,
#97190000
0,
#97195000
1,
#97200000
0,
#97205000
1,
#97210000
0,
#97215000
1,
#97220000
0,
#97225000
1,
#97230000
0,
#97235000
1,
#97236000
18
b1000110 :
#97240000
0,
#97245000
1,
#97250000
0,
#97255000
1,
#97260000
0,
#97265000
1,
#97270000
0,
#97275000
1,
#97280000
0,
#97285000
1,
#97290000
0,
#97295000
1,
#97300000
0,
#97305000
1,
#97310000
0,
#97315000
1,
#97316000
08
#97320000
0,
#97325000
1,
#97330000
0,
#97335000
1,
#97340000
0,
#97345000
1,
#97350000
0,
#97355000
1,
#97360000
0,
#97365000
1,
#97370000
0,
#97375000
1,
#97380000
0,
#97385000
1,
#97390000
0,
#97395000
1,
#97396000
18
b1000111 :
#97400000
0,
#97405000
1,
#97410000
0,
#97415000
1,
#97420000
0,
#97425000
1,
#97430000
0,
#97435000
1,
#97440000
0,
#97445000
1,
#97450000
0,
#97455000
1,
#97460000
0,
#97465000
1,
#97470000
0,
#97475000
1,
#97476000
08
#97480000
0,
#97485000
1,
#97490000
0,
#97495000
1,
#97500000
0,
#97505000
1,
#97510000
0,
#97515000
1,
#97520000
0,
#97525000
1,
#97530000
0,
#97535000
1,
#97540000
0,
#97545000
1,
#97550000
0,
#97555000
1,
#97556000
18
b1001000 :
#97560000
0,
#97565000
1,
#97570000
0,
#97575000
1,
#97580000
0,
#97585000
1,
#97590000
0,
#97595000
1,
#97600000
0,
#97605000
1,
#97610000
0,
#97615000
1,
#97620000
0,
#97625000
1,
#97630000
0,
#97635000
1,
#97636000
08
#97640000
0,
#97645000
1,
#97650000
0,
#97655000
1,
#97660000
0,
#97665000
1,
#97670000
0,
#97675000
1,
#97680000
0,
#97685000
1,
#97690000
0,
#97695000
1,
#97700000
0,
#97705000
1,
#97710000
0,
#97715000
1,
#97716000
18
b1001001 :
#97720000
0,
#97725000
1,
#97730000
0,
#97735000
1,
#97740000
0,
#97745000
1,
#97750000
0,
#97755000
1,
#97760000
0,
#97765000
1,
#97770000
0,
#97775000
1,
#97780000
0,
#97785000
1,
#97790000
0,
#97795000
1,
#97796000
08
#97800000
0,
#97805000
1,
#97810000
0,
#97815000
1,
#97820000
0,
#97825000
1,
#97830000
0,
#97835000
1,
#97840000
0,
#97845000
1,
#97850000
0,
#97855000
1,
#97860000
0,
#97865000
1,
#97870000
0,
#97875000
1,
#97876000
18
b1001010 :
#97880000
0,
#97885000
1,
#97890000
0,
#97895000
1,
#97900000
0,
#97905000
1,
#97910000
0,
#97915000
1,
#97920000
0,
#97925000
1,
#97930000
0,
#97935000
1,
#97940000
0,
#97945000
1,
#97950000
0,
#97955000
1,
#97956000
08
#97960000
0,
#97965000
1,
#97970000
0,
#97975000
1,
#97980000
0,
#97985000
1,
#97990000
0,
#97995000
1,
#98000000
0,
#98005000
1,
#98010000
0,
#98015000
1,
#98020000
0,
#98025000
1,
#98030000
0,
#98035000
1,
#98036000
18
b1001011 :
#98040000
0,
#98045000
1,
#98050000
0,
#98055000
1,
#98060000
0,
#98065000
1,
#98070000
0,
#98075000
1,
#98080000
0,
#98085000
1,
#98090000
0,
#98095000
1,
#98100000
0,
#98105000
1,
#98110000
0,
#98115000
1,
#98116000
08
#98120000
0,
#98125000
1,
#98130000
0,
#98135000
1,
#98140000
0,
#98145000
1,
#98150000
0,
#98155000
1,
#98160000
0,
#98165000
1,
#98170000
0,
#98175000
1,
#98180000
0,
#98185000
1,
#98190000
0,
#98195000
1,
#98196000
18
b1001100 :
#98200000
0,
#98205000
1,
#98210000
0,
#98215000
1,
#98220000
0,
#98225000
1,
#98230000
0,
#98235000
1,
#98240000
0,
#98245000
1,
#98250000
0,
#98255000
1,
#98260000
0,
#98265000
1,
#98270000
0,
#98275000
1,
#98276000
08
#98280000
0,
#98285000
1,
#98290000
0,
#98295000
1,
#98300000
0,
#98305000
1,
#98310000
0,
#98315000
1,
#98320000
0,
#98325000
1,
#98330000
0,
#98335000
1,
#98340000
0,
#98345000
1,
#98350000
0,
#98355000
1,
#98356000
18
b1001101 :
#98360000
0,
#98365000
1,
#98370000
0,
#98375000
1,
#98380000
0,
#98385000
1,
#98390000
0,
#98395000
1,
#98400000
0,
#98405000
1,
#98410000
0,
#98415000
1,
#98420000
0,
#98425000
1,
#98430000
0,
#98435000
1,
#98436000
08
#98440000
0,
#98445000
1,
#98450000
0,
#98455000
1,
#98460000
0,
#98465000
1,
#98470000
0,
#98475000
1,
#98480000
0,
#98485000
1,
#98490000
0,
#98495000
1,
#98500000
0,
#98505000
1,
#98510000
0,
#98515000
1,
#98516000
18
b1001110 :
#98520000
0,
#98525000
1,
#98530000
0,
#98535000
1,
#98540000
0,
#98545000
1,
#98550000
0,
#98555000
1,
#98560000
0,
#98565000
1,
#98570000
0,
#98575000
1,
#98580000
0,
#98585000
1,
#98590000
0,
#98595000
1,
#98596000
08
#98600000
0,
#98605000
1,
#98610000
0,
#98615000
1,
#98620000
0,
#98625000
1,
#98630000
0,
#98635000
1,
#98640000
0,
#98645000
1,
#98650000
0,
#98655000
1,
#98660000
0,
#98665000
1,
#98670000
0,
#98675000
1,
#98676000
18
b1001111 :
#98680000
0,
#98685000
1,
#98690000
0,
#98695000
1,
#98700000
0,
#98705000
1,
#98710000
0,
#98715000
1,
#98720000
0,
#98725000
1,
#98730000
0,
#98735000
1,
#98740000
0,
#98745000
1,
#98750000
0,
#98755000
1,
#98756000
08
#98760000
0,
#98765000
1,
#98770000
0,
#98775000
1,
#98780000
0,
#98785000
1,
#98790000
0,
#98795000
1,
#98800000
0,
#98805000
1,
#98810000
0,
#98815000
1,
#98820000
0,
#98825000
1,
#98830000
0,
#98835000
1,
#98836000
18
b1010000 :
#98840000
0,
#98845000
1,
#98850000
0,
#98855000
1,
#98860000
0,
#98865000
1,
#98870000
0,
#98875000
1,
#98880000
0,
#98885000
1,
#98890000
0,
#98895000
1,
#98900000
0,
#98905000
1,
#98910000
0,
#98915000
1,
#98916000
08
#98920000
0,
#98925000
1,
#98930000
0,
#98935000
1,
#98940000
0,
#98945000
1,
#98950000
0,
#98955000
1,
#98960000
0,
#98965000
1,
#98970000
0,
#98975000
1,
#98980000
0,
#98985000
1,
#98990000
0,
#98995000
1,
#98996000
18
b1010001 :
#99000000
0,
#99005000
1,
#99010000
0,
#99015000
1,
#99020000
0,
#99025000
1,
#99030000
0,
#99035000
1,
#99040000
0,
#99045000
1,
#99050000
0,
#99055000
1,
#99060000
0,
#99065000
1,
#99070000
0,
#99075000
1,
#99076000
08
#99080000
0,
#99085000
1,
#99090000
0,
#99095000
1,
#99100000
0,
#99105000
1,
#99110000
0,
#99115000
1,
#99120000
0,
#99125000
1,
#99130000
0,
#99135000
1,
#99140000
0,
#99145000
1,
#99150000
0,
#99155000
1,
#99156000
18
b1010010 :
#99160000
0,
#99165000
1,
#99170000
0,
#99175000
1,
#99180000
0,
#99185000
1,
#99190000
0,
#99195000
1,
#99200000
0,
#99205000
1,
#99210000
0,
#99215000
1,
#99220000
0,
#99225000
1,
#99230000
0,
#99235000
1,
#99236000
08
#99240000
0,
#99245000
1,
#99250000
0,
#99255000
1,
#99260000
0,
#99265000
1,
#99270000
0,
#99275000
1,
#99280000
0,
#99285000
1,
#99290000
0,
#99295000
1,
#99300000
0,
#99305000
1,
#99310000
0,
#99315000
1,
#99316000
18
b1010011 :
#99320000
0,
#99325000
1,
#99330000
0,
#99335000
1,
#99340000
0,
#99345000
1,
#99350000
0,
#99355000
1,
#99360000
0,
#99365000
1,
#99370000
0,
#99375000
1,
#99380000
0,
#99385000
1,
#99390000
0,
#99395000
1,
#99396000
08
#99400000
0,
#99405000
1,
#99410000
0,
#99415000
1,
#99420000
0,
#99425000
1,
#99430000
0,
#99435000
1,
#99440000
0,
#99445000
1,
#99450000
0,
#99455000
1,
#99460000
0,
#99465000
1,
#99470000
0,
#99475000
1,
#99476000
18
b1010100 :
#99480000
0,
#99485000
1,
#99490000
0,
#99495000
1,
#99500000
0,
#99505000
1,
#99510000
0,
#99515000
1,
#99520000
0,
#99525000
1,
#99530000
0,
#99535000
1,
#99540000
0,
#99545000
1,
#99550000
0,
#99555000
1,
#99556000
08
#99560000
0,
#99565000
1,
#99570000
0,
#99575000
1,
#99580000
0,
#99585000
1,
#99590000
0,
#99595000
1,
#99600000
0,
#99605000
1,
#99610000
0,
#99615000
1,
#99620000
0,
#99625000
1,
#99630000
0,
#99635000
1,
#99636000
18
b1010101 :
#99640000
0,
#99645000
1,
#99650000
0,
#99655000
1,
#99660000
0,
#99665000
1,
#99670000
0,
#99675000
1,
#99680000
0,
#99685000
1,
#99690000
0,
#99695000
1,
#99700000
0,
#99705000
1,
#99710000
0,
#99715000
1,
#99716000
08
#99720000
0,
#99725000
1,
#99730000
0,
#99735000
1,
#99740000
0,
#99745000
1,
#99750000
0,
#99755000
1,
#99760000
0,
#99765000
1,
#99770000
0,
#99775000
1,
#99780000
0,
#99785000
1,
#99790000
0,
#99795000
1,
#99796000
18
b1010110 :
#99800000
0,
#99805000
1,
#99810000
0,
#99815000
1,
#99820000
0,
#99825000
1,
#99830000
0,
#99835000
1,
#99840000
0,
#99845000
1,
#99850000
0,
#99855000
1,
#99860000
0,
#99865000
1,
#99870000
0,
#99875000
1,
#99876000
08
#99880000
0,
#99885000
1,
#99890000
0,
#99895000
1,
#99900000
0,
#99905000
1,
#99910000
0,
#99915000
1,
#99920000
0,
#99925000
1,
#99930000
0,
#99935000
1,
#99940000
0,
#99945000
1,
#99950000
0,
#99955000
1,
#99956000
18
b1010111 :
#99960000
0,
#99965000
1,
#99970000
0,
#99975000
1,
#99980000
0,
#99985000
1,
#99990000
0,
#99995000
1,
#100000000
0,
#100005000
1,
#100010000
0,
#100015000
1,
#100020000
0,
#100025000
1,
#100030000
0,
#100035000
1,
#100036000
08
#100040000
0,
#100045000
1,
#100050000
0,
#100055000
1,
#100060000
0,
#100065000
1,
#100070000
0,
#100075000
1,
#100080000
0,
#100085000
1,
#100090000
0,
#100095000
1,
#100100000
0,
#100105000
1,
#100110000
0,
#100115000
1,
#100116000
18
b1011000 :
#100120000
0,
#100125000
1,
#100130000
0,
#100135000
1,
#100140000
0,
#100145000
1,
#100150000
0,
#100155000
1,
#100160000
0,
#100165000
1,
#100170000
0,
#100175000
1,
#100180000
0,
#100185000
1,
#100190000
0,
#100195000
1,
#100196000
08
#100200000
0,
#100205000
1,
#100210000
0,
#100215000
1,
#100220000
0,
#100225000
1,
#100230000
0,
#100235000
1,
#100240000
0,
#100245000
1,
#100250000
0,
#100255000
1,
#100260000
0,
#100265000
1,
#100270000
0,
#100275000
1,
#100276000
18
b1011001 :
#100280000
0,
#100285000
1,
#100290000
0,
#100295000
1,
#100300000
0,
#100305000
1,
#100310000
0,
#100315000
1,
#100320000
0,
#100325000
1,
#100330000
0,
#100335000
1,
#100340000
0,
#100345000
1,
#100350000
0,
#100355000
1,
#100356000
08
#100360000
0,
#100365000
1,
#100370000
0,
#100375000
1,
#100380000
0,
#100385000
1,
#100390000
0,
#100395000
1,
#100400000
0,
#100405000
1,
#100410000
0,
#100415000
1,
#100420000
0,
#100425000
1,
#100430000
0,
#100435000
1,
#100436000
18
b1011010 :
#100440000
0,
#100445000
1,
#100450000
0,
#100455000
1,
#100460000
0,
#100465000
1,
#100470000
0,
#100475000
1,
#100480000
0,
#100485000
1,
#100490000
0,
#100495000
1,
#100500000
0,
#100505000
1,
#100510000
0,
#100515000
1,
#100516000
08
#100520000
0,
#100525000
1,
#100530000
0,
#100535000
1,
#100540000
0,
#100545000
1,
#100550000
0,
#100555000
1,
#100560000
0,
#100565000
1,
#100570000
0,
#100575000
1,
#100580000
0,
#100585000
1,
#100590000
0,
#100595000
1,
#100596000
18
b1011011 :
#100600000
0,
#100605000
1,
#100610000
0,
#100615000
1,
#100620000
0,
#100625000
1,
#100630000
0,
#100635000
1,
#100640000
0,
#100645000
1,
#100650000
0,
#100655000
1,
#100660000
0,
#100665000
1,
#100670000
0,
#100675000
1,
#100676000
08
#100680000
0,
#100685000
1,
#100690000
0,
#100695000
1,
#100700000
0,
#100705000
1,
#100710000
0,
#100715000
1,
#100720000
0,
#100725000
1,
#100730000
0,
#100735000
1,
#100740000
0,
#100745000
1,
#100750000
0,
#100755000
1,
#100756000
18
b1011100 :
#100760000
0,
#100765000
1,
#100770000
0,
#100775000
1,
#100780000
0,
#100785000
1,
#100790000
0,
#100795000
1,
#100800000
0,
#100805000
1,
#100810000
0,
#100815000
1,
#100820000
0,
#100825000
1,
#100830000
0,
#100835000
1,
#100836000
08
#100840000
0,
#100845000
1,
#100850000
0,
#100855000
1,
#100860000
0,
#100865000
1,
#100870000
0,
#100875000
1,
#100880000
0,
#100885000
1,
#100890000
0,
#100895000
1,
#100900000
0,
#100905000
1,
#100910000
0,
#100915000
1,
#100916000
18
b1011101 :
#100920000
0,
#100925000
1,
#100930000
0,
#100935000
1,
#100940000
0,
#100945000
1,
#100950000
0,
#100955000
1,
#100960000
0,
#100965000
1,
#100970000
0,
#100975000
1,
#100980000
0,
#100985000
1,
#100990000
0,
#100995000
1,
#100996000
08
#101000000
0,
#101005000
1,
#101010000
0,
#101015000
1,
#101020000
0,
#101025000
1,
#101030000
0,
#101035000
1,
#101040000
0,
#101045000
1,
#101050000
0,
#101055000
1,
#101060000
0,
#101065000
1,
#101070000
0,
#101075000
1,
#101076000
18
b1011110 :
#101080000
0,
#101085000
1,
#101090000
0,
#101095000
1,
#101100000
0,
#101105000
1,
#101110000
0,
#101115000
1,
#101120000
0,
#101125000
1,
#101130000
0,
#101135000
1,
#101140000
0,
#101145000
1,
#101150000
0,
#101155000
1,
#101156000
08
#101160000
0,
#101165000
1,
#101170000
0,
#101175000
1,
#101180000
0,
#101185000
1,
#101190000
0,
#101195000
1,
#101200000
0,
#101205000
1,
#101210000
0,
#101215000
1,
#101220000
0,
#101225000
1,
#101230000
0,
#101235000
1,
#101236000
18
b1011111 :
#101240000
0,
#101245000
1,
#101250000
0,
#101255000
1,
#101260000
0,
#101265000
1,
#101270000
0,
#101275000
1,
#101280000
0,
#101285000
1,
#101290000
0,
#101295000
1,
#101300000
0,
#101305000
1,
#101310000
0,
#101315000
1,
#101316000
08
#101320000
0,
#101325000
1,
#101330000
0,
#101335000
1,
#101340000
0,
#101345000
1,
#101350000
0,
#101355000
1,
#101360000
0,
#101365000
1,
#101370000
0,
#101375000
1,
#101380000
0,
#101385000
1,
#101390000
0,
#101395000
1,
#101396000
18
b1100000 :
#101400000
0,
#101405000
1,
#101410000
0,
#101415000
1,
#101420000
0,
#101425000
1,
#101430000
0,
#101435000
1,
#101440000
0,
#101445000
1,
#101450000
0,
#101455000
1,
#101460000
0,
#101465000
1,
#101470000
0,
#101475000
1,
#101476000
08
#101480000
0,
#101485000
1,
#101490000
0,
#101495000
1,
#101500000
0,
#101505000
1,
#101510000
0,
#101515000
1,
#101520000
0,
#101525000
1,
#101530000
0,
#101535000
1,
#101540000
0,
#101545000
1,
#101550000
0,
#101555000
1,
#101556000
18
b1100001 :
#101560000
0,
#101565000
1,
#101570000
0,
#101575000
1,
#101580000
0,
#101585000
1,
#101590000
0,
#101595000
1,
#101600000
0,
#101605000
1,
#101610000
0,
#101615000
1,
#101620000
0,
#101625000
1,
#101630000
0,
#101635000
1,
#101636000
08
#101640000
0,
#101645000
1,
#101650000
0,
#101655000
1,
#101660000
0,
#101665000
1,
#101670000
0,
#101675000
1,
#101680000
0,
#101685000
1,
#101690000
0,
#101695000
1,
#101700000
0,
#101705000
1,
#101710000
0,
#101715000
1,
#101716000
18
b1100010 :
#101720000
0,
#101725000
1,
#101730000
0,
#101735000
1,
#101740000
0,
#101745000
1,
#101750000
0,
#101755000
1,
#101760000
0,
#101765000
1,
#101770000
0,
#101775000
1,
#101780000
0,
#101785000
1,
#101790000
0,
#101795000
1,
#101796000
08
#101800000
0,
#101805000
1,
#101810000
0,
#101815000
1,
#101820000
0,
#101825000
1,
#101830000
0,
#101835000
1,
#101840000
0,
#101845000
1,
#101850000
0,
#101855000
1,
#101860000
0,
#101865000
1,
#101870000
0,
#101875000
1,
#101876000
18
b1100011 :
#101880000
0,
#101885000
1,
#101890000
0,
#101895000
1,
#101900000
0,
#101905000
1,
#101910000
0,
#101915000
1,
#101920000
0,
#101925000
1,
#101930000
0,
#101935000
1,
#101940000
0,
#101945000
1,
#101950000
0,
#101955000
1,
#101956000
08
#101960000
0,
#101965000
1,
#101970000
0,
#101975000
1,
#101980000
0,
#101985000
1,
#101990000
0,
#101995000
1,
#102000000
0,
#102005000
1,
#102010000
0,
#102015000
1,
#102020000
0,
#102025000
1,
#102030000
0,
#102035000
1,
#102036000
18
b1100100 :
#102040000
0,
#102045000
1,
#102050000
0,
#102055000
1,
#102060000
0,
#102065000
1,
#102070000
0,
#102075000
1,
#102080000
0,
#102085000
1,
#102090000
0,
#102095000
1,
#102100000
0,
#102105000
1,
#102110000
0,
#102115000
1,
#102116000
08
#102120000
0,
#102125000
1,
#102130000
0,
#102135000
1,
#102140000
0,
#102145000
1,
#102150000
0,
#102155000
1,
#102160000
0,
#102165000
1,
#102170000
0,
#102175000
1,
#102180000
0,
#102185000
1,
#102190000
0,
#102195000
1,
#102196000
18
b1100101 :
#102200000
0,
#102205000
1,
#102210000
0,
#102215000
1,
#102220000
0,
#102225000
1,
#102230000
0,
#102235000
1,
#102240000
0,
#102245000
1,
#102250000
0,
#102255000
1,
#102260000
0,
#102265000
1,
#102270000
0,
#102275000
1,
#102276000
08
#102280000
0,
#102285000
1,
#102290000
0,
#102295000
1,
#102300000
0,
#102305000
1,
#102310000
0,
#102315000
1,
#102320000
0,
#102325000
1,
#102330000
0,
#102335000
1,
#102340000
0,
#102345000
1,
#102350000
0,
#102355000
1,
#102356000
18
b1100110 :
#102360000
0,
#102365000
1,
#102370000
0,
#102375000
1,
#102380000
0,
#102385000
1,
#102390000
0,
#102395000
1,
#102400000
0,
#102405000
1,
#102410000
0,
#102415000
1,
#102420000
0,
#102425000
1,
#102430000
0,
#102435000
1,
#102436000
08
#102440000
0,
#102445000
1,
#102450000
0,
#102455000
1,
#102460000
0,
#102465000
1,
#102470000
0,
#102475000
1,
#102480000
0,
#102485000
1,
#102490000
0,
#102495000
1,
#102500000
0,
#102505000
1,
#102510000
0,
#102515000
1,
#102516000
18
b1100111 :
#102520000
0,
#102525000
1,
#102530000
0,
#102535000
1,
#102540000
0,
#102545000
1,
#102550000
0,
#102555000
1,
#102560000
0,
#102565000
1,
#102570000
0,
#102575000
1,
#102580000
0,
#102585000
1,
#102590000
0,
#102595000
1,
#102596000
08
#102600000
0,
#102605000
1,
#102610000
0,
#102615000
1,
#102620000
0,
#102625000
1,
#102630000
0,
#102635000
1,
#102640000
0,
#102645000
1,
#102650000
0,
#102655000
1,
#102660000
0,
#102665000
1,
#102670000
0,
#102675000
1,
#102676000
18
b1101000 :
#102680000
0,
#102685000
1,
#102690000
0,
#102695000
1,
#102700000
0,
#102705000
1,
#102710000
0,
#102715000
1,
#102720000
0,
#102725000
1,
#102730000
0,
#102735000
1,
#102740000
0,
#102745000
1,
#102750000
0,
#102755000
1,
#102756000
08
#102760000
0,
#102765000
1,
#102770000
0,
#102775000
1,
#102780000
0,
#102785000
1,
#102790000
0,
#102795000
1,
#102800000
0,
#102805000
1,
#102810000
0,
#102815000
1,
#102820000
0,
#102825000
1,
#102830000
0,
#102835000
1,
#102836000
18
b1101001 :
#102840000
0,
#102845000
1,
#102850000
0,
#102855000
1,
#102860000
0,
#102865000
1,
#102870000
0,
#102875000
1,
#102880000
0,
#102885000
1,
#102890000
0,
#102895000
1,
#102900000
0,
#102905000
1,
#102910000
0,
#102915000
1,
#102916000
08
#102920000
0,
#102925000
1,
#102930000
0,
#102935000
1,
#102940000
0,
#102945000
1,
#102950000
0,
#102955000
1,
#102960000
0,
#102965000
1,
#102970000
0,
#102975000
1,
#102980000
0,
#102985000
1,
#102990000
0,
#102995000
1,
#102996000
18
b1101010 :
#103000000
0,
#103005000
1,
#103010000
0,
#103015000
1,
#103020000
0,
#103025000
1,
#103030000
0,
#103035000
1,
#103040000
0,
#103045000
1,
#103050000
0,
#103055000
1,
#103060000
0,
#103065000
1,
#103070000
0,
#103075000
1,
#103076000
08
#103080000
0,
#103085000
1,
#103090000
0,
#103095000
1,
#103100000
0,
#103105000
1,
#103110000
0,
#103115000
1,
#103120000
0,
#103125000
1,
#103130000
0,
#103135000
1,
#103140000
0,
#103145000
1,
#103150000
0,
#103155000
1,
#103156000
18
b1101011 :
#103160000
0,
#103165000
1,
#103170000
0,
#103175000
1,
#103180000
0,
#103185000
1,
#103190000
0,
#103195000
1,
#103200000
0,
#103205000
1,
#103210000
0,
#103215000
1,
#103220000
0,
#103225000
1,
#103230000
0,
#103235000
1,
#103236000
08
#103240000
0,
#103245000
1,
#103250000
0,
#103255000
1,
#103260000
0,
#103265000
1,
#103270000
0,
#103275000
1,
#103280000
0,
#103285000
1,
#103290000
0,
#103295000
1,
#103300000
0,
#103305000
1,
#103310000
0,
#103315000
1,
#103316000
18
b1101100 :
#103320000
0,
#103325000
1,
#103330000
0,
#103335000
1,
#103340000
0,
#103345000
1,
#103350000
0,
#103355000
1,
#103360000
0,
#103365000
1,
#103370000
0,
#103375000
1,
#103380000
0,
#103385000
1,
#103390000
0,
#103395000
1,
#103396000
08
#103400000
0,
#103405000
1,
#103410000
0,
#103415000
1,
#103420000
0,
#103425000
1,
#103430000
0,
#103435000
1,
#103440000
0,
#103445000
1,
#103450000
0,
#103455000
1,
#103460000
0,
#103465000
1,
#103470000
0,
#103475000
1,
#103476000
18
b1101101 :
#103480000
0,
#103485000
1,
#103490000
0,
#103495000
1,
#103500000
0,
#103505000
1,
#103510000
0,
#103515000
1,
#103520000
0,
#103525000
1,
#103530000
0,
#103535000
1,
#103540000
0,
#103545000
1,
#103550000
0,
#103555000
1,
#103556000
08
#103560000
0,
#103565000
1,
#103570000
0,
#103575000
1,
#103580000
0,
#103585000
1,
#103590000
0,
#103595000
1,
#103600000
0,
#103605000
1,
#103610000
0,
#103615000
1,
#103620000
0,
#103625000
1,
#103630000
0,
#103635000
1,
#103636000
b10000000000000000000000000000000000000000000000000000001000000111111111111111111111111111111111111111111111111 .
b1101110 :
#103640000
0,
#103645000
1,
#103650000
0,
#103655000
1,
#103660000
0,
#103665000
1,
#103670000
0,
#103675000
1,
#103680000
0,
#103685000
1,
#103690000
0,
#103695000
1,
#103700000
0,
#103705000
1,
#103710000
0,
#103715000
1,
#103716000
18
#103720000
0,
#103725000
1,
#103730000
0,
#103735000
1,
#103740000
0,
#103745000
1,
#103750000
0,
#103755000
1,
#103760000
0,
#103765000
1,
#103770000
0,
#103775000
1,
#103780000
0,
#103785000
1,
#103790000
0,
#103795000
1,
#103796000
b1101111 :
#103800000
0,
#103805000
1,
#103810000
0,
#103815000
1,
#103820000
0,
#103825000
1,
#103830000
0,
#103835000
1,
#103840000
0,
#103845000
1,
#103850000
0,
#103855000
1,
#103860000
0,
#103865000
1,
#103870000
0,
#103875000
1,
#103876000
08
#103880000
0,
#103885000
1,
#103890000
0,
#103895000
1,
#103900000
0,
#103905000
1,
#103910000
0,
#103915000
1,
#103920000
0,
#103925000
1,
#103930000
0,
#103935000
1,
#103940000
0,
#103945000
1,
#103950000
0,
#103955000
1,
#103956000
18
b1110000 :
#103960000
0,
#103965000
1,
#103970000
0,
#103975000
1,
#103980000
0,
#103985000
1,
#103990000
0,
#103995000
1,
#104000000
0,
#104005000
1,
#104010000
0,
#104015000
1,
#104020000
0,
#104025000
1,
#104030000
0,
#104035000
1,
#104036000
08
#104040000
0,
#104045000
1,
#104050000
0,
#104055000
1,
#104060000
0,
#104065000
1,
#104070000
0,
#104075000
1,
#104080000
0,
#104085000
1,
#104090000
0,
#104095000
1,
#104100000
0,
#104105000
1,
#104110000
0,
#104115000
1,
#104120000
0,
#104125000
1,
#104126000
03
05
12
17
b11111111111111111111111111111111 4
b11111111111111111111111111111111 <
#104130000
0,
#104135000
b11111 >
1#
b0 J
b11111111111111111111111111111111 L
1&
b11111 H
b0 D
b0 I
1,
#104136000
b10010000000000000000000000000000000000000000000000000000001000000111111111111111111111111111111111111111111111111 .
b1110001 :
02
07
#104140000
0,
#104145000
1,
#104150000
0,
#104155000
1,
#104160000
0,
#104165000
1,
#104170000
0,
#104175000
1,
#104180000
0,
#104185000
1,
#104190000
0,
#104195000
1,
#104200000
0,
#104205000
1,
#104210000
0,
#104215000
1,
#104216000
18
#104220000
0,
#104225000
1,
#104230000
0,
#104235000
1,
#104240000
0,
#104245000
1,
#104250000
0,
#104255000
1,
#104260000
0,
#104265000
1,
#104270000
0,
#104275000
1,
#104280000
0,
#104285000
1,
#104290000
0,
#104295000
1,
#104296000
1*
#104300000
0,
#104305000
b11110 >
b11110 H
b1 D
b10000000000000000000000000000000 I
b1 J
1,
#104306000
08
b110010000000000000000000000000000000000000000000000000000001000000111111111111111111111111111111111111111111111111 .
b1110010 :
0*
#104310000
0,
#104315000
1,
#104320000
0,
#104325000
1,
#104330000
0,
#104335000
1,
#104340000
0,
#104345000
1,
#104350000
0,
#104355000
1,
#104360000
0,
#104365000
1,
#104370000
0,
#104375000
1,
#104380000
0,
#104385000
1,
#104386000
18
#104390000
0,
#104395000
1,
#104400000
0,
#104405000
1,
#104410000
0,
#104415000
1,
#104420000
0,
#104425000
1,
#104430000
0,
#104435000
1,
#104440000
0,
#104445000
1,
#104450000
0,
#104455000
1,
#104460000
0,
#104465000
1,
#104466000
1*
#104470000
0,
#104475000
b11101 >
b10 J
b11101 H
b10 D
b11000000000000000000000000000000 I
1,
#104476000
08
b1110010000000000000000000000000000000000000000000000000000001000000111111111111111111111111111111111111111111111111 .
b1110011 :
0*
#104480000
0,
#104485000
1,
#104490000
0,
#104495000
1,
#104500000
0,
#104505000
1,
#104510000
0,
#104515000
1,
#104520000
0,
#104525000
1,
#104530000
0,
#104535000
1,
#104540000
0,
#104545000
1,
#104550000
0,
#104555000
1,
#104556000
18
#104560000
0,
#104565000
1,
#104570000
0,
#104575000
1,
#104580000
0,
#104585000
1,
#104590000
0,
#104595000
1,
#104600000
0,
#104605000
1,
#104610000
0,
#104615000
1,
#104620000
0,
#104625000
1,
#104630000
0,
#104635000
1,
#104636000
1*
#104640000
0,
#104645000
b11100 >
b11100 H
b11 D
b11100000000000000000000000000000 I
b11 J
1,
#104646000
08
b11110010000000000000000000000000000000000000000000000000000001000000111111111111111111111111111111111111111111111111 .
b1110100 :
0*
#104650000
0,
#104655000
1,
#104660000
0,
#104665000
1,
#104670000
0,
#104675000
1,
#104680000
0,
#104685000
1,
#104690000
0,
#104695000
1,
#104700000
0,
#104705000
1,
#104710000
0,
#104715000
1,
#104720000
0,
#104725000
1,
#104726000
18
#104730000
0,
#104735000
1,
#104740000
0,
#104745000
1,
#104750000
0,
#104755000
1,
#104760000
0,
#104765000
1,
#104770000
0,
#104775000
1,
#104780000
0,
#104785000
1,
#104790000
0,
#104795000
1,
#104800000
0,
#104805000
1,
#104806000
1*
#104810000
0,
#104815000
b11011 >
b100 J
b11011 H
b100 D
b11110000000000000000000000000000 I
1,
#104816000
08
b111110010000000000000000000000000000000000000000000000000000001000000111111111111111111111111111111111111111111111111 .
b1110101 :
0*
#104820000
0,
#104825000
1,
#104830000
0,
#104835000
1,
#104840000
0,
#104845000
1,
#104850000
0,
#104855000
1,
#104860000
0,
#104865000
1,
#104870000
0,
#104875000
1,
#104880000
0,
#104885000
1,
#104890000
0,
#104895000
1,
#104896000
18
#104900000
0,
#104905000
1,
#104910000
0,
#104915000
1,
#104920000
0,
#104925000
1,
#104930000
0,
#104935000
1,
#104940000
0,
#104945000
1,
#104950000
0,
#104955000
1,
#104960000
0,
#104965000
1,
#104970000
0,
#104975000
1,
#104976000
1*
#104980000
0,
#104985000
b11010 >
b11010 H
b101 D
b11111000000000000000000000000000 I
b101 J
1,
#104986000
08
b1111110010000000000000000000000000000000000000000000000000000001000000111111111111111111111111111111111111111111111111 .
b1110110 :
0*
#104990000
0,
#104995000
1,
#105000000
0,
#105005000
1,
#105010000
0,
#105015000
1,
#105020000
0,
#105025000
1,
#105030000
0,
#105035000
1,
#105040000
0,
#105045000
1,
#105050000
0,
#105055000
1,
#105060000
0,
#105065000
1,
#105066000
18
#105070000
0,
#105075000
1,
#105080000
0,
#105085000
1,
#105090000
0,
#105095000
1,
#105100000
0,
#105105000
1,
#105110000
0,
#105115000
1,
#105120000
0,
#105125000
1,
#105130000
0,
#105135000
1,
#105140000
0,
#105145000
1,
#105146000
1*
#105150000
0,
#105155000
b11001 >
b110 J
b11001 H
b110 D
b11111100000000000000000000000000 I
1,
#105156000
08
b11111110010000000000000000000000000000000000000000000000000000001000000111111111111111111111111111111111111111111111111 .
b1110111 :
0*
#105160000
0,
#105165000
1,
#105170000
0,
#105175000
1,
#105180000
0,
#105185000
1,
#105190000
0,
#105195000
1,
#105200000
0,
#105205000
1,
#105210000
0,
#105215000
1,
#105220000
0,
#105225000
1,
#105230000
0,
#105235000
1,
#105236000
18
#105240000
0,
#105245000
1,
#105250000
0,
#105255000
1,
#105260000
0,
#105265000
1,
#105270000
0,
#105275000
1,
#105280000
0,
#105285000
1,
#105290000
0,
#105295000
1,
#105300000
0,
#105305000
1,
#105310000
0,
#105315000
1,
#105316000
1*
#105320000
0,
#105325000
b11000 >
b11000 H
b111 D
b11111110000000000000000000000000 I
b111 J
1,
#105326000
08
b111111110010000000000000000000000000000000000000000000000000000001000000111111111111111111111111111111111111111111111111 .
b1111000 :
0*
#105330000
0,
#105335000
1,
#105340000
0,
#105345000
1,
#105350000
0,
#105355000
1,
#105360000
0,
#105365000
1,
#105370000
0,
#105375000
1,
#105380000
0,
#105385000
1,
#105390000
0,
#105395000
1,
#105400000
0,
#105405000
1,
#105406000
18
#105410000
0,
#105415000
1,
#105420000
0,
#105425000
1,
#105430000
0,
#105435000
1,
#105440000
0,
#105445000
1,
#105450000
0,
#105455000
1,
#105460000
0,
#105465000
1,
#105470000
0,
#105475000
1,
#105480000
0,
#105485000
1,
#105486000
1*
#105490000
0,
#105495000
b10111 >
b1000 J
b10111 H
b1000 D
b11111111000000000000000000000000 I
1,
#105496000
08
b1111111110010000000000000000000000000000000000000000000000000000001000000111111111111111111111111111111111111111111111111 .
b1111001 :
0*
#105500000
0,
#105505000
1,
#105510000
0,
#105515000
1,
#105520000
0,
#105525000
1,
#105530000
0,
#105535000
1,
#105540000
0,
#105545000
1,
#105550000
0,
#105555000
1,
#105560000
0,
#105565000
1,
#105570000
0,
#105575000
1,
#105576000
18
#105580000
0,
#105585000
1,
#105590000
0,
#105595000
1,
#105600000
0,
#105605000
1,
#105610000
0,
#105615000
1,
#105620000
0,
#105625000
1,
#105630000
0,
#105635000
1,
#105640000
0,
#105645000
1,
#105650000
0,
#105655000
1,
#105656000
1*
#105660000
0,
#105665000
b10110 >
b10110 H
b1001 D
b11111111100000000000000000000000 I
b1001 J
1,
#105666000
08
b11111111110010000000000000000000000000000000000000000000000000000001000000111111111111111111111111111111111111111111111111 .
b1111010 :
0*
#105670000
0,
#105675000
1,
#105680000
0,
#105685000
1,
#105690000
0,
#105695000
1,
#105700000
0,
#105705000
1,
#105710000
0,
#105715000
1,
#105720000
0,
#105725000
1,
#105730000
0,
#105735000
1,
#105740000
0,
#105745000
1,
#105746000
18
#105750000
0,
#105755000
1,
#105760000
0,
#105765000
1,
#105770000
0,
#105775000
1,
#105780000
0,
#105785000
1,
#105790000
0,
#105795000
1,
#105800000
0,
#105805000
1,
#105810000
0,
#105815000
1,
#105820000
0,
#105825000
1,
#105826000
1*
#105830000
0,
#105835000
b10101 >
b1010 J
b10101 H
b1010 D
b11111111110000000000000000000000 I
1,
#105836000
08
b111111111110010000000000000000000000000000000000000000000000000000001000000111111111111111111111111111111111111111111111111 .
b1111011 :
0*
#105840000
0,
#105845000
1,
#105850000
0,
#105855000
1,
#105860000
0,
#105865000
1,
#105870000
0,
#105875000
1,
#105880000
0,
#105885000
1,
#105890000
0,
#105895000
1,
#105900000
0,
#105905000
1,
#105910000
0,
#105915000
1,
#105916000
18
#105920000
0,
#105925000
1,
#105930000
0,
#105935000
1,
#105940000
0,
#105945000
1,
#105950000
0,
#105955000
1,
#105960000
0,
#105965000
1,
#105970000
0,
#105975000
1,
#105980000
0,
#105985000
1,
#105990000
0,
#105995000
1,
#105996000
1*
#106000000
0,
#106005000
b10100 >
b10100 H
b1011 D
b11111111111000000000000000000000 I
b1011 J
1,
#106006000
08
b1111111111110010000000000000000000000000000000000000000000000000000001000000111111111111111111111111111111111111111111111111 .
b1111100 :
0*
#106010000
0,
#106015000
1,
#106020000
0,
#106025000
1,
#106030000
0,
#106035000
1,
#106040000
0,
#106045000
1,
#106050000
0,
#106055000
1,
#106060000
0,
#106065000
1,
#106070000
0,
#106075000
1,
#106080000
0,
#106085000
1,
#106086000
18
#106090000
0,
#106095000
1,
#106100000
0,
#106105000
1,
#106110000
0,
#106115000
1,
#106120000
0,
#106125000
1,
#106130000
0,
#106135000
1,
#106140000
0,
#106145000
1,
#106150000
0,
#106155000
1,
#106160000
0,
#106165000
1,
#106166000
1*
#106170000
0,
#106175000
b10011 >
b1100 J
b10011 H
b1100 D
b11111111111100000000000000000000 I
1,
#106176000
08
b11111111111110010000000000000000000000000000000000000000000000000000001000000111111111111111111111111111111111111111111111111 .
b1111101 :
0*
#106180000
0,
#106185000
1,
#106190000
0,
#106195000
1,
#106200000
0,
#106205000
1,
#106210000
0,
#106215000
1,
#106220000
0,
#106225000
1,
#106230000
0,
#106235000
1,
#106240000
0,
#106245000
1,
#106250000
0,
#106255000
1,
#106256000
18
#106260000
0,
#106265000
1,
#106270000
0,
#106275000
1,
#106280000
0,
#106285000
1,
#106290000
0,
#106295000
1,
#106300000
0,
#106305000
1,
#106310000
0,
#106315000
1,
#106320000
0,
#106325000
1,
#106330000
0,
#106335000
1,
#106336000
1*
#106340000
0,
#106345000
b10010 >
b10010 H
b1101 D
b11111111111110000000000000000000 I
b1101 J
1,
#106346000
08
b111111111111110010000000000000000000000000000000000000000000000000000001000000111111111111111111111111111111111111111111111111 .
b1111110 :
0*
#106350000
0,
#106355000
1,
#106360000
0,
#106365000
1,
#106370000
0,
#106375000
1,
#106380000
0,
#106385000
1,
#106390000
0,
#106395000
1,
#106400000
0,
#106405000
1,
#106410000
0,
#106415000
1,
#106420000
0,
#106425000
1,
#106426000
18
#106430000
0,
#106435000
1,
#106440000
0,
#106445000
1,
#106450000
0,
#106455000
1,
#106460000
0,
#106465000
1,
#106470000
0,
#106475000
1,
#106480000
0,
#106485000
1,
#106490000
0,
#106495000
1,
#106500000
0,
#106505000
1,
#106506000
1*
#106510000
0,
#106515000
b10001 >
b1110 J
b10001 H
b1110 D
b11111111111111000000000000000000 I
1,
#106516000
08
b1111111111111110010000000000000000000000000000000000000000000000000000001000000111111111111111111111111111111111111111111111111 .
b1111111 :
0*
#106520000
0,
#106525000
1,
#106530000
0,
#106535000
1,
#106540000
0,
#106545000
1,
#106550000
0,
#106555000
1,
#106560000
0,
#106565000
1,
#106570000
0,
#106575000
1,
#106580000
0,
#106585000
1,
#106590000
0,
#106595000
1,
#106596000
18
#106600000
0,
#106605000
1,
#106610000
0,
#106615000
1,
#106620000
0,
#106625000
1,
#106630000
0,
#106635000
1,
#106640000
0,
#106645000
1,
#106650000
0,
#106655000
1,
#106660000
0,
#106665000
1,
#106670000
0,
#106675000
1,
#106676000
1*
#106680000
0,
#106685000
b10000 >
b10000 H
b1111 D
b11111111111111100000000000000000 I
b1111 J
1,
#106686000
08
b11111111111111110010000000000000000000000000000000000000000000000000000001000000111111111111111111111111111111111111111111111111 .
b10000000 :
0*
#106690000
0,
#106695000
1,
#106700000
0,
#106705000
1,
#106710000
0,
#106715000
1,
#106720000
0,
#106725000
1,
#106730000
0,
#106735000
1,
#106740000
0,
#106745000
1,
#106750000
0,
#106755000
1,
#106760000
0,
#106765000
1,
#106766000
18
#106770000
0,
#106775000
1,
#106780000
0,
#106785000
1,
#106790000
0,
#106795000
1,
#106800000
0,
#106805000
1,
#106810000
0,
#106815000
1,
#106820000
0,
#106825000
1,
#106830000
0,
#106835000
1,
#106840000
0,
#106845000
1,
#106846000
1*
#106850000
0,
#106855000
b1111 >
b10000 J
b1111 H
b10000 D
b11111111111111110000000000000000 I
1,
#106856000
08
b10000001 :
0*
#106860000
0,
#106865000
1,
#106870000
0,
#106875000
1,
#106880000
0,
#106885000
1,
#106890000
0,
#106895000
1,
#106900000
0,
#106905000
1,
#106910000
0,
#106915000
1,
#106920000
0,
#106925000
1,
#106930000
0,
#106935000
1,
#106936000
18
#106940000
0,
#106945000
1,
#106950000
0,
#106955000
1,
#106960000
0,
#106965000
1,
#106970000
0,
#106975000
1,
#106980000
0,
#106985000
1,
#106990000
0,
#106995000
1,
#107000000
0,
#107005000
1,
#107010000
0,
#107015000
1,
#107016000
1*
#107020000
0,
#107025000
b1110 >
b1110 H
b10001 D
b11111111111111111000000000000000 I
b10001 J
1,
#107026000
08
b10000010 :
0*
#107030000
0,
#107035000
1,
#107040000
0,
#107045000
1,
#107050000
0,
#107055000
1,
#107060000
0,
#107065000
1,
#107070000
0,
#107075000
1,
#107080000
0,
#107085000
1,
#107090000
0,
#107095000
1,
#107100000
0,
#107105000
1,
#107106000
18
#107110000
0,
#107115000
1,
#107120000
0,
#107125000
1,
#107130000
0,
#107135000
1,
#107140000
0,
#107145000
1,
#107150000
0,
#107155000
1,
#107160000
0,
#107165000
1,
#107170000
0,
#107175000
1,
#107180000
0,
#107185000
1,
#107186000
1*
#107190000
0,
#107195000
b1101 >
b10010 J
b1101 H
b10010 D
b11111111111111111100000000000000 I
1,
#107196000
08
b10000011 :
0*
#107200000
0,
#107205000
1,
#107210000
0,
#107215000
1,
#107220000
0,
#107225000
1,
#107230000
0,
#107235000
1,
#107240000
0,
#107245000
1,
#107250000
0,
#107255000
1,
#107260000
0,
#107265000
1,
#107270000
0,
#107275000
1,
#107276000
18
#107280000
0,
#107285000
1,
#107290000
0,
#107295000
1,
#107300000
0,
#107305000
1,
#107310000
0,
#107315000
1,
#107320000
0,
#107325000
1,
#107330000
0,
#107335000
1,
#107340000
0,
#107345000
1,
#107350000
0,
#107355000
1,
#107356000
1*
#107360000
0,
#107365000
b1100 >
b1100 H
b10011 D
b11111111111111111110000000000000 I
b10011 J
1,
#107366000
08
b10000100 :
0*
#107370000
0,
#107375000
1,
#107380000
0,
#107385000
1,
#107390000
0,
#107395000
1,
#107400000
0,
#107405000
1,
#107410000
0,
#107415000
1,
#107420000
0,
#107425000
1,
#107430000
0,
#107435000
1,
#107440000
0,
#107445000
1,
#107446000
18
#107450000
0,
#107455000
1,
#107460000
0,
#107465000
1,
#107470000
0,
#107475000
1,
#107480000
0,
#107485000
1,
#107490000
0,
#107495000
1,
#107500000
0,
#107505000
1,
#107510000
0,
#107515000
1,
#107520000
0,
#107525000
1,
#107526000
1*
#107530000
0,
#107535000
b1011 >
b10100 J
b1011 H
b10100 D
b11111111111111111111000000000000 I
1,
#107536000
08
b10000101 :
0*
#107540000
0,
#107545000
1,
#107550000
0,
#107555000
1,
#107560000
0,
#107565000
1,
#107570000
0,
#107575000
1,
#107580000
0,
#107585000
1,
#107590000
0,
#107595000
1,
#107600000
0,
#107605000
1,
#107610000
0,
#107615000
1,
#107616000
18
#107620000
0,
#107625000
1,
#107630000
0,
#107635000
1,
#107640000
0,
#107645000
1,
#107650000
0,
#107655000
1,
#107660000
0,
#107665000
1,
#107670000
0,
#107675000
1,
#107680000
0,
#107685000
1,
#107690000
0,
#107695000
1,
#107696000
1*
#107700000
0,
#107705000
b1010 >
b1010 H
b10101 D
b11111111111111111111100000000000 I
b10101 J
1,
#107706000
08
b10000110 :
0*
#107710000
0,
#107715000
1,
#107720000
0,
#107725000
1,
#107730000
0,
#107735000
1,
#107740000
0,
#107745000
1,
#107750000
0,
#107755000
1,
#107760000
0,
#107765000
1,
#107770000
0,
#107775000
1,
#107780000
0,
#107785000
1,
#107786000
18
#107790000
0,
#107795000
1,
#107800000
0,
#107805000
1,
#107810000
0,
#107815000
1,
#107820000
0,
#107825000
1,
#107830000
0,
#107835000
1,
#107840000
0,
#107845000
1,
#107850000
0,
#107855000
1,
#107860000
0,
#107865000
1,
#107866000
1*
#107870000
0,
#107875000
b1001 >
b10110 J
b1001 H
b10110 D
b11111111111111111111110000000000 I
1,
#107876000
08
b10000111 :
0*
#107880000
0,
#107885000
1,
#107890000
0,
#107895000
1,
#107900000
0,
#107905000
1,
#107910000
0,
#107915000
1,
#107920000
0,
#107925000
1,
#107930000
0,
#107935000
1,
#107940000
0,
#107945000
1,
#107950000
0,
#107955000
1,
#107956000
18
#107960000
0,
#107965000
1,
#107970000
0,
#107975000
1,
#107980000
0,
#107985000
1,
#107990000
0,
#107995000
1,
#108000000
0,
#108005000
1,
#108010000
0,
#108015000
1,
#108020000
0,
#108025000
1,
#108030000
0,
#108035000
1,
#108036000
1*
#108040000
0,
#108045000
b1000 >
b1000 H
b10111 D
b11111111111111111111111000000000 I
b10111 J
1,
#108046000
08
b10001000 :
0*
#108050000
0,
#108055000
1,
#108060000
0,
#108065000
1,
#108070000
0,
#108075000
1,
#108080000
0,
#108085000
1,
#108090000
0,
#108095000
1,
#108100000
0,
#108105000
1,
#108110000
0,
#108115000
1,
#108120000
0,
#108125000
1,
#108126000
18
#108130000
0,
#108135000
1,
#108140000
0,
#108145000
1,
#108150000
0,
#108155000
1,
#108160000
0,
#108165000
1,
#108170000
0,
#108175000
1,
#108180000
0,
#108185000
1,
#108190000
0,
#108195000
1,
#108200000
0,
#108205000
1,
#108206000
1*
#108210000
0,
#108215000
b111 >
b11000 J
b111 H
b11000 D
b11111111111111111111111100000000 I
1,
#108216000
08
b10001001 :
0*
#108220000
0,
#108225000
1,
#108230000
0,
#108235000
1,
#108240000
0,
#108245000
1,
#108250000
0,
#108255000
1,
#108260000
0,
#108265000
1,
#108270000
0,
#108275000
1,
#108280000
0,
#108285000
1,
#108290000
0,
#108295000
1,
#108296000
18
#108300000
0,
#108305000
1,
#108310000
0,
#108315000
1,
#108320000
0,
#108325000
1,
#108330000
0,
#108335000
1,
#108340000
0,
#108345000
1,
#108350000
0,
#108355000
1,
#108360000
0,
#108365000
1,
#108370000
0,
#108375000
1,
#108376000
1*
#108380000
0,
#108385000
b110 >
b110 H
b11001 D
b11111111111111111111111110000000 I
b11001 J
1,
#108386000
08
b10001010 :
0*
#108390000
0,
#108395000
1,
#108400000
0,
#108405000
1,
#108410000
0,
#108415000
1,
#108420000
0,
#108425000
1,
#108430000
0,
#108435000
1,
#108440000
0,
#108445000
1,
#108450000
0,
#108455000
1,
#108460000
0,
#108465000
1,
#108466000
18
#108470000
0,
#108475000
1,
#108480000
0,
#108485000
1,
#108490000
0,
#108495000
1,
#108500000
0,
#108505000
1,
#108510000
0,
#108515000
1,
#108520000
0,
#108525000
1,
#108530000
0,
#108535000
1,
#108540000
0,
#108545000
1,
#108546000
1*
#108550000
0,
#108555000
b101 >
b11010 J
b101 H
b11010 D
b11111111111111111111111111000000 I
1,
#108556000
08
b10001011 :
0*
#108560000
0,
#108565000
1,
#108570000
0,
#108575000
1,
#108580000
0,
#108585000
1,
#108590000
0,
#108595000
1,
#108600000
0,
#108605000
1,
#108610000
0,
#108615000
1,
#108620000
0,
#108625000
1,
#108630000
0,
#108635000
1,
#108636000
18
#108640000
0,
#108645000
1,
#108650000
0,
#108655000
1,
#108660000
0,
#108665000
1,
#108670000
0,
#108675000
1,
#108680000
0,
#108685000
1,
#108690000
0,
#108695000
1,
#108700000
0,
#108705000
1,
#108710000
0,
#108715000
1,
#108716000
1*
#108720000
0,
#108725000
b100 >
b100 H
b11011 D
b11111111111111111111111111100000 I
b11011 J
1,
#108726000
08
b10001100 :
0*
#108730000
0,
#108735000
1,
#108740000
0,
#108745000
1,
#108750000
0,
#108755000
1,
#108760000
0,
#108765000
1,
#108770000
0,
#108775000
1,
#108780000
0,
#108785000
1,
#108790000
0,
#108795000
1,
#108800000
0,
#108805000
1,
#108806000
18
#108810000
0,
#108815000
1,
#108820000
0,
#108825000
1,
#108830000
0,
#108835000
1,
#108840000
0,
#108845000
1,
#108850000
0,
#108855000
1,
#108860000
0,
#108865000
1,
#108870000
0,
#108875000
1,
#108880000
0,
#108885000
1,
#108886000
1*
#108890000
0,
#108895000
b11 >
b11100 J
b11 H
b11100 D
b11111111111111111111111111110000 I
1,
#108896000
08
b10001101 :
0*
#108900000
0,
#108905000
1,
#108910000
0,
#108915000
1,
#108920000
0,
#108925000
1,
#108930000
0,
#108935000
1,
#108940000
0,
#108945000
1,
#108950000
0,
#108955000
1,
#108960000
0,
#108965000
1,
#108970000
0,
#108975000
1,
#108976000
18
#108980000
0,
#108985000
1,
#108990000
0,
#108995000
1,
#109000000
0,
#109005000
1,
#109010000
0,
#109015000
1,
#109020000
0,
#109025000
1,
#109030000
0,
#109035000
1,
#109040000
0,
#109045000
1,
#109050000
0,
#109055000
1,
#109056000
1*
#109060000
0,
#109065000
b10 >
b10 H
b11101 D
b11111111111111111111111111111000 I
b11101 J
1,
#109066000
08
b10001110 :
0*
#109070000
0,
#109075000
1,
#109080000
0,
#109085000
1,
#109090000
0,
#109095000
1,
#109100000
0,
#109105000
1,
#109110000
0,
#109115000
1,
#109120000
0,
#109125000
1,
#109130000
0,
#109135000
1,
#109140000
0,
#109145000
1,
#109146000
18
#109150000
0,
#109155000
1,
#109160000
0,
#109165000
1,
#109170000
0,
#109175000
1,
#109180000
0,
#109185000
1,
#109190000
0,
#109195000
1,
#109200000
0,
#109205000
1,
#109210000
0,
#109215000
1,
#109220000
0,
#109225000
1,
#109226000
1*
#109230000
0,
#109235000
b1 >
b11110 J
b1 H
b11110 D
b11111111111111111111111111111100 I
1,
#109236000
08
b10001111 :
0*
#109240000
0,
#109245000
1,
#109250000
0,
#109255000
1,
#109260000
0,
#109265000
1,
#109270000
0,
#109275000
1,
#109280000
0,
#109285000
1,
#109290000
0,
#109295000
1,
#109300000
0,
#109305000
1,
#109310000
0,
#109315000
1,
#109316000
18
#109320000
0,
#109325000
1,
#109330000
0,
#109335000
1,
#109340000
0,
#109345000
1,
#109350000
0,
#109355000
1,
#109360000
0,
#109365000
1,
#109370000
0,
#109375000
1,
#109380000
0,
#109385000
1,
#109390000
0,
#109395000
1,
#109396000
1*
#109400000
0,
#109405000
b0 >
b0 H
b11111 D
b11111111111111111111111111111110 I
b11111 J
1,
#109406000
08
b10010000 :
0*
#109410000
0,
#109415000
1,
#109420000
0,
#109425000
1,
#109430000
0,
#109435000
1,
#109440000
0,
#109445000
1,
#109450000
0,
#109455000
1,
#109460000
0,
#109465000
1,
#109470000
0,
#109475000
1,
#109480000
0,
#109485000
1,
#109486000
18
#109490000
0,
#109495000
1,
#109500000
0,
#109505000
1,
#109510000
0,
#109515000
1,
#109520000
0,
#109525000
1,
#109530000
0,
#109535000
1,
#109540000
0,
#109545000
1,
#109550000
0,
#109555000
1,
#109560000
0,
#109565000
1,
#109566000
1*
#109570000
0,
#109575000
1"
0#
1F
0&
b11111111111111111111111111111111 I
1,
#109576000
08
b10000001110101110010110101101110 -
0*
#109580000
0,
#109585000
15
b11111111111111111111111111111111 %
b11111111111111111111111111111111 E
1$
0F
0"
1,
#109590000
0,
#109595000
0$
13
1,
#109600000
0,
#109605000
1,
#109610000
0,
#109615000
1,
#109620000
0,
#109625000
1,
#109630000
0,
#109635000
1,
#109640000
0,
#109645000
1,
#109650000
0,
#109655000
1,
#109656000
18
#109660000
0,
#109665000
1,
#109670000
0,
#109675000
1,
#109680000
0,
#109685000
1,
#109690000
0,
#109695000
1,
#109700000
0,
#109705000
1,
#109710000
0,
#109715000
1,
#109720000
0,
#109725000
1,
#109730000
0,
#109735000
1,
#109740000
0,
#109745000
1,
#109750000
0,
#109755000
1,
#109760000
0,
#109765000
1,
#109770000
0,
#109775000
1,
#109780000
0,
#109785000
1,
#109790000
0,
#109795000
1,
#109800000
0,
#109805000
1,
#109810000
0,
#109815000
1,
#109816000
08
#109820000
0,
#109825000
1,
#109830000
0,
#109835000
1,
#109840000
0,
#109845000
1,
#109850000
0,
#109855000
1,
#109860000
0,
#109865000
1,
#109870000
0,
#109875000
1,
#109880000
0,
#109885000
1,
#109890000
0,
#109895000
1,
#109896000
18
#109900000
0,
#109905000
1,
#109910000
0,
#109915000
1,
#109920000
0,
#109925000
1,
#109930000
0,
#109935000
1,
#109940000
0,
#109945000
1,
#109950000
0,
#109955000
1,
#109960000
0,
#109965000
1,
#109970000
0,
#109975000
1,
#109976000
08
#109980000
0,
#109985000
1,
#109990000
0,
#109995000
1,
#110000000
0,
#110005000
1,
#110010000
0,
#110015000
1,
#110020000
0,
#110025000
1,
#110030000
0,
#110035000
1,
#110040000
0,
#110045000
1,
#110050000
0,
#110055000
1,
#110056000
18
#110060000
0,
#110065000
1,
#110070000
0,
#110075000
1,
#110080000
0,
#110085000
1,
#110090000
0,
#110095000
1,
#110100000
0,
#110105000
1,
#110110000
0,
#110115000
1,
#110120000
0,
#110125000
1,
#110130000
0,
#110135000
1,
#110136000
08
#110140000
0,
#110145000
1,
#110150000
0,
#110155000
1,
#110160000
0,
#110165000
1,
#110170000
0,
#110175000
1,
#110180000
0,
#110185000
1,
#110190000
0,
#110195000
1,
#110200000
0,
#110205000
1,
#110210000
0,
#110215000
1,
#110216000
18
#110220000
0,
#110225000
1,
#110230000
0,
#110235000
1,
#110240000
0,
#110245000
1,
#110250000
0,
#110255000
1,
#110260000
0,
#110265000
1,
#110270000
0,
#110275000
1,
#110280000
0,
#110285000
1,
#110290000
0,
#110295000
1,
#110296000
08
#110300000
0,
#110305000
1,
#110310000
0,
#110315000
1,
#110320000
0,
#110325000
1,
#110330000
0,
#110335000
1,
#110340000
0,
#110345000
1,
#110350000
0,
#110355000
1,
#110360000
0,
#110365000
1,
#110370000
0,
#110375000
1,
#110376000
18
#110380000
0,
#110385000
1,
#110390000
0,
#110395000
1,
#110400000
0,
#110405000
1,
#110410000
0,
#110415000
1,
#110420000
0,
#110425000
1,
#110430000
0,
#110435000
1,
#110440000
0,
#110445000
1,
#110450000
0,
#110455000
1,
#110456000
08
#110460000
0,
#110465000
1,
#110470000
0,
#110475000
1,
#110480000
0,
#110485000
1,
#110490000
0,
#110495000
1,
#110500000
0,
#110505000
1,
#110510000
0,
#110515000
1,
#110520000
0,
#110525000
1,
#110530000
0,
#110535000
1,
#110536000
18
#110540000
0,
#110545000
1,
#110550000
0,
#110555000
1,
#110560000
0,
#110565000
1,
#110570000
0,
#110575000
1,
#110580000
0,
#110585000
1,
#110590000
0,
#110595000
1,
#110600000
0,
#110605000
1,
#110610000
0,
#110615000
1,
#110616000
08
#110620000
0,
#110625000
1,
#110630000
0,
#110635000
1,
#110640000
0,
#110645000
1,
#110650000
0,
#110655000
1,
#110660000
0,
#110665000
1,
#110670000
0,
#110675000
1,
#110680000
0,
#110685000
1,
#110690000
0,
#110695000
1,
#110700000
0,
#110705000
1,
#110710000
0,
#110715000
1,
#110720000
0,
#110725000
1,
#110730000
0,
#110735000
1,
#110740000
0,
#110745000
1,
#110750000
0,
#110755000
1,
#110760000
0,
#110765000
1,
#110770000
0,
#110775000
1,
#110776000
18
#110780000
0,
#110785000
1,
#110790000
0,
#110795000
1,
#110800000
0,
#110805000
1,
#110810000
0,
#110815000
1,
#110820000
0,
#110825000
1,
#110830000
0,
#110835000
1,
#110840000
0,
#110845000
1,
#110850000
0,
#110855000
1,
#110856000
08
#110860000
0,
#110865000
1,
#110870000
0,
#110875000
1,
#110880000
0,
#110885000
1,
#110890000
0,
#110895000
1,
#110900000
0,
#110905000
1,
#110910000
0,
#110915000
1,
#110920000
0,
#110925000
1,
#110930000
0,
#110935000
1,
#110936000
18
#110940000
0,
#110945000
1,
#110950000
0,
#110955000
1,
#110960000
0,
#110965000
1,
#110970000
0,
#110975000
1,
#110980000
0,
#110985000
1,
#110990000
0,
#110995000
1,
#111000000
0,
#111005000
1,
#111010000
0,
#111015000
1,
#111016000
08
#111020000
0,
#111025000
1,
#111030000
0,
#111035000
1,
#111040000
0,
#111045000
1,
#111050000
0,
#111055000
1,
#111060000
0,
#111065000
1,
#111070000
0,
#111075000
1,
#111080000
0,
#111085000
1,
#111090000
0,
#111095000
1,
#111096000
18
#111100000
0,
#111105000
1,
#111110000
0,
#111115000
1,
#111120000
0,
#111125000
1,
#111130000
0,
#111135000
1,
#111140000
0,
#111145000
1,
#111150000
0,
#111155000
1,
#111160000
0,
#111165000
1,
#111170000
0,
#111175000
1,
#111180000
0,
#111185000
1,
#111190000
0,
#111195000
1,
#111200000
0,
#111205000
1,
#111210000
0,
#111215000
1,
#111220000
0,
#111225000
1,
#111230000
0,
#111235000
1,
#111240000
0,
#111245000
1,
#111250000
0,
#111255000
1,
#111256000
08
#111260000
0,
#111265000
1,
#111270000
0,
#111275000
1,
#111280000
0,
#111285000
1,
#111290000
0,
#111295000
1,
#111300000
0,
#111305000
1,
#111310000
0,
#111315000
1,
#111320000
0,
#111325000
1,
#111330000
0,
#111335000
1,
#111340000
0,
#111345000
1,
#111350000
0,
#111355000
1,
#111360000
0,
#111365000
1,
#111370000
0,
#111375000
1,
#111380000
0,
#111385000
1,
#111390000
0,
#111395000
1,
#111400000
0,
#111405000
1,
#111410000
0,
#111415000
1,
#111416000
18
#111420000
0,
#111425000
1,
#111430000
0,
#111435000
1,
#111440000
0,
#111445000
1,
#111450000
0,
#111455000
1,
#111460000
0,
#111465000
1,
#111470000
0,
#111475000
1,
#111480000
0,
#111485000
1,
#111490000
0,
#111495000
1,
#111500000
0,
#111505000
1,
#111510000
0,
#111515000
1,
#111520000
0,
#111525000
1,
#111530000
0,
#111535000
1,
#111540000
0,
#111545000
1,
#111550000
0,
#111555000
1,
#111560000
0,
#111565000
1,
#111570000
0,
#111575000
1,
#111576000
08
#111580000
0,
#111585000
1,
#111590000
0,
#111595000
1,
#111600000
0,
#111605000
1,
#111610000
0,
#111615000
1,
#111620000
0,
#111625000
1,
#111630000
0,
#111635000
1,
#111640000
0,
#111645000
1,
#111650000
0,
#111655000
1,
#111660000
0,
#111665000
1,
#111670000
0,
#111675000
1,
#111680000
0,
#111685000
1,
#111690000
0,
#111695000
1,
#111700000
0,
#111705000
1,
#111710000
0,
#111715000
1,
#111720000
0,
#111725000
1,
#111730000
0,
#111735000
1,
#111736000
18
#111740000
0,
#111745000
1,
#111750000
0,
#111755000
1,
#111760000
0,
#111765000
1,
#111770000
0,
#111775000
1,
#111780000
0,
#111785000
1,
#111790000
0,
#111795000
1,
#111800000
0,
#111805000
1,
#111810000
0,
#111815000
1,
#111816000
08
#111820000
0,
#111825000
1,
#111830000
0,
#111835000
1,
#111840000
0,
#111845000
1,
#111850000
0,
#111855000
1,
#111860000
0,
#111865000
1,
#111870000
0,
#111875000
1,
#111880000
0,
#111885000
1,
#111890000
0,
#111895000
1,
#111896000
18
#111900000
0,
#111905000
1,
#111910000
0,
#111915000
1,
#111920000
0,
#111925000
1,
#111930000
0,
#111935000
1,
#111940000
0,
#111945000
1,
#111950000
0,
#111955000
1,
#111960000
0,
#111965000
1,
#111970000
0,
#111975000
1,
#111976000
08
#111980000
0,
#111985000
1,
#111990000
0,
#111995000
1,
#112000000
0,
#112005000
1,
#112010000
0,
#112015000
1,
#112020000
0,
#112025000
1,
#112030000
0,
#112035000
1,
#112040000
0,
#112045000
1,
#112050000
0,
#112055000
1,
#112056000
18
#112060000
0,
#112065000
1,
#112070000
0,
#112075000
1,
#112080000
0,
#112085000
1,
#112090000
0,
#112095000
1,
#112100000
0,
#112105000
1,
#112110000
0,
#112115000
1,
#112120000
0,
#112125000
1,
#112130000
0,
#112135000
1,
#112140000
0,
#112145000
1,
#112150000
0,
#112155000
1,
#112160000
0,
#112165000
1,
#112170000
0,
#112175000
1,
#112180000
0,
#112185000
1,
#112190000
0,
#112195000
1,
#112200000
0,
#112205000
1,
#112210000
0,
#112215000
1,
#112216000
08
#112220000
0,
#112225000
1,
#112230000
0,
#112235000
1,
#112240000
0,
#112245000
1,
#112250000
0,
#112255000
1,
#112260000
0,
#112265000
1,
#112270000
0,
#112275000
1,
#112280000
0,
#112285000
1,
#112290000
0,
#112295000
1,
#112296000
18
#112300000
0,
#112305000
1,
#112310000
0,
#112315000
1,
#112320000
0,
#112325000
1,
#112330000
0,
#112335000
1,
#112340000
0,
#112345000
1,
#112350000
0,
#112355000
1,
#112360000
0,
#112365000
1,
#112370000
0,
#112375000
1,
#112376000
08
#112380000
0,
#112385000
1,
#112390000
0,
#112395000
1,
#112400000
0,
#112405000
1,
#112410000
0,
#112415000
1,
#112420000
0,
#112425000
1,
#112430000
0,
#112435000
1,
#112440000
0,
#112445000
1,
#112450000
0,
#112455000
1,
#112460000
0,
#112465000
1,
#112470000
0,
#112475000
1,
#112480000
0,
#112485000
1,
#112490000
0,
#112495000
1,
#112500000
0,
#112505000
1,
#112510000
0,
#112515000
1,
#112520000
0,
#112525000
1,
#112530000
0,
#112535000
1,
#112536000
18
#112540000
0,
#112545000
1,
#112550000
0,
#112555000
1,
#112560000
0,
#112565000
1,
#112570000
0,
#112575000
1,
#112580000
0,
#112585000
1,
#112590000
0,
#112595000
1,
#112600000
0,
#112605000
1,
#112610000
0,
#112615000
1,
#112620000
0,
#112625000
1,
#112630000
0,
#112635000
1,
#112640000
0,
#112645000
1,
#112650000
0,
#112655000
1,
#112660000
0,
#112665000
1,
#112670000
0,
#112675000
1,
#112680000
0,
#112685000
1,
#112690000
0,
#112695000
1,
#112696000
08
#112700000
0,
#112705000
1,
#112710000
0,
#112715000
1,
#112720000
0,
#112725000
1,
#112730000
0,
#112735000
1,
#112740000
0,
#112745000
1,
#112750000
0,
#112755000
1,
#112760000
0,
#112765000
1,
#112770000
0,
#112775000
1,
#112780000
0,
#112785000
1,
#112790000
0,
#112795000
1,
#112800000
0,
#112805000
1,
#112810000
0,
#112815000
1,
#112820000
0,
#112825000
1,
#112830000
0,
#112835000
1,
#112840000
0,
#112845000
1,
#112850000
0,
#112855000
1,
#112856000
18
#112860000
0,
#112865000
1,
#112870000
0,
#112875000
1,
#112880000
0,
#112885000
1,
#112890000
0,
#112895000
1,
#112900000
0,
#112905000
1,
#112910000
0,
#112915000
1,
#112920000
0,
#112925000
1,
#112930000
0,
#112935000
1,
#112936000
08
#112940000
0,
#112945000
1,
#112950000
0,
#112955000
1,
#112960000
0,
#112965000
1,
#112970000
0,
#112975000
1,
#112980000
0,
#112985000
1,
#112990000
0,
#112995000
1,
#113000000
0,
#113005000
1,
#113010000
0,
#113015000
1,
#113016000
18
#113020000
0,
#113025000
1,
#113030000
0,
#113035000
1,
#113040000
0,
#113045000
1,
#113050000
0,
#113055000
1,
#113060000
0,
#113065000
1,
#113070000
0,
#113075000
1,
#113080000
0,
#113085000
1,
#113090000
0,
#113095000
1,
#113100000
0,
#113105000
1,
#113110000
0,
#113115000
1,
#113120000
0,
#113125000
1,
#113130000
0,
#113135000
1,
#113140000
0,
#113145000
1,
#113150000
0,
#113155000
1,
#113160000
0,
#113165000
1,
#113170000
0,
#113175000
1,
#113176000
08
#113180000
0,
#113185000
1,
#113190000
0,
#113195000
1,
#113200000
0,
#113205000
1,
#113210000
0,
#113215000
1,
#113220000
0,
#113225000
1,
#113230000
0,
#113235000
1,
#113240000
0,
#113245000
1,
#113250000
0,
#113255000
1,
#113260000
0,
#113265000
1,
#113270000
0,
#113275000
1,
#113280000
0,
#113285000
1,
#113290000
0,
#113295000
1,
#113300000
0,
#113305000
1,
#113310000
0,
#113315000
1,
#113320000
0,
#113325000
1,
#113330000
0,
#113335000
1,
#113336000
18
#113340000
0,
#113345000
1,
#113350000
0,
#113355000
1,
#113360000
0,
#113365000
1,
#113370000
0,
#113375000
1,
#113380000
0,
#113385000
1,
#113390000
0,
#113395000
1,
#113400000
0,
#113405000
1,
#113410000
0,
#113415000
1,
#113420000
0,
#113425000
1,
#113430000
0,
#113435000
1,
#113440000
0,
#113445000
1,
#113450000
0,
#113455000
1,
#113460000
0,
#113465000
1,
#113470000
0,
#113475000
1,
#113480000
0,
#113485000
1,
#113490000
0,
#113495000
1,
#113496000
08
#113500000
0,
#113505000
1,
#113510000
0,
#113515000
1,
#113520000
0,
#113525000
1,
#113530000
0,
#113535000
1,
#113540000
0,
#113545000
1,
#113550000
0,
#113555000
1,
#113560000
0,
#113565000
1,
#113570000
0,
#113575000
1,
#113580000
0,
#113585000
1,
#113590000
0,
#113595000
1,
#113600000
0,
#113605000
1,
#113610000
0,
#113615000
1,
#113620000
0,
#113625000
1,
#113630000
0,
#113635000
1,
#113640000
0,
#113645000
1,
#113650000
0,
#113655000
1,
#113656000
18
#113660000
0,
#113665000
1,
#113670000
0,
#113675000
1,
#113680000
0,
#113685000
1,
#113690000
0,
#113695000
1,
#113700000
0,
#113705000
1,
#113710000
0,
#113715000
1,
#113720000
0,
#113725000
1,
#113730000
0,
#113735000
1,
#113736000
08
#113740000
0,
#113745000
1,
#113750000
0,
#113755000
1,
#113760000
0,
#113765000
1,
#113770000
0,
#113775000
1,
#113780000
0,
#113785000
1,
#113790000
0,
#113795000
1,
#113800000
0,
#113805000
1,
#113810000
0,
#113815000
1,
#113816000
18
#113820000
0,
#113825000
1,
#113830000
0,
#113835000
1,
#113840000
0,
#113845000
1,
#113850000
0,
#113855000
1,
#113860000
0,
#113865000
1,
#113870000
0,
#113875000
1,
#113880000
0,
#113885000
1,
#113890000
0,
#113895000
1,
#113900000
0,
#113905000
1,
#113910000
0,
#113915000
1,
#113920000
0,
#113925000
1,
#113930000
0,
#113935000
1,
#113940000
0,
#113945000
1,
#113950000
0,
#113955000
1,
#113960000
0,
#113965000
1,
#113970000
0,
#113975000
1,
#113976000
08
#113980000
0,
#113985000
1,
#113990000
0,
#113995000
1,
#114000000
0,
#114005000
1,
#114010000
0,
#114015000
1,
#114020000
0,
#114025000
1,
#114030000
0,
#114035000
1,
#114040000
0,
#114045000
1,
#114050000
0,
#114055000
1,
#114060000
0,
#114065000
1,
#114070000
0,
#114075000
1,
#114080000
0,
#114085000
1,
#114090000
0,
#114095000
1,
#114100000
0,
#114105000
1,
#114110000
0,
#114115000
1,
#114120000
0,
#114125000
1,
#114130000
0,
#114135000
1,
#114136000
18
#114140000
0,
#114145000
1,
#114150000
0,
#114155000
1,
#114160000
0,
#114165000
1,
#114170000
0,
#114175000
1,
#114180000
0,
#114185000
1,
#114190000
0,
#114195000
1,
#114200000
0,
#114205000
1,
#114210000
0,
#114215000
1,
#114216000
08
#114220000
0,
#114225000
1,
#114230000
0,
#114235000
1,
#114240000
0,
#114245000
1,
#114250000
0,
#114255000
1,
#114260000
0,
#114265000
1,
#114270000
0,
#114275000
1,
#114280000
0,
#114285000
1,
#114290000
0,
#114295000
1,
#114296000
18
#114300000
0,
#114305000
1,
#114310000
0,
#114315000
1,
#114320000
0,
#114325000
1,
#114330000
0,
#114335000
1,
#114340000
0,
#114345000
1,
#114350000
0,
#114355000
1,
#114360000
0,
#114365000
1,
#114370000
0,
#114375000
1,
#114376000
08
#114380000
0,
#114385000
1,
#114390000
0,
#114395000
1,
#114400000
0,
#114405000
1,
#114410000
0,
#114415000
1,
#114420000
0,
#114425000
1,
#114430000
0,
#114435000
1,
#114440000
0,
#114445000
1,
#114450000
0,
#114455000
1,
#114456000
18
#114460000
0,
#114465000
1,
#114470000
0,
#114475000
1,
#114480000
0,
#114485000
1,
#114490000
0,
#114495000
1,
#114500000
0,
#114505000
1,
#114510000
0,
#114515000
1,
#114520000
0,
#114525000
1,
#114530000
0,
#114535000
1,
#114540000
0,
#114545000
1,
#114550000
0,
#114555000
1,
#114560000
0,
#114565000
1,
#114570000
0,
#114575000
1,
#114580000
0,
#114585000
1,
#114590000
0,
#114595000
1,
#114600000
0,
#114605000
1,
#114610000
0,
#114615000
1,
#114616000
08
#114620000
0,
#114625000
1,
#114630000
0,
#114635000
1,
#114640000
0,
#114645000
1,
#114650000
0,
#114655000
1,
#114660000
0,
#114665000
1,
#114670000
0,
#114675000
1,
#114680000
0,
#114685000
1,
#114690000
0,
#114695000
1,
#114700000
0,
#114705000
1,
#114710000
0,
#114715000
1,
#114720000
0,
#114725000
1,
#114730000
0,
#114735000
1,
#114740000
0,
#114745000
1,
#114750000
0,
#114755000
1,
#114760000
0,
#114765000
1,
#114770000
0,
#114775000
1,
#114780000
0,
#114785000
1,
#114790000
0,
#114795000
1,
#114800000
0,
#114805000
1,
#114810000
0,
#114815000
1,
#114820000
0,
#114825000
1,
#114830000
0,
#114835000
1,
#114840000
0,
#114845000
1,
#114850000
0,
#114855000
1,
#114860000
0,
#114865000
1,
#114870000
0,
#114875000
1,
#114880000
0,
#114885000
1,
#114890000
0,
#114895000
1,
#114900000
0,
#114905000
1,
#114910000
0,
#114915000
1,
#114920000
0,
#114925000
1,
#114930000
0,
#114935000
1,
#114940000
0,
#114945000
1,
#114950000
0,
#114955000
1,
#114960000
0,
#114965000
1,
#114970000
0,
#114975000
1,
#114980000
0,
#114985000
1,
#114990000
0,
#114995000
1,
#115000000
0,
#115005000
1,
#115010000
0,
#115015000
1,
#115020000
0,
#115025000
1,
#115030000
0,
#115035000
1,
#115040000
0,
#115045000
1,
#115050000
0,
#115055000
1,
#115060000
0,
#115065000
1,
#115070000
0,
#115075000
1,
#115080000
0,
#115085000
1,
#115090000
0,
#115095000
1,
#115100000
0,
#115105000
1,
#115110000
0,
#115115000
1,
#115120000
0,
#115125000
1,
#115130000
0,
#115135000
1,
#115140000
0,
#115145000
1,
#115150000
0,
#115155000
1,
#115160000
0,
#115165000
1,
#115170000
0,
#115175000
1,
#115180000
0,
#115185000
1,
#115190000
0,
#115195000
1,
#115200000
0,
#115205000
1,
#115210000
0,
#115215000
1,
#115220000
0,
#115225000
1,
#115230000
0,
#115235000
1,
#115240000
0,
#115245000
1,
#115250000
0,
#115255000
1,
#115260000
0,
#115265000
1,
#115270000
0,
#115275000
1,
#115280000
0,
#115285000
1,
#115290000
0,
#115295000
1,
#115300000
0,
#115305000
1,
#115310000
0,
#115315000
1,
#115320000
0,
#115325000
1,
#115330000
0,
#115335000
1,
#115340000
0,
#115345000
1,
#115350000
0,
#115355000
1,
#115360000
0,
#115365000
1,
#115370000
0,
#115375000
1,
#115380000
0,
#115385000
1,
#115390000
0,
#115395000
1,
#115400000
0,
#115405000
1,
#115410000
0,
#115415000
1,
#115420000
0,
#115425000
1,
#115430000
0,
#115435000
1,
#115436000
18
#115440000
0,
#115445000
1,
#115450000
0,
#115455000
1,
#115460000
0,
#115465000
1,
#115470000
0,
#115475000
1,
#115480000
0,
#115485000
1,
#115490000
0,
#115495000
1,
#115500000
0,
#115505000
1,
#115510000
0,
#115515000
1,
#115520000
0,
#115525000
1,
#115530000
0,
#115535000
1,
#115540000
0,
#115545000
1,
#115550000
0,
#115555000
1,
#115560000
0,
#115565000
1,
#115570000
0,
#115575000
1,
#115580000
0,
#115585000
1,
#115590000
0,
#115595000
1,
#115596000
08
#115600000
0,
#115605000
1,
#115610000
0,
#115615000
1,
#115620000
0,
#115625000
1,
#115630000
0,
#115635000
1,
#115640000
0,
#115645000
1,
#115650000
0,
#115655000
1,
#115660000
0,
#115665000
1,
#115670000
0,
#115675000
1,
#115680000
0,
#115685000
1,
#115690000
0,
#115695000
1,
#115700000
0,
#115705000
1,
#115710000
0,
#115715000
1,
#115720000
0,
#115725000
1,
#115730000
0,
#115735000
1,
#115740000
0,
#115745000
1,
#115750000
0,
#115755000
1,
#115756000
18
#115760000
0,
#115765000
1,
#115770000
0,
#115775000
1,
#115780000
0,
#115785000
1,
#115790000
0,
#115795000
1,
#115800000
0,
#115805000
1,
#115810000
0,
#115815000
1,
#115820000
0,
#115825000
1,
#115830000
0,
#115835000
1,
#115840000
0,
#115845000
1,
#115850000
0,
#115855000
1,
#115860000
0,
#115865000
1,
#115870000
0,
#115875000
1,
#115880000
0,
#115885000
1,
#115890000
0,
#115895000
1,
#115900000
0,
#115905000
1,
#115910000
0,
#115915000
1,
#115916000
08
#115920000
0,
#115925000
1,
#115930000
0,
#115935000
1,
#115940000
0,
#115945000
1,
#115950000
0,
#115955000
1,
#115960000
0,
#115965000
1,
#115970000
0,
#115975000
1,
#115980000
0,
#115985000
1,
#115990000
0,
#115995000
1,
#116000000
0,
#116005000
1,
#116010000
0,
#116015000
1,
#116020000
0,
#116025000
1,
#116030000
0,
#116035000
1,
#116040000
0,
#116045000
1,
#116050000
0,
#116055000
1,
#116060000
0,
#116065000
1,
#116070000
0,
#116075000
1,
#116076000
18
#116080000
0,
#116085000
1,
#116090000
0,
#116095000
1,
#116100000
0,
#116105000
1,
#116110000
0,
#116115000
1,
#116120000
0,
#116125000
1,
#116130000
0,
#116135000
1,
#116140000
0,
#116145000
1,
#116150000
0,
#116155000
1,
#116160000
0,
#116165000
1,
#116170000
0,
#116175000
1,
#116180000
0,
#116185000
1,
#116190000
0,
#116195000
1,
#116200000
0,
#116205000
1,
#116210000
0,
#116215000
1,
#116220000
0,
#116225000
1,
#116230000
0,
#116235000
1,
#116236000
08
#116240000
0,
#116245000
1,
#116250000
0,
#116255000
1,
#116260000
0,
#116265000
1,
#116270000
0,
#116275000
1,
#116280000
0,
#116285000
1,
#116290000
0,
#116295000
1,
#116300000
0,
#116305000
1,
#116310000
0,
#116315000
1,
#116320000
0,
#116325000
1,
#116330000
0,
#116335000
1,
#116340000
0,
#116345000
1,
#116350000
0,
#116355000
1,
#116360000
0,
#116365000
1,
#116370000
0,
#116375000
1,
#116380000
0,
#116385000
1,
#116390000
0,
#116395000
1,
#116396000
18
#116400000
0,
#116405000
1,
#116410000
0,
#116415000
1,
#116420000
0,
#116425000
1,
#116430000
0,
#116435000
1,
#116440000
0,
#116445000
1,
#116450000
0,
#116455000
1,
#116460000
0,
#116465000
1,
#116470000
0,
#116475000
1,
#116480000
0,
#116485000
1,
#116490000
0,
#116495000
1,
#116500000
0,
#116505000
1,
#116510000
0,
#116515000
1,
#116520000
0,
#116525000
1,
#116530000
0,
#116535000
1,
#116540000
0,
#116545000
1,
#116550000
0,
#116555000
1,
#116556000
08
#116560000
0,
#116565000
1,
#116570000
0,
#116575000
1,
#116580000
0,
#116585000
1,
#116590000
0,
#116595000
1,
#116600000
0,
#116605000
1,
#116610000
0,
#116615000
1,
#116620000
0,
#116625000
1,
#116630000
0,
#116635000
1,
#116640000
0,
#116645000
1,
#116650000
0,
#116655000
1,
#116660000
0,
#116665000
1,
#116670000
0,
#116675000
1,
#116680000
0,
#116685000
1,
#116690000
0,
#116695000
1,
#116700000
0,
#116705000
1,
#116710000
0,
#116715000
1,
#116716000
18
#116720000
0,
#116725000
1,
#116730000
0,
#116735000
1,
#116740000
0,
#116745000
1,
#116750000
0,
#116755000
1,
#116760000
0,
#116765000
1,
#116770000
0,
#116775000
1,
#116780000
0,
#116785000
1,
#116790000
0,
#116795000
1,
#116800000
0,
#116805000
1,
#116810000
0,
#116815000
1,
#116820000
0,
#116825000
1,
#116830000
0,
#116835000
1,
#116840000
0,
#116845000
1,
#116850000
0,
#116855000
1,
#116860000
0,
#116865000
1,
#116870000
0,
#116875000
1,
#116876000
08
#116880000
0,
#116885000
1,
#116890000
0,
#116895000
1,
#116900000
0,
#116905000
1,
#116910000
0,
#116915000
1,
#116920000
0,
#116925000
1,
#116930000
0,
#116935000
1,
#116940000
0,
#116945000
1,
#116950000
0,
#116955000
1,
#116960000
0,
#116965000
1,
#116970000
0,
#116975000
1,
#116980000
0,
#116985000
1,
#116990000
0,
#116995000
1,
#117000000
0,
#117005000
1,
#117010000
0,
#117015000
1,
#117020000
0,
#117025000
1,
#117030000
0,
#117035000
1,
#117036000
18
#117040000
0,
#117045000
1,
#117050000
0,
#117055000
1,
#117060000
0,
#117065000
1,
#117070000
0,
#117075000
1,
#117080000
0,
#117085000
1,
#117090000
0,
#117095000
1,
#117100000
0,
#117105000
1,
#117110000
0,
#117115000
1,
#117120000
0,
#117125000
1,
#117130000
0,
#117135000
1,
#117140000
0,
#117145000
1,
#117150000
0,
#117155000
1,
#117160000
0,
#117165000
1,
#117170000
0,
#117175000
1,
#117180000
0,
#117185000
1,
#117190000
0,
#117195000
1,
#117196000
08
#117200000
0,
#117205000
1,
#117210000
0,
#117215000
1,
#117220000
0,
#117225000
1,
#117230000
0,
#117235000
1,
#117240000
0,
#117245000
1,
#117250000
0,
#117255000
1,
#117260000
0,
#117265000
1,
#117270000
0,
#117275000
1,
#117280000
0,
#117285000
1,
#117290000
0,
#117295000
1,
#117300000
0,
#117305000
1,
#117310000
0,
#117315000
1,
#117320000
0,
#117325000
1,
#117330000
0,
#117335000
1,
#117340000
0,
#117345000
1,
#117350000
0,
#117355000
1,
#117356000
18
#117360000
0,
#117365000
1,
#117370000
0,
#117375000
1,
#117380000
0,
#117385000
1,
#117390000
0,
#117395000
1,
#117400000
0,
#117405000
1,
#117410000
0,
#117415000
1,
#117420000
0,
#117425000
1,
#117430000
0,
#117435000
1,
#117440000
0,
#117445000
1,
#117450000
0,
#117455000
1,
#117460000
0,
#117465000
1,
#117470000
0,
#117475000
1,
#117480000
0,
#117485000
1,
#117490000
0,
#117495000
1,
#117500000
0,
#117505000
1,
#117510000
0,
#117515000
1,
#117516000
08
#117520000
0,
#117525000
1,
#117530000
0,
#117535000
1,
#117540000
0,
#117545000
1,
#117550000
0,
#117555000
1,
#117560000
0,
#117565000
1,
#117570000
0,
#117575000
1,
#117580000
0,
#117585000
1,
#117590000
0,
#117595000
1,
#117600000
0,
#117605000
1,
#117610000
0,
#117615000
1,
#117620000
0,
#117625000
1,
#117630000
0,
#117635000
1,
#117640000
0,
#117645000
1,
#117650000
0,
#117655000
1,
#117660000
0,
#117665000
1,
#117670000
0,
#117675000
1,
#117676000
18
#117680000
0,
#117685000
1,
#117690000
0,
#117695000
1,
#117700000
0,
#117705000
1,
#117710000
0,
#117715000
1,
#117720000
0,
#117725000
1,
#117730000
0,
#117735000
1,
#117740000
0,
#117745000
1,
#117750000
0,
#117755000
1,
#117760000
0,
#117765000
1,
#117770000
0,
#117775000
1,
#117780000
0,
#117785000
1,
#117790000
0,
#117795000
1,
#117800000
0,
#117805000
1,
#117810000
0,
#117815000
1,
#117820000
0,
#117825000
1,
#117830000
0,
#117835000
1,
#117836000
08
#117840000
0,
#117845000
1,
#117850000
0,
#117855000
1,
#117860000
0,
#117865000
1,
#117870000
0,
#117875000
1,
#117880000
0,
#117885000
1,
#117890000
0,
#117895000
1,
#117900000
0,
#117905000
1,
#117910000
0,
#117915000
1,
#117920000
0,
#117925000
1,
#117930000
0,
#117935000
1,
#117940000
0,
#117945000
1,
#117950000
0,
#117955000
1,
#117960000
0,
#117965000
1,
#117970000
0,
#117975000
1,
#117980000
0,
#117985000
1,
#117990000
0,
#117995000
1,
#117996000
18
#118000000
0,
#118005000
1,
#118010000
0,
#118015000
1,
#118020000
0,
#118025000
1,
#118030000
0,
#118035000
1,
#118040000
0,
#118045000
1,
#118050000
0,
#118055000
1,
#118060000
0,
#118065000
1,
#118070000
0,
#118075000
1,
#118080000
0,
#118085000
1,
#118090000
0,
#118095000
1,
#118100000
0,
#118105000
1,
#118110000
0,
#118115000
1,
#118120000
0,
#118125000
1,
#118130000
0,
#118135000
1,
#118140000
0,
#118145000
1,
#118150000
0,
#118155000
1,
#118156000
08
#118160000
0,
#118165000
1,
#118170000
0,
#118175000
1,
#118180000
0,
#118185000
1,
#118190000
0,
#118195000
1,
#118200000
0,
#118205000
1,
#118210000
0,
#118215000
1,
#118220000
0,
#118225000
1,
#118230000
0,
#118235000
1,
#118240000
0,
#118245000
1,
#118250000
0,
#118255000
1,
#118260000
0,
#118265000
1,
#118270000
0,
#118275000
1,
#118280000
0,
#118285000
1,
#118290000
0,
#118295000
1,
#118300000
0,
#118305000
1,
#118310000
0,
#118315000
1,
#118316000
18
#118320000
0,
#118325000
1,
#118330000
0,
#118335000
1,
#118340000
0,
#118345000
1,
#118350000
0,
#118355000
1,
#118360000
0,
#118365000
1,
#118370000
0,
#118375000
1,
#118380000
0,
#118385000
1,
#118390000
0,
#118395000
1,
#118400000
0,
#118405000
1,
#118410000
0,
#118415000
1,
#118420000
0,
#118425000
1,
#118430000
0,
#118435000
1,
#118440000
0,
#118445000
1,
#118450000
0,
#118455000
1,
#118460000
0,
#118465000
1,
#118470000
0,
#118475000
1,
#118476000
08
#118480000
0,
#118485000
1,
#118490000
0,
#118495000
1,
#118500000
0,
#118505000
1,
#118510000
0,
#118515000
1,
#118520000
0,
#118525000
1,
#118530000
0,
#118535000
1,
#118540000
0,
#118545000
1,
#118550000
0,
#118555000
1,
#118560000
0,
#118565000
1,
#118570000
0,
#118575000
1,
#118580000
0,
#118585000
1,
#118590000
0,
#118595000
1,
#118600000
0,
#118605000
1,
#118610000
0,
#118615000
1,
#118620000
0,
#118625000
1,
#118630000
0,
#118635000
1,
#118636000
18
#118640000
0,
#118645000
1,
#118650000
0,
#118655000
1,
#118660000
0,
#118665000
1,
#118670000
0,
#118675000
1,
#118680000
0,
#118685000
1,
#118690000
0,
#118695000
1,
#118700000
0,
#118705000
1,
#118710000
0,
#118715000
1,
#118720000
0,
#118725000
1,
#118730000
0,
#118735000
1,
#118740000
0,
#118745000
1,
#118750000
0,
#118755000
1,
#118760000
0,
#118765000
1,
#118770000
0,
#118775000
1,
#118780000
0,
#118785000
1,
#118790000
0,
#118795000
1,
#118796000
08
#118800000
0,
#118805000
1,
#118810000
0,
#118815000
1,
#118820000
0,
#118825000
1,
#118830000
0,
#118835000
1,
#118840000
0,
#118845000
1,
#118850000
0,
#118855000
1,
#118860000
0,
#118865000
1,
#118870000
0,
#118875000
1,
#118880000
0,
#118885000
1,
#118890000
0,
#118895000
1,
#118900000
0,
#118905000
1,
#118910000
0,
#118915000
1,
#118920000
0,
#118925000
1,
#118930000
0,
#118935000
1,
#118940000
0,
#118945000
1,
#118950000
0,
#118955000
1,
#118956000
18
#118960000
0,
#118965000
1,
#118970000
0,
#118975000
1,
#118980000
0,
#118985000
1,
#118990000
0,
#118995000
1,
#119000000
0,
#119005000
1,
#119010000
0,
#119015000
1,
#119020000
0,
#119025000
1,
#119030000
0,
#119035000
1,
#119040000
0,
#119045000
1,
#119050000
0,
#119055000
1,
#119060000
0,
#119065000
1,
#119070000
0,
#119075000
1,
#119080000
0,
#119085000
1,
#119090000
0,
#119095000
1,
#119100000
0,
#119105000
1,
#119110000
0,
#119115000
1,
#119116000
08
#119120000
0,
#119125000
1,
#119130000
0,
#119135000
1,
#119140000
0,
#119145000
1,
#119150000
0,
#119155000
1,
#119160000
0,
#119165000
1,
#119170000
0,
#119175000
1,
#119180000
0,
#119185000
1,
#119190000
0,
#119195000
1,
#119200000
0,
#119205000
1,
#119210000
0,
#119215000
1,
#119220000
0,
#119225000
1,
#119230000
0,
#119235000
1,
#119240000
0,
#119245000
1,
#119250000
0,
#119255000
1,
#119260000
0,
#119265000
1,
#119270000
0,
#119275000
1,
#119276000
18
#119280000
0,
#119285000
1,
#119290000
0,
#119295000
1,
#119300000
0,
#119305000
1,
#119310000
0,
#119315000
1,
#119320000
0,
#119325000
1,
#119330000
0,
#119335000
1,
#119340000
0,
#119345000
1,
#119350000
0,
#119355000
1,
#119360000
0,
#119365000
1,
#119370000
0,
#119375000
1,
#119380000
0,
#119385000
1,
#119390000
0,
#119395000
1,
#119400000
0,
#119405000
1,
#119410000
0,
#119415000
1,
#119420000
0,
#119425000
1,
#119430000
0,
#119435000
1,
#119436000
08
#119440000
0,
#119445000
1,
#119450000
0,
#119455000
1,
#119460000
0,
#119465000
1,
#119470000
0,
#119475000
1,
#119480000
0,
#119485000
1,
#119490000
0,
#119495000
1,
#119500000
0,
#119505000
1,
#119510000
0,
#119515000
1,
#119520000
0,
#119525000
1,
#119530000
0,
#119535000
1,
#119540000
0,
#119545000
1,
#119550000
0,
#119555000
1,
#119560000
0,
#119565000
1,
#119570000
0,
#119575000
1,
#119580000
0,
#119585000
1,
#119590000
0,
#119595000
1,
#119596000
18
#119600000
0,
#119605000
1,
#119610000
0,
#119615000
1,
#119620000
0,
#119625000
1,
#119630000
0,
#119635000
1,
#119640000
0,
#119645000
1,
#119650000
0,
#119655000
1,
#119660000
0,
#119665000
1,
#119670000
0,
#119675000
1,
#119680000
0,
#119685000
1,
#119690000
0,
#119695000
1,
#119700000
0,
#119705000
1,
#119710000
0,
#119715000
1,
#119720000
0,
#119725000
1,
#119730000
0,
#119735000
1,
#119740000
0,
#119745000
1,
#119750000
0,
#119755000
1,
#119756000
08
#119760000
0,
#119765000
1,
#119770000
0,
#119775000
1,
#119780000
0,
#119785000
1,
#119790000
0,
#119795000
1,
#119800000
0,
#119805000
1,
#119810000
0,
#119815000
1,
#119820000
0,
#119825000
1,
#119830000
0,
#119835000
1,
#119840000
0,
#119845000
1,
#119850000
0,
#119855000
1,
#119860000
0,
#119865000
1,
#119870000
0,
#119875000
1,
#119880000
0,
#119885000
1,
#119890000
0,
#119895000
1,
#119900000
0,
#119905000
1,
#119910000
0,
#119915000
1,
#119916000
18
#119920000
0,
#119925000
1,
#119930000
0,
#119935000
1,
#119940000
0,
#119945000
1,
#119950000
0,
#119955000
1,
#119960000
0,
#119965000
1,
#119970000
0,
#119975000
1,
#119980000
0,
#119985000
1,
#119990000
0,
#119995000
1,
#120000000
0,
#120005000
1,
#120010000
0,
#120015000
1,
#120020000
0,
#120025000
1,
#120030000
0,
#120035000
1,
#120040000
0,
#120045000
1,
#120050000
0,
#120055000
1,
#120060000
0,
#120065000
1,
#120070000
0,
#120075000
1,
#120076000
08
#120080000
0,
#120085000
1,
#120090000
0,
#120095000
1,
#120100000
0,
#120105000
1,
#120110000
0,
#120115000
1,
#120120000
0,
#120125000
1,
#120130000
0,
#120135000
1,
#120140000
0,
#120145000
1,
#120150000
0,
#120155000
1,
#120160000
0,
#120165000
1,
#120170000
0,
#120175000
1,
#120180000
0,
#120185000
1,
#120190000
0,
#120195000
1,
#120200000
0,
#120205000
1,
#120210000
0,
#120215000
1,
#120220000
0,
#120225000
1,
#120230000
0,
#120235000
1,
#120236000
18
#120240000
0,
#120245000
1,
#120250000
0,
#120255000
1,
#120260000
0,
#120265000
1,
#120270000
0,
#120275000
1,
#120280000
0,
#120285000
1,
#120290000
0,
#120295000
1,
#120300000
0,
#120305000
1,
#120310000
0,
#120315000
1,
#120320000
0,
#120325000
1,
#120330000
0,
#120335000
1,
#120340000
0,
#120345000
1,
#120350000
0,
#120355000
1,
#120360000
0,
#120365000
1,
#120370000
0,
#120375000
1,
#120380000
0,
#120385000
1,
#120390000
0,
#120395000
1,
#120396000
08
#120400000
0,
#120405000
1,
#120410000
0,
#120415000
1,
#120420000
0,
#120425000
1,
#120430000
0,
#120435000
1,
#120440000
0,
#120445000
1,
#120450000
0,
#120455000
1,
#120460000
0,
#120465000
1,
#120470000
0,
#120475000
1,
#120480000
0,
#120485000
1,
#120490000
0,
#120495000
1,
#120500000
0,
#120505000
1,
#120510000
0,
#120515000
1,
#120520000
0,
#120525000
1,
#120530000
0,
#120535000
1,
#120540000
0,
#120545000
1,
#120550000
0,
#120555000
1,
#120556000
18
#120560000
0,
#120565000
1,
#120570000
0,
#120575000
1,
#120580000
0,
#120585000
1,
#120590000
0,
#120595000
1,
#120600000
0,
#120605000
1,
#120610000
0,
#120615000
1,
#120620000
0,
#120625000
1,
#120630000
0,
#120635000
1,
#120640000
0,
#120645000
1,
#120650000
0,
#120655000
1,
#120660000
0,
#120665000
1,
#120670000
0,
#120675000
1,
#120680000
0,
#120685000
1,
#120690000
0,
#120695000
1,
#120700000
0,
#120705000
1,
#120710000
0,
#120715000
1,
#120716000
08
#120720000
0,
#120725000
1,
#120730000
0,
#120735000
1,
#120740000
0,
#120745000
1,
#120750000
0,
#120755000
1,
#120760000
0,
#120765000
1,
#120770000
0,
#120775000
1,
#120780000
0,
#120785000
1,
#120790000
0,
#120795000
1,
#120800000
0,
#120805000
1,
#120810000
0,
#120815000
1,
#120820000
0,
#120825000
1,
#120830000
0,
#120835000
1,
#120840000
0,
#120845000
1,
#120850000
0,
#120855000
1,
#120860000
0,
#120865000
1,
#120870000
0,
#120875000
1,
#120876000
18
#120880000
0,
#120885000
1,
#120890000
0,
#120895000
1,
#120900000
0,
#120905000
1,
#120910000
0,
#120915000
1,
#120920000
0,
#120925000
1,
#120930000
0,
#120935000
1,
#120940000
0,
#120945000
1,
#120950000
0,
#120955000
1,
#120960000
0,
#120965000
1,
#120970000
0,
#120975000
1,
#120980000
0,
#120985000
1,
#120990000
0,
#120995000
1,
#121000000
0,
#121005000
1,
#121010000
0,
#121015000
1,
#121020000
0,
#121025000
1,
#121030000
0,
#121035000
1,
#121036000
08
#121040000
0,
#121045000
1,
#121050000
0,
#121055000
1,
#121060000
0,
#121065000
1,
#121070000
0,
#121075000
1,
#121080000
0,
#121085000
1,
#121090000
0,
#121095000
1,
#121100000
0,
#121105000
1,
#121110000
0,
#121115000
1,
#121120000
0,
#121125000
1,
#121130000
0,
#121135000
1,
#121140000
0,
#121145000
1,
#121150000
0,
#121155000
1,
#121160000
0,
#121165000
1,
#121170000
0,
#121175000
1,
#121180000
0,
#121185000
1,
#121190000
0,
#121195000
1,
#121196000
18
#121200000
0,
#121205000
1,
#121210000
0,
#121215000
1,
#121220000
0,
#121225000
1,
#121230000
0,
#121235000
1,
#121240000
0,
#121245000
1,
#121250000
0,
#121255000
1,
#121260000
0,
#121265000
1,
#121270000
0,
#121275000
1,
#121280000
0,
#121285000
1,
#121290000
0,
#121295000
1,
#121300000
0,
#121305000
1,
#121310000
0,
#121315000
1,
#121320000
0,
#121325000
1,
#121330000
0,
#121335000
1,
#121340000
0,
#121345000
1,
#121350000
0,
#121355000
1,
#121356000
08
#121360000
0,
#121365000
1,
#121370000
0,
#121375000
1,
#121380000
0,
#121385000
1,
#121390000
0,
#121395000
1,
#121400000
0,
#121405000
1,
#121410000
0,
#121415000
1,
#121420000
0,
#121425000
1,
#121430000
0,
#121435000
1,
#121440000
0,
#121445000
1,
#121450000
0,
#121455000
1,
#121460000
0,
#121465000
1,
#121470000
0,
#121475000
1,
#121480000
0,
#121485000
1,
#121490000
0,
#121495000
1,
#121500000
0,
#121505000
1,
#121510000
0,
#121515000
1,
#121516000
18
#121520000
0,
#121525000
1,
#121530000
0,
#121535000
1,
#121540000
0,
#121545000
1,
#121550000
0,
#121555000
1,
#121560000
0,
#121565000
1,
#121570000
0,
#121575000
1,
#121580000
0,
#121585000
1,
#121590000
0,
#121595000
1,
#121600000
0,
#121605000
1,
#121610000
0,
#121615000
1,
#121620000
0,
#121625000
1,
#121630000
0,
#121635000
1,
#121640000
0,
#121645000
1,
#121650000
0,
#121655000
1,
#121660000
0,
#121665000
1,
#121670000
0,
#121675000
1,
#121676000
08
#121680000
0,
#121685000
1,
#121690000
0,
#121695000
1,
#121700000
0,
#121705000
1,
#121710000
0,
#121715000
1,
#121720000
0,
#121725000
1,
#121730000
0,
#121735000
1,
#121740000
0,
#121745000
1,
#121750000
0,
#121755000
1,
#121760000
0,
#121765000
1,
#121770000
0,
#121775000
1,
#121780000
0,
#121785000
1,
#121790000
0,
#121795000
1,
#121800000
0,
#121805000
1,
#121810000
0,
#121815000
1,
#121820000
0,
#121825000
1,
#121830000
0,
#121835000
1,
#121836000
18
#121840000
0,
#121845000
1,
#121850000
0,
#121855000
1,
#121860000
0,
#121865000
1,
#121870000
0,
#121875000
1,
#121880000
0,
#121885000
1,
#121890000
0,
#121895000
1,
#121900000
0,
#121905000
1,
#121910000
0,
#121915000
1,
#121920000
0,
#121925000
1,
#121930000
0,
#121935000
1,
#121940000
0,
#121945000
1,
#121950000
0,
#121955000
1,
#121960000
0,
#121965000
1,
#121970000
0,
#121975000
1,
#121980000
0,
#121985000
1,
#121990000
0,
#121995000
1,
#121996000
08
#122000000
0,
#122005000
1,
#122010000
0,
#122015000
1,
#122020000
0,
#122025000
1,
#122030000
0,
#122035000
1,
#122040000
0,
#122045000
1,
#122050000
0,
#122055000
1,
#122060000
0,
#122065000
1,
#122070000
0,
#122075000
1,
#122080000
0,
#122085000
1,
#122090000
0,
#122095000
1,
#122100000
0,
#122105000
1,
#122110000
0,
#122115000
1,
#122120000
0,
#122125000
1,
#122130000
0,
#122135000
1,
#122140000
0,
#122145000
1,
#122150000
0,
#122155000
1,
#122156000
18
#122160000
0,
#122165000
1,
#122170000
0,
#122175000
1,
#122180000
0,
#122185000
1,
#122190000
0,
#122195000
1,
#122200000
0,
#122205000
1,
#122210000
0,
#122215000
1,
#122220000
0,
#122225000
1,
#122230000
0,
#122235000
1,
#122240000
0,
#122245000
1,
#122250000
0,
#122255000
1,
#122260000
0,
#122265000
1,
#122270000
0,
#122275000
1,
#122280000
0,
#122285000
1,
#122290000
0,
#122295000
1,
#122300000
0,
#122305000
1,
#122310000
0,
#122315000
1,
#122316000
08
#122320000
0,
#122325000
1,
#122330000
0,
#122335000
1,
#122340000
0,
#122345000
1,
#122350000
0,
#122355000
1,
#122360000
0,
#122365000
1,
#122370000
0,
#122375000
1,
#122380000
0,
#122385000
1,
#122390000
0,
#122395000
1,
#122400000
0,
#122405000
1,
#122410000
0,
#122415000
1,
#122420000
0,
#122425000
1,
#122430000
0,
#122435000
1,
#122440000
0,
#122445000
1,
#122450000
0,
#122455000
1,
#122460000
0,
#122465000
1,
#122470000
0,
#122475000
1,
#122476000
18
#122480000
0,
#122485000
1,
#122490000
0,
#122495000
1,
#122500000
0,
#122505000
1,
#122510000
0,
#122515000
1,
#122520000
0,
#122525000
1,
#122530000
0,
#122535000
1,
#122540000
0,
#122545000
1,
#122550000
0,
#122555000
1,
#122560000
0,
#122565000
1,
#122570000
0,
#122575000
1,
#122580000
0,
#122585000
1,
#122590000
0,
#122595000
1,
#122600000
0,
#122605000
1,
#122610000
0,
#122615000
1,
#122620000
0,
#122625000
1,
#122630000
0,
#122635000
1,
#122636000
08
#122640000
0,
#122645000
1,
#122650000
0,
#122655000
1,
#122660000
0,
#122665000
1,
#122670000
0,
#122675000
1,
#122680000
0,
#122685000
1,
#122690000
0,
#122695000
1,
#122700000
0,
#122705000
1,
#122710000
0,
#122715000
1,
#122720000
0,
#122725000
1,
#122730000
0,
#122735000
1,
#122740000
0,
#122745000
1,
#122750000
0,
#122755000
1,
#122760000
0,
#122765000
1,
#122770000
0,
#122775000
1,
#122780000
0,
#122785000
1,
#122790000
0,
#122795000
1,
#122796000
18
#122800000
0,
#122805000
1,
#122810000
0,
#122815000
1,
#122820000
0,
#122825000
1,
#122830000
0,
#122835000
1,
#122840000
0,
#122845000
1,
#122850000
0,
#122855000
1,
#122860000
0,
#122865000
1,
#122870000
0,
#122875000
1,
#122880000
0,
#122885000
1,
#122890000
0,
#122895000
1,
#122900000
0,
#122905000
1,
#122910000
0,
#122915000
1,
#122920000
0,
#122925000
1,
#122930000
0,
#122935000
1,
#122940000
0,
#122945000
1,
#122950000
0,
#122955000
1,
#122956000
08
#122960000
0,
#122965000
1,
#122970000
0,
#122975000
1,
#122980000
0,
#122985000
1,
#122990000
0,
#122995000
1,
#123000000
0,
#123005000
1,
#123010000
0,
#123015000
1,
#123020000
0,
#123025000
1,
#123030000
0,
#123035000
1,
#123040000
0,
#123045000
1,
#123050000
0,
#123055000
1,
#123060000
0,
#123065000
1,
#123070000
0,
#123075000
1,
#123080000
0,
#123085000
1,
#123090000
0,
#123095000
1,
#123100000
0,
#123105000
1,
#123110000
0,
#123115000
1,
#123116000
18
#123120000
0,
#123125000
1,
#123130000
0,
#123135000
1,
#123140000
0,
#123145000
1,
#123150000
0,
#123155000
1,
#123160000
0,
#123165000
1,
#123170000
0,
#123175000
1,
#123180000
0,
#123185000
1,
#123190000
0,
#123195000
1,
#123200000
0,
#123205000
1,
#123210000
0,
#123215000
1,
#123220000
0,
#123225000
1,
#123230000
0,
#123235000
1,
#123240000
0,
#123245000
1,
#123250000
0,
#123255000
1,
#123260000
0,
#123265000
1,
#123270000
0,
#123275000
1,
#123276000
08
#123280000
0,
#123285000
1,
#123290000
0,
#123295000
1,
#123300000
0,
#123305000
1,
#123310000
0,
#123315000
1,
#123320000
0,
#123325000
1,
#123330000
0,
#123335000
1,
#123340000
0,
#123345000
1,
#123350000
0,
#123355000
1,
#123360000
0,
#123365000
1,
#123370000
0,
#123375000
1,
#123380000
0,
#123385000
1,
#123390000
0,
#123395000
1,
#123400000
0,
#123405000
1,
#123410000
0,
#123415000
1,
#123420000
0,
#123425000
1,
#123430000
0,
#123435000
1,
#123436000
18
#123440000
0,
#123445000
1,
#123450000
0,
#123455000
1,
#123460000
0,
#123465000
1,
#123470000
0,
#123475000
1,
#123480000
0,
#123485000
1,
#123490000
0,
#123495000
1,
#123500000
0,
#123505000
1,
#123510000
0,
#123515000
1,
#123520000
0,
#123525000
1,
#123530000
0,
#123535000
1,
#123540000
0,
#123545000
1,
#123550000
0,
#123555000
1,
#123560000
0,
#123565000
1,
#123570000
0,
#123575000
1,
#123580000
0,
#123585000
1,
#123590000
0,
#123595000
1,
#123596000
08
#123600000
0,
#123605000
1,
#123610000
0,
#123615000
1,
#123620000
0,
#123625000
1,
#123630000
0,
#123635000
1,
#123640000
0,
#123645000
1,
#123650000
0,
#123655000
1,
#123660000
0,
#123665000
1,
#123670000
0,
#123675000
1,
#123680000
0,
#123685000
1,
#123690000
0,
#123695000
1,
#123700000
0,
#123705000
1,
#123710000
0,
#123715000
1,
#123720000
0,
#123725000
1,
#123730000
0,
#123735000
1,
#123740000
0,
#123745000
1,
#123750000
0,
#123755000
1,
#123756000
18
#123760000
0,
#123765000
1,
#123770000
0,
#123775000
1,
#123780000
0,
#123785000
1,
#123790000
0,
#123795000
1,
#123800000
0,
#123805000
1,
#123810000
0,
#123815000
1,
#123820000
0,
#123825000
1,
#123830000
0,
#123835000
1,
#123840000
0,
#123845000
1,
#123850000
0,
#123855000
1,
#123860000
0,
#123865000
1,
#123870000
0,
#123875000
1,
#123880000
0,
#123885000
1,
#123890000
0,
#123895000
1,
#123900000
0,
#123905000
1,
#123910000
0,
#123915000
1,
#123916000
08
#123920000
0,
#123925000
1,
#123930000
0,
#123935000
1,
#123940000
0,
#123945000
1,
#123950000
0,
#123955000
1,
#123960000
0,
#123965000
1,
#123970000
0,
#123975000
1,
#123980000
0,
#123985000
1,
#123990000
0,
#123995000
1,
#124000000
0,
#124005000
1,
#124010000
0,
#124015000
1,
#124020000
0,
#124025000
1,
#124030000
0,
#124035000
1,
#124040000
0,
#124045000
1,
#124050000
0,
#124055000
1,
#124060000
0,
#124065000
1,
#124070000
0,
#124075000
1,
#124076000
18
#124080000
0,
#124085000
1,
#124090000
0,
#124095000
1,
#124100000
0,
#124105000
1,
#124110000
0,
#124115000
1,
#124120000
0,
#124125000
1,
#124130000
0,
#124135000
1,
#124140000
0,
#124145000
1,
#124150000
0,
#124155000
1,
#124160000
0,
#124165000
1,
#124170000
0,
#124175000
1,
#124180000
0,
#124185000
1,
#124190000
0,
#124195000
1,
#124200000
0,
#124205000
1,
#124210000
0,
#124215000
1,
#124220000
0,
#124225000
1,
#124230000
0,
#124235000
1,
#124236000
08
#124240000
0,
#124245000
1,
#124250000
0,
#124255000
1,
#124260000
0,
#124265000
1,
#124270000
0,
#124275000
1,
#124280000
0,
#124285000
1,
#124290000
0,
#124295000
1,
#124300000
0,
#124305000
1,
#124310000
0,
#124315000
1,
#124320000
0,
#124325000
1,
#124330000
0,
#124335000
1,
#124340000
0,
#124345000
1,
#124350000
0,
#124355000
1,
#124360000
0,
#124365000
1,
#124370000
0,
#124375000
1,
#124380000
0,
#124385000
1,
#124390000
0,
#124395000
1,
#124396000
18
#124400000
0,
#124405000
1,
#124410000
0,
#124415000
1,
#124420000
0,
#124425000
1,
#124430000
0,
#124435000
1,
#124440000
0,
#124445000
1,
#124450000
0,
#124455000
1,
#124460000
0,
#124465000
1,
#124470000
0,
#124475000
1,
#124476000
08
#124480000
0,
#124485000
1,
#124490000
0,
#124495000
1,
#124500000
0,
#124505000
1,
#124510000
0,
#124515000
1,
#124520000
0,
#124525000
1,
#124530000
0,
#124535000
1,
#124540000
0,
#124545000
1,
#124550000
0,
#124555000
1,
#124556000
18
#124560000
0,
#124565000
1,
#124570000
0,
#124575000
1,
#124580000
0,
#124585000
1,
#124590000
0,
#124595000
1,
#124600000
0,
#124605000
1,
#124610000
0,
#124615000
1,
#124620000
0,
#124625000
1,
#124630000
0,
#124635000
1,
#124636000
08
b1 :
b1 .
#124640000
0,
#124645000
1,
#124650000
0,
#124655000
1,
#124660000
0,
#124665000
1,
#124670000
0,
#124675000
1,
#124680000
0,
#124685000
1,
#124690000
0,
#124695000
1,
#124700000
0,
#124705000
1,
#124710000
0,
#124715000
1,
#124716000
18
#124720000
0,
#124725000
1,
#124730000
0,
#124735000
1,
#124740000
0,
#124745000
1,
#124750000
0,
#124755000
1,
#124760000
0,
#124765000
1,
#124770000
0,
#124775000
1,
#124780000
0,
#124785000
1,
#124790000
0,
#124795000
1,
#124796000
08
b11 .
b10 :
#124800000
0,
#124805000
1,
#124810000
0,
#124815000
1,
#124820000
0,
#124825000
1,
#124830000
0,
#124835000
1,
#124840000
0,
#124845000
1,
#124850000
0,
#124855000
1,
#124860000
0,
#124865000
1,
#124870000
0,
#124875000
1,
#124876000
18
#124880000
0,
#124885000
1,
#124890000
0,
#124895000
1,
#124900000
0,
#124905000
1,
#124910000
0,
#124915000
1,
#124920000
0,
#124925000
1,
#124930000
0,
#124935000
1,
#124940000
0,
#124945000
1,
#124950000
0,
#124955000
1,
#124956000
08
b111 .
b11 :
#124960000
0,
#124965000
1,
#124970000
0,
#124975000
1,
#124980000
0,
#124985000
1,
#124990000
0,
#124995000
1,
#125000000
0,
#125005000
1,
#125010000
0,
#125015000
1,
#125020000
0,
#125025000
1,
#125030000
0,
#125035000
1,
#125036000
18
#125040000
0,
#125045000
1,
#125050000
0,
#125055000
1,
#125060000
0,
#125065000
1,
#125070000
0,
#125075000
1,
#125080000
0,
#125085000
1,
#125090000
0,
#125095000
1,
#125100000
0,
#125105000
1,
#125110000
0,
#125115000
1,
#125116000
08
b1111 .
b100 :
#125120000
0,
#125125000
1,
#125130000
0,
#125135000
1,
#125140000
0,
#125145000
1,
#125150000
0,
#125155000
1,
#125160000
0,
#125165000
1,
#125170000
0,
#125175000
1,
#125180000
0,
#125185000
1,
#125190000
0,
#125195000
1,
#125196000
18
#125200000
0,
#125205000
1,
#125210000
0,
#125215000
1,
#125220000
0,
#125225000
1,
#125230000
0,
#125235000
1,
#125240000
0,
#125245000
1,
#125250000
0,
#125255000
1,
#125260000
0,
#125265000
1,
#125270000
0,
#125275000
1,
#125276000
08
b11111 .
b101 :
#125280000
0,
#125285000
1,
#125290000
0,
#125295000
1,
#125300000
0,
#125305000
1,
#125310000
0,
#125315000
1,
#125320000
0,
#125325000
1,
#125330000
0,
#125335000
1,
#125340000
0,
#125345000
1,
#125350000
0,
#125355000
1,
#125356000
18
#125360000
0,
#125365000
1,
#125370000
0,
#125375000
1,
#125380000
0,
#125385000
1,
#125390000
0,
#125395000
1,
#125400000
0,
#125405000
1,
#125410000
0,
#125415000
1,
#125420000
0,
#125425000
1,
#125430000
0,
#125435000
1,
#125436000
08
b111111 .
b110 :
#125440000
0,
#125445000
1,
#125450000
0,
#125455000
1,
#125460000
0,
#125465000
1,
#125470000
0,
#125475000
1,
#125480000
0,
#125485000
1,
#125490000
0,
#125495000
1,
#125500000
0,
#125505000
1,
#125510000
0,
#125515000
1,
#125516000
18
#125520000
0,
#125525000
1,
#125530000
0,
#125535000
1,
#125540000
0,
#125545000
1,
#125550000
0,
#125555000
1,
#125560000
0,
#125565000
1,
#125570000
0,
#125575000
1,
#125580000
0,
#125585000
1,
#125590000
0,
#125595000
1,
#125596000
08
b1111111 .
b111 :
#125600000
0,
#125605000
1,
#125610000
0,
#125615000
1,
#125620000
0,
#125625000
1,
#125630000
0,
#125635000
1,
#125640000
0,
#125645000
1,
#125650000
0,
#125655000
1,
#125660000
0,
#125665000
1,
#125670000
0,
#125675000
1,
#125676000
18
#125680000
0,
#125685000
1,
#125690000
0,
#125695000
1,
#125700000
0,
#125705000
1,
#125710000
0,
#125715000
1,
#125720000
0,
#125725000
1,
#125730000
0,
#125735000
1,
#125740000
0,
#125745000
1,
#125750000
0,
#125755000
1,
#125756000
08
b11111111 .
b1000 :
#125760000
0,
#125765000
1,
#125770000
0,
#125775000
1,
#125780000
0,
#125785000
1,
#125790000
0,
#125795000
1,
#125800000
0,
#125805000
1,
#125810000
0,
#125815000
1,
#125820000
0,
#125825000
1,
#125830000
0,
#125835000
1,
#125836000
18
#125840000
0,
#125845000
1,
#125850000
0,
#125855000
1,
#125860000
0,
#125865000
1,
#125870000
0,
#125875000
1,
#125880000
0,
#125885000
1,
#125890000
0,
#125895000
1,
#125900000
0,
#125905000
1,
#125910000
0,
#125915000
1,
#125916000
08
b111111111 .
b1001 :
#125920000
0,
#125925000
1,
#125930000
0,
#125935000
1,
#125940000
0,
#125945000
1,
#125950000
0,
#125955000
1,
#125960000
0,
#125965000
1,
#125970000
0,
#125975000
1,
#125980000
0,
#125985000
1,
#125990000
0,
#125995000
1,
#125996000
18
#126000000
0,
#126005000
1,
#126010000
0,
#126015000
1,
#126020000
0,
#126025000
1,
#126030000
0,
#126035000
1,
#126040000
0,
#126045000
1,
#126050000
0,
#126055000
1,
#126060000
0,
#126065000
1,
#126070000
0,
#126075000
1,
#126076000
08
b1111111111 .
b1010 :
#126080000
0,
#126085000
1,
#126090000
0,
#126095000
1,
#126100000
0,
#126105000
1,
#126110000
0,
#126115000
1,
#126120000
0,
#126125000
1,
#126130000
0,
#126135000
1,
#126140000
0,
#126145000
1,
#126150000
0,
#126155000
1,
#126156000
18
#126160000
0,
#126165000
1,
#126170000
0,
#126175000
1,
#126180000
0,
#126185000
1,
#126190000
0,
#126195000
1,
#126200000
0,
#126205000
1,
#126210000
0,
#126215000
1,
#126220000
0,
#126225000
1,
#126230000
0,
#126235000
1,
#126236000
08
b11111111111 .
b1011 :
#126240000
0,
#126245000
1,
#126250000
0,
#126255000
1,
#126260000
0,
#126265000
1,
#126270000
0,
#126275000
1,
#126280000
0,
#126285000
1,
#126290000
0,
#126295000
1,
#126300000
0,
#126305000
1,
#126310000
0,
#126315000
1,
#126316000
18
#126320000
0,
#126325000
1,
#126330000
0,
#126335000
1,
#126340000
0,
#126345000
1,
#126350000
0,
#126355000
1,
#126360000
0,
#126365000
1,
#126370000
0,
#126375000
1,
#126380000
0,
#126385000
1,
#126390000
0,
#126395000
1,
#126396000
08
b111111111111 .
b1100 :
#126400000
0,
#126405000
1,
#126410000
0,
#126415000
1,
#126420000
0,
#126425000
1,
#126430000
0,
#126435000
1,
#126440000
0,
#126445000
1,
#126450000
0,
#126455000
1,
#126460000
0,
#126465000
1,
#126470000
0,
#126475000
1,
#126476000
18
#126480000
0,
#126485000
1,
#126490000
0,
#126495000
1,
#126500000
0,
#126505000
1,
#126510000
0,
#126515000
1,
#126520000
0,
#126525000
1,
#126530000
0,
#126535000
1,
#126540000
0,
#126545000
1,
#126550000
0,
#126555000
1,
#126556000
08
b1111111111111 .
b1101 :
#126560000
0,
#126565000
1,
#126570000
0,
#126575000
1,
#126580000
0,
#126585000
1,
#126590000
0,
#126595000
1,
#126600000
0,
#126605000
1,
#126610000
0,
#126615000
1,
#126620000
0,
#126625000
1,
#126630000
0,
#126635000
1,
#126636000
18
#126640000
0,
#126645000
1,
#126650000
0,
#126655000
1,
#126660000
0,
#126665000
1,
#126670000
0,
#126675000
1,
#126680000
0,
#126685000
1,
#126690000
0,
#126695000
1,
#126700000
0,
#126705000
1,
#126710000
0,
#126715000
1,
#126716000
08
b11111111111111 .
b1110 :
#126720000
0,
#126725000
1,
#126730000
0,
#126735000
1,
#126740000
0,
#126745000
1,
#126750000
0,
#126755000
1,
#126760000
0,
#126765000
1,
#126770000
0,
#126775000
1,
#126780000
0,
#126785000
1,
#126790000
0,
#126795000
1,
#126796000
18
#126800000
0,
#126805000
1,
#126810000
0,
#126815000
1,
#126820000
0,
#126825000
1,
#126830000
0,
#126835000
1,
#126840000
0,
#126845000
1,
#126850000
0,
#126855000
1,
#126860000
0,
#126865000
1,
#126870000
0,
#126875000
1,
#126876000
08
b111111111111111 .
b1111 :
#126880000
0,
#126885000
1,
#126890000
0,
#126895000
1,
#126900000
0,
#126905000
1,
#126910000
0,
#126915000
1,
#126920000
0,
#126925000
1,
#126930000
0,
#126935000
1,
#126940000
0,
#126945000
1,
#126950000
0,
#126955000
1,
#126956000
18
#126960000
0,
#126965000
1,
#126970000
0,
#126975000
1,
#126980000
0,
#126985000
1,
#126990000
0,
#126995000
1,
#127000000
0,
#127005000
1,
#127010000
0,
#127015000
1,
#127020000
0,
#127025000
1,
#127030000
0,
#127035000
1,
#127036000
08
b1111111111111111 .
b10000 :
#127040000
0,
#127045000
1,
#127050000
0,
#127055000
1,
#127060000
0,
#127065000
1,
#127070000
0,
#127075000
1,
#127080000
0,
#127085000
1,
#127090000
0,
#127095000
1,
#127100000
0,
#127105000
1,
#127110000
0,
#127115000
1,
#127116000
18
#127120000
0,
#127125000
1,
#127130000
0,
#127135000
1,
#127140000
0,
#127145000
1,
#127150000
0,
#127155000
1,
#127160000
0,
#127165000
1,
#127170000
0,
#127175000
1,
#127180000
0,
#127185000
1,
#127190000
0,
#127195000
1,
#127196000
08
b11111111111111111 .
b10001 :
#127200000
0,
#127205000
1,
#127210000
0,
#127215000
1,
#127220000
0,
#127225000
1,
#127230000
0,
#127235000
1,
#127240000
0,
#127245000
1,
#127250000
0,
#127255000
1,
#127260000
0,
#127265000
1,
#127270000
0,
#127275000
1,
#127276000
18
#127280000
0,
#127285000
1,
#127290000
0,
#127295000
1,
#127300000
0,
#127305000
1,
#127310000
0,
#127315000
1,
#127320000
0,
#127325000
1,
#127330000
0,
#127335000
1,
#127340000
0,
#127345000
1,
#127350000
0,
#127355000
1,
#127356000
08
b111111111111111111 .
b10010 :
#127360000
0,
#127365000
1,
#127370000
0,
#127375000
1,
#127380000
0,
#127385000
1,
#127390000
0,
#127395000
1,
#127400000
0,
#127405000
1,
#127410000
0,
#127415000
1,
#127420000
0,
#127425000
1,
#127430000
0,
#127435000
1,
#127436000
18
#127440000
0,
#127445000
1,
#127450000
0,
#127455000
1,
#127460000
0,
#127465000
1,
#127470000
0,
#127475000
1,
#127480000
0,
#127485000
1,
#127490000
0,
#127495000
1,
#127500000
0,
#127505000
1,
#127510000
0,
#127515000
1,
#127516000
08
b1111111111111111111 .
b10011 :
#127520000
0,
#127525000
1,
#127530000
0,
#127535000
1,
#127540000
0,
#127545000
1,
#127550000
0,
#127555000
1,
#127560000
0,
#127565000
1,
#127570000
0,
#127575000
1,
#127580000
0,
#127585000
1,
#127590000
0,
#127595000
1,
#127596000
18
#127600000
0,
#127605000
1,
#127610000
0,
#127615000
1,
#127620000
0,
#127625000
1,
#127630000
0,
#127635000
1,
#127640000
0,
#127645000
1,
#127650000
0,
#127655000
1,
#127660000
0,
#127665000
1,
#127670000
0,
#127675000
1,
#127676000
08
b11111111111111111111 .
b10100 :
#127680000
0,
#127685000
1,
#127690000
0,
#127695000
1,
#127700000
0,
#127705000
1,
#127710000
0,
#127715000
1,
#127720000
0,
#127725000
1,
#127730000
0,
#127735000
1,
#127740000
0,
#127745000
1,
#127750000
0,
#127755000
1,
#127756000
18
#127760000
0,
#127765000
1,
#127770000
0,
#127775000
1,
#127780000
0,
#127785000
1,
#127790000
0,
#127795000
1,
#127800000
0,
#127805000
1,
#127810000
0,
#127815000
1,
#127820000
0,
#127825000
1,
#127830000
0,
#127835000
1,
#127836000
08
b111111111111111111111 .
b10101 :
#127840000
0,
#127845000
1,
#127850000
0,
#127855000
1,
#127860000
0,
#127865000
1,
#127870000
0,
#127875000
1,
#127880000
0,
#127885000
1,
#127890000
0,
#127895000
1,
#127900000
0,
#127905000
1,
#127910000
0,
#127915000
1,
#127916000
18
#127920000
0,
#127925000
1,
#127930000
0,
#127935000
1,
#127940000
0,
#127945000
1,
#127950000
0,
#127955000
1,
#127960000
0,
#127965000
1,
#127970000
0,
#127975000
1,
#127980000
0,
#127985000
1,
#127990000
0,
#127995000
1,
#127996000
08
b1111111111111111111111 .
b10110 :
#128000000
0,
#128005000
1,
#128010000
0,
#128015000
1,
#128020000
0,
#128025000
1,
#128030000
0,
#128035000
1,
#128040000
0,
#128045000
1,
#128050000
0,
#128055000
1,
#128060000
0,
#128065000
1,
#128070000
0,
#128075000
1,
#128076000
18
#128080000
0,
#128085000
1,
#128090000
0,
#128095000
1,
#128100000
0,
#128105000
1,
#128110000
0,
#128115000
1,
#128120000
0,
#128125000
1,
#128130000
0,
#128135000
1,
#128140000
0,
#128145000
1,
#128150000
0,
#128155000
1,
#128156000
08
b11111111111111111111111 .
b10111 :
#128160000
0,
#128165000
1,
#128170000
0,
#128175000
1,
#128180000
0,
#128185000
1,
#128190000
0,
#128195000
1,
#128200000
0,
#128205000
1,
#128210000
0,
#128215000
1,
#128220000
0,
#128225000
1,
#128230000
0,
#128235000
1,
#128236000
18
#128240000
0,
#128245000
1,
#128250000
0,
#128255000
1,
#128260000
0,
#128265000
1,
#128270000
0,
#128275000
1,
#128280000
0,
#128285000
1,
#128290000
0,
#128295000
1,
#128300000
0,
#128305000
1,
#128310000
0,
#128315000
1,
#128316000
08
b111111111111111111111111 .
b11000 :
#128320000
0,
#128325000
1,
#128330000
0,
#128335000
1,
#128340000
0,
#128345000
1,
#128350000
0,
#128355000
1,
#128360000
0,
#128365000
1,
#128370000
0,
#128375000
1,
#128380000
0,
#128385000
1,
#128390000
0,
#128395000
1,
#128396000
18
#128400000
0,
#128405000
1,
#128410000
0,
#128415000
1,
#128420000
0,
#128425000
1,
#128430000
0,
#128435000
1,
#128440000
0,
#128445000
1,
#128450000
0,
#128455000
1,
#128460000
0,
#128465000
1,
#128470000
0,
#128475000
1,
#128476000
08
b1111111111111111111111111 .
b11001 :
#128480000
0,
#128485000
1,
#128490000
0,
#128495000
1,
#128500000
0,
#128505000
1,
#128510000
0,
#128515000
1,
#128520000
0,
#128525000
1,
#128530000
0,
#128535000
1,
#128540000
0,
#128545000
1,
#128550000
0,
#128555000
1,
#128556000
18
#128560000
0,
#128565000
1,
#128570000
0,
#128575000
1,
#128580000
0,
#128585000
1,
#128590000
0,
#128595000
1,
#128600000
0,
#128605000
1,
#128610000
0,
#128615000
1,
#128620000
0,
#128625000
1,
#128630000
0,
#128635000
1,
#128636000
08
b11111111111111111111111111 .
b11010 :
#128640000
0,
#128645000
1,
#128650000
0,
#128655000
1,
#128660000
0,
#128665000
1,
#128670000
0,
#128675000
1,
#128680000
0,
#128685000
1,
#128690000
0,
#128695000
1,
#128700000
0,
#128705000
1,
#128710000
0,
#128715000
1,
#128716000
18
#128720000
0,
#128725000
1,
#128730000
0,
#128735000
1,
#128740000
0,
#128745000
1,
#128750000
0,
#128755000
1,
#128760000
0,
#128765000
1,
#128770000
0,
#128775000
1,
#128780000
0,
#128785000
1,
#128790000
0,
#128795000
1,
#128796000
08
b111111111111111111111111111 .
b11011 :
#128800000
0,
#128805000
1,
#128810000
0,
#128815000
1,
#128820000
0,
#128825000
1,
#128830000
0,
#128835000
1,
#128840000
0,
#128845000
1,
#128850000
0,
#128855000
1,
#128860000
0,
#128865000
1,
#128870000
0,
#128875000
1,
#128876000
18
#128880000
0,
#128885000
1,
#128890000
0,
#128895000
1,
#128900000
0,
#128905000
1,
#128910000
0,
#128915000
1,
#128920000
0,
#128925000
1,
#128930000
0,
#128935000
1,
#128940000
0,
#128945000
1,
#128950000
0,
#128955000
1,
#128956000
08
b1111111111111111111111111111 .
b11100 :
#128960000
0,
#128965000
1,
#128970000
0,
#128975000
1,
#128980000
0,
#128985000
1,
#128990000
0,
#128995000
1,
#129000000
0,
#129005000
1,
#129010000
0,
#129015000
1,
#129020000
0,
#129025000
1,
#129030000
0,
#129035000
1,
#129036000
18
#129040000
0,
#129045000
1,
#129050000
0,
#129055000
1,
#129060000
0,
#129065000
1,
#129070000
0,
#129075000
1,
#129080000
0,
#129085000
1,
#129090000
0,
#129095000
1,
#129100000
0,
#129105000
1,
#129110000
0,
#129115000
1,
#129116000
08
b11111111111111111111111111111 .
b11101 :
#129120000
0,
#129125000
1,
#129130000
0,
#129135000
1,
#129140000
0,
#129145000
1,
#129150000
0,
#129155000
1,
#129160000
0,
#129165000
1,
#129170000
0,
#129175000
1,
#129180000
0,
#129185000
1,
#129190000
0,
#129195000
1,
#129196000
18
#129200000
0,
#129205000
1,
#129210000
0,
#129215000
1,
#129220000
0,
#129225000
1,
#129230000
0,
#129235000
1,
#129240000
0,
#129245000
1,
#129250000
0,
#129255000
1,
#129260000
0,
#129265000
1,
#129270000
0,
#129275000
1,
#129276000
08
b111111111111111111111111111111 .
b11110 :
#129280000
0,
#129285000
1,
#129290000
0,
#129295000
1,
#129300000
0,
#129305000
1,
#129310000
0,
#129315000
1,
#129320000
0,
#129325000
1,
#129330000
0,
#129335000
1,
#129340000
0,
#129345000
1,
#129350000
0,
#129355000
1,
#129356000
18
#129360000
0,
#129365000
1,
#129370000
0,
#129375000
1,
#129380000
0,
#129385000
1,
#129390000
0,
#129395000
1,
#129400000
0,
#129405000
1,
#129410000
0,
#129415000
1,
#129420000
0,
#129425000
1,
#129430000
0,
#129435000
1,
#129436000
08
b1111111111111111111111111111111 .
b11111 :
#129440000
0,
#129445000
1,
#129450000
0,
#129455000
1,
#129460000
0,
#129465000
1,
#129470000
0,
#129475000
1,
#129480000
0,
#129485000
1,
#129490000
0,
#129495000
1,
#129500000
0,
#129505000
1,
#129510000
0,
#129515000
1,
#129516000
18
#129520000
0,
#129525000
1,
#129530000
0,
#129535000
1,
#129540000
0,
#129545000
1,
#129550000
0,
#129555000
1,
#129560000
0,
#129565000
1,
#129570000
0,
#129575000
1,
#129580000
0,
#129585000
1,
#129590000
0,
#129595000
1,
#129596000
08
b11111111111111111111111111111111 .
b100000 :
#129600000
0,
#129605000
1,
#129610000
0,
#129615000
1,
#129620000
0,
#129625000
1,
#129630000
0,
#129635000
1,
#129640000
0,
#129645000
1,
#129650000
0,
#129655000
1,
#129660000
0,
#129665000
1,
#129670000
0,
#129675000
1,
#129676000
18
#129680000
0,
#129685000
1,
#129690000
0,
#129695000
1,
#129700000
0,
#129705000
1,
#129710000
0,
#129715000
1,
#129720000
0,
#129725000
1,
#129730000
0,
#129735000
1,
#129740000
0,
#129745000
1,
#129750000
0,
#129755000
1,
#129756000
08
b111111111111111111111111111111111 .
b100001 :
#129760000
0,
#129765000
1,
#129770000
0,
#129775000
1,
#129780000
0,
#129785000
1,
#129790000
0,
#129795000
1,
#129800000
0,
#129805000
1,
#129810000
0,
#129815000
1,
#129820000
0,
#129825000
1,
#129830000
0,
#129835000
1,
#129836000
18
#129840000
0,
#129845000
1,
#129850000
0,
#129855000
1,
#129860000
0,
#129865000
1,
#129870000
0,
#129875000
1,
#129880000
0,
#129885000
1,
#129890000
0,
#129895000
1,
#129900000
0,
#129905000
1,
#129910000
0,
#129915000
1,
#129916000
08
b1111111111111111111111111111111111 .
b100010 :
#129920000
0,
#129925000
1,
#129930000
0,
#129935000
1,
#129940000
0,
#129945000
1,
#129950000
0,
#129955000
1,
#129960000
0,
#129965000
1,
#129970000
0,
#129975000
1,
#129980000
0,
#129985000
1,
#129990000
0,
#129995000
1,
#129996000
18
#130000000
0,
#130005000
1,
#130010000
0,
#130015000
1,
#130020000
0,
#130025000
1,
#130030000
0,
#130035000
1,
#130040000
0,
#130045000
1,
#130050000
0,
#130055000
1,
#130060000
0,
#130065000
1,
#130070000
0,
#130075000
1,
#130076000
08
b11111111111111111111111111111111111 .
b100011 :
#130080000
0,
#130085000
1,
#130090000
0,
#130095000
1,
#130100000
0,
#130105000
1,
#130110000
0,
#130115000
1,
#130120000
0,
#130125000
1,
#130130000
0,
#130135000
1,
#130140000
0,
#130145000
1,
#130150000
0,
#130155000
1,
#130156000
18
#130160000
0,
#130165000
1,
#130170000
0,
#130175000
1,
#130180000
0,
#130185000
1,
#130190000
0,
#130195000
1,
#130200000
0,
#130205000
1,
#130210000
0,
#130215000
1,
#130220000
0,
#130225000
1,
#130230000
0,
#130235000
1,
#130236000
08
b111111111111111111111111111111111111 .
b100100 :
#130240000
0,
#130245000
1,
#130250000
0,
#130255000
1,
#130260000
0,
#130265000
1,
#130270000
0,
#130275000
1,
#130280000
0,
#130285000
1,
#130290000
0,
#130295000
1,
#130300000
0,
#130305000
1,
#130310000
0,
#130315000
1,
#130316000
18
#130320000
0,
#130325000
1,
#130330000
0,
#130335000
1,
#130340000
0,
#130345000
1,
#130350000
0,
#130355000
1,
#130360000
0,
#130365000
1,
#130370000
0,
#130375000
1,
#130380000
0,
#130385000
1,
#130390000
0,
#130395000
1,
#130396000
08
b1111111111111111111111111111111111111 .
b100101 :
#130400000
0,
#130405000
1,
#130410000
0,
#130415000
1,
#130420000
0,
#130425000
1,
#130430000
0,
#130435000
1,
#130440000
0,
#130445000
1,
#130450000
0,
#130455000
1,
#130460000
0,
#130465000
1,
#130470000
0,
#130475000
1,
#130476000
18
#130480000
0,
#130485000
1,
#130490000
0,
#130495000
1,
#130500000
0,
#130505000
1,
#130510000
0,
#130515000
1,
#130520000
0,
#130525000
1,
#130530000
0,
#130535000
1,
#130540000
0,
#130545000
1,
#130550000
0,
#130555000
1,
#130556000
08
b11111111111111111111111111111111111111 .
b100110 :
#130560000
0,
#130565000
1,
#130570000
0,
#130575000
1,
#130580000
0,
#130585000
1,
#130590000
0,
#130595000
1,
#130600000
0,
#130605000
1,
#130610000
0,
#130615000
1,
#130620000
0,
#130625000
1,
#130630000
0,
#130635000
1,
#130636000
18
#130640000
0,
#130645000
1,
#130650000
0,
#130655000
1,
#130660000
0,
#130665000
1,
#130670000
0,
#130675000
1,
#130680000
0,
#130685000
1,
#130690000
0,
#130695000
1,
#130700000
0,
#130705000
1,
#130710000
0,
#130715000
1,
#130716000
08
b111111111111111111111111111111111111111 .
b100111 :
#130720000
0,
#130725000
1,
#130730000
0,
#130735000
1,
#130740000
0,
#130745000
1,
#130750000
0,
#130755000
1,
#130760000
0,
#130765000
1,
#130770000
0,
#130775000
1,
#130780000
0,
#130785000
1,
#130790000
0,
#130795000
1,
#130796000
18
#130800000
0,
#130805000
1,
#130810000
0,
#130815000
1,
#130820000
0,
#130825000
1,
#130830000
0,
#130835000
1,
#130840000
0,
#130845000
1,
#130850000
0,
#130855000
1,
#130860000
0,
#130865000
1,
#130870000
0,
#130875000
1,
#130876000
08
b1111111111111111111111111111111111111111 .
b101000 :
#130880000
0,
#130885000
1,
#130890000
0,
#130895000
1,
#130900000
0,
#130905000
1,
#130910000
0,
#130915000
1,
#130920000
0,
#130925000
1,
#130930000
0,
#130935000
1,
#130940000
0,
#130945000
1,
#130950000
0,
#130955000
1,
#130956000
18
#130960000
0,
#130965000
1,
#130970000
0,
#130975000
1,
#130980000
0,
#130985000
1,
#130990000
0,
#130995000
1,
#131000000
0,
#131005000
1,
#131010000
0,
#131015000
1,
#131020000
0,
#131025000
1,
#131030000
0,
#131035000
1,
#131036000
08
b11111111111111111111111111111111111111111 .
b101001 :
#131040000
0,
#131045000
1,
#131050000
0,
#131055000
1,
#131060000
0,
#131065000
1,
#131070000
0,
#131075000
1,
#131080000
0,
#131085000
1,
#131090000
0,
#131095000
1,
#131100000
0,
#131105000
1,
#131110000
0,
#131115000
1,
#131116000
18
#131120000
0,
#131125000
1,
#131130000
0,
#131135000
1,
#131140000
0,
#131145000
1,
#131150000
0,
#131155000
1,
#131160000
0,
#131165000
1,
#131170000
0,
#131175000
1,
#131180000
0,
#131185000
1,
#131190000
0,
#131195000
1,
#131196000
08
b111111111111111111111111111111111111111111 .
b101010 :
#131200000
0,
#131205000
1,
#131210000
0,
#131215000
1,
#131220000
0,
#131225000
1,
#131230000
0,
#131235000
1,
#131240000
0,
#131245000
1,
#131250000
0,
#131255000
1,
#131260000
0,
#131265000
1,
#131270000
0,
#131275000
1,
#131276000
18
#131280000
0,
#131285000
1,
#131290000
0,
#131295000
1,
#131300000
0,
#131305000
1,
#131310000
0,
#131315000
1,
#131320000
0,
#131325000
1,
#131330000
0,
#131335000
1,
#131340000
0,
#131345000
1,
#131350000
0,
#131355000
1,
#131356000
08
b1111111111111111111111111111111111111111111 .
b101011 :
#131360000
0,
#131365000
1,
#131370000
0,
#131375000
1,
#131380000
0,
#131385000
1,
#131390000
0,
#131395000
1,
#131400000
0,
#131405000
1,
#131410000
0,
#131415000
1,
#131420000
0,
#131425000
1,
#131430000
0,
#131435000
1,
#131436000
18
#131440000
0,
#131445000
1,
#131450000
0,
#131455000
1,
#131460000
0,
#131465000
1,
#131470000
0,
#131475000
1,
#131480000
0,
#131485000
1,
#131490000
0,
#131495000
1,
#131500000
0,
#131505000
1,
#131510000
0,
#131515000
1,
#131516000
08
b11111111111111111111111111111111111111111111 .
b101100 :
#131520000
0,
#131525000
1,
#131530000
0,
#131535000
1,
#131540000
0,
#131545000
1,
#131550000
0,
#131555000
1,
#131560000
0,
#131565000
1,
#131570000
0,
#131575000
1,
#131580000
0,
#131585000
1,
#131590000
0,
#131595000
1,
#131596000
18
#131600000
0,
#131605000
1,
#131610000
0,
#131615000
1,
#131620000
0,
#131625000
1,
#131630000
0,
#131635000
1,
#131640000
0,
#131645000
1,
#131650000
0,
#131655000
1,
#131660000
0,
#131665000
1,
#131670000
0,
#131675000
1,
#131676000
08
b111111111111111111111111111111111111111111111 .
b101101 :
#131680000
0,
#131685000
1,
#131690000
0,
#131695000
1,
#131700000
0,
#131705000
1,
#131710000
0,
#131715000
1,
#131720000
0,
#131725000
1,
#131730000
0,
#131735000
1,
#131740000
0,
#131745000
1,
#131750000
0,
#131755000
1,
#131756000
18
#131760000
0,
#131765000
1,
#131770000
0,
#131775000
1,
#131780000
0,
#131785000
1,
#131790000
0,
#131795000
1,
#131800000
0,
#131805000
1,
#131810000
0,
#131815000
1,
#131820000
0,
#131825000
1,
#131830000
0,
#131835000
1,
#131836000
08
b1111111111111111111111111111111111111111111111 .
b101110 :
#131840000
0,
#131845000
1,
#131850000
0,
#131855000
1,
#131860000
0,
#131865000
1,
#131870000
0,
#131875000
1,
#131880000
0,
#131885000
1,
#131890000
0,
#131895000
1,
#131900000
0,
#131905000
1,
#131910000
0,
#131915000
1,
#131916000
18
#131920000
0,
#131925000
1,
#131930000
0,
#131935000
1,
#131940000
0,
#131945000
1,
#131950000
0,
#131955000
1,
#131960000
0,
#131965000
1,
#131970000
0,
#131975000
1,
#131980000
0,
#131985000
1,
#131990000
0,
#131995000
1,
#131996000
08
b11111111111111111111111111111111111111111111111 .
b101111 :
#132000000
0,
#132005000
1,
#132010000
0,
#132015000
1,
#132020000
0,
#132025000
1,
#132030000
0,
#132035000
1,
#132040000
0,
#132045000
1,
#132050000
0,
#132055000
1,
#132060000
0,
#132065000
1,
#132070000
0,
#132075000
1,
#132076000
18
#132080000
0,
#132085000
1,
#132090000
0,
#132095000
1,
#132100000
0,
#132105000
1,
#132110000
0,
#132115000
1,
#132120000
0,
#132125000
1,
#132130000
0,
#132135000
1,
#132140000
0,
#132145000
1,
#132150000
0,
#132155000
1,
#132156000
08
b111111111111111111111111111111111111111111111111 .
b110000 :
#132160000
0,
#132165000
1,
#132170000
0,
#132175000
1,
#132180000
0,
#132185000
1,
#132190000
0,
#132195000
1,
#132200000
0,
#132205000
1,
#132210000
0,
#132215000
1,
#132220000
0,
#132225000
1,
#132230000
0,
#132235000
1,
#132236000
18
#132240000
0,
#132245000
1,
#132250000
0,
#132255000
1,
#132260000
0,
#132265000
1,
#132270000
0,
#132275000
1,
#132280000
0,
#132285000
1,
#132290000
0,
#132295000
1,
#132300000
0,
#132305000
1,
#132310000
0,
#132315000
1,
#132316000
b110001 :
#132320000
0,
#132325000
1,
#132330000
0,
#132335000
1,
#132340000
0,
#132345000
1,
#132350000
0,
#132355000
1,
#132360000
0,
#132365000
1,
#132370000
0,
#132375000
1,
#132380000
0,
#132385000
1,
#132390000
0,
#132395000
1,
#132396000
08
#132400000
0,
#132405000
1,
#132410000
0,
#132415000
1,
#132420000
0,
#132425000
1,
#132430000
0,
#132435000
1,
#132440000
0,
#132445000
1,
#132450000
0,
#132455000
1,
#132460000
0,
#132465000
1,
#132470000
0,
#132475000
1,
#132476000
18
b110010 :
#132480000
0,
#132485000
1,
#132490000
0,
#132495000
1,
#132500000
0,
#132505000
1,
#132510000
0,
#132515000
1,
#132520000
0,
#132525000
1,
#132530000
0,
#132535000
1,
#132540000
0,
#132545000
1,
#132550000
0,
#132555000
1,
#132556000
08
#132560000
0,
#132565000
1,
#132570000
0,
#132575000
1,
#132580000
0,
#132585000
1,
#132590000
0,
#132595000
1,
#132600000
0,
#132605000
1,
#132610000
0,
#132615000
1,
#132620000
0,
#132625000
1,
#132630000
0,
#132635000
1,
#132636000
18
b110011 :
#132640000
0,
#132645000
1,
#132650000
0,
#132655000
1,
#132660000
0,
#132665000
1,
#132670000
0,
#132675000
1,
#132680000
0,
#132685000
1,
#132690000
0,
#132695000
1,
#132700000
0,
#132705000
1,
#132710000
0,
#132715000
1,
#132716000
08
#132720000
0,
#132725000
1,
#132730000
0,
#132735000
1,
#132740000
0,
#132745000
1,
#132750000
0,
#132755000
1,
#132760000
0,
#132765000
1,
#132770000
0,
#132775000
1,
#132780000
0,
#132785000
1,
#132790000
0,
#132795000
1,
#132796000
18
b110100 :
#132800000
0,
#132805000
1,
#132810000
0,
#132815000
1,
#132820000
0,
#132825000
1,
#132830000
0,
#132835000
1,
#132840000
0,
#132845000
1,
#132850000
0,
#132855000
1,
#132860000
0,
#132865000
1,
#132870000
0,
#132875000
1,
#132876000
08
#132880000
0,
#132885000
1,
#132890000
0,
#132895000
1,
#132900000
0,
#132905000
1,
#132910000
0,
#132915000
1,
#132920000
0,
#132925000
1,
#132930000
0,
#132935000
1,
#132940000
0,
#132945000
1,
#132950000
0,
#132955000
1,
#132956000
18
b110101 :
#132960000
0,
#132965000
1,
#132970000
0,
#132975000
1,
#132980000
0,
#132985000
1,
#132990000
0,
#132995000
1,
#133000000
0,
#133005000
1,
#133010000
0,
#133015000
1,
#133020000
0,
#133025000
1,
#133030000
0,
#133035000
1,
#133036000
08
#133040000
0,
#133045000
1,
#133050000
0,
#133055000
1,
#133060000
0,
#133065000
1,
#133070000
0,
#133075000
1,
#133080000
0,
#133085000
1,
#133090000
0,
#133095000
1,
#133100000
0,
#133105000
1,
#133110000
0,
#133115000
1,
#133116000
18
b110110 :
#133120000
0,
#133125000
1,
#133130000
0,
#133135000
1,
#133140000
0,
#133145000
1,
#133150000
0,
#133155000
1,
#133160000
0,
#133165000
1,
#133170000
0,
#133175000
1,
#133180000
0,
#133185000
1,
#133190000
0,
#133195000
1,
#133196000
08
#133200000
0,
#133205000
1,
#133210000
0,
#133215000
1,
#133220000
0,
#133225000
1,
#133230000
0,
#133235000
1,
#133240000
0,
#133245000
1,
#133250000
0,
#133255000
1,
#133260000
0,
#133265000
1,
#133270000
0,
#133275000
1,
#133276000
b1000000111111111111111111111111111111111111111111111111 .
b110111 :
#133280000
0,
#133285000
1,
#133290000
0,
#133295000
1,
#133300000
0,
#133305000
1,
#133310000
0,
#133315000
1,
#133320000
0,
#133325000
1,
#133330000
0,
#133335000
1,
#133340000
0,
#133345000
1,
#133350000
0,
#133355000
1,
#133356000
18
#133360000
0,
#133365000
1,
#133370000
0,
#133375000
1,
#133380000
0,
#133385000
1,
#133390000
0,
#133395000
1,
#133400000
0,
#133405000
1,
#133410000
0,
#133415000
1,
#133420000
0,
#133425000
1,
#133430000
0,
#133435000
1,
#133436000
b111000 :
#133440000
0,
#133445000
1,
#133450000
0,
#133455000
1,
#133460000
0,
#133465000
1,
#133470000
0,
#133475000
1,
#133480000
0,
#133485000
1,
#133490000
0,
#133495000
1,
#133500000
0,
#133505000
1,
#133510000
0,
#133515000
1,
#133516000
08
#133520000
0,
#133525000
1,
#133530000
0,
#133535000
1,
#133540000
0,
#133545000
1,
#133550000
0,
#133555000
1,
#133560000
0,
#133565000
1,
#133570000
0,
#133575000
1,
#133580000
0,
#133585000
1,
#133590000
0,
#133595000
1,
#133596000
18
b111001 :
#133600000
0,
#133605000
1,
#133610000
0,
#133615000
1,
#133620000
0,
#133625000
1,
#133630000
0,
#133635000
1,
#133640000
0,
#133645000
1,
#133650000
0,
#133655000
1,
#133660000
0,
#133665000
1,
#133670000
0,
#133675000
1,
#133676000
08
#133680000
0,
#133685000
1,
#133690000
0,
#133695000
1,
#133700000
0,
#133705000
1,
#133710000
0,
#133715000
1,
#133720000
0,
#133725000
1,
#133730000
0,
#133735000
1,
#133740000
0,
#133745000
1,
#133750000
0,
#133755000
1,
#133756000
18
b111010 :
#133760000
0,
#133765000
1,
#133770000
0,
#133775000
1,
#133780000
0,
#133785000
1,
#133790000
0,
#133795000
1,
#133800000
0,
#133805000
1,
#133810000
0,
#133815000
1,
#133820000
0,
#133825000
1,
#133830000
0,
#133835000
1,
#133836000
08
#133840000
0,
#133845000
1,
#133850000
0,
#133855000
1,
#133860000
0,
#133865000
1,
#133870000
0,
#133875000
1,
#133880000
0,
#133885000
1,
#133890000
0,
#133895000
1,
#133900000
0,
#133905000
1,
#133910000
0,
#133915000
1,
#133916000
18
b111011 :
#133920000
0,
#133925000
1,
#133930000
0,
#133935000
1,
#133940000
0,
#133945000
1,
#133950000
0,
#133955000
1,
#133960000
0,
#133965000
1,
#133970000
0,
#133975000
1,
#133980000
0,
#133985000
1,
#133990000
0,
#133995000
1,
#133996000
08
#134000000
0,
#134005000
1,
#134010000
0,
#134015000
1,
#134020000
0,
#134025000
1,
#134030000
0,
#134035000
1,
#134040000
0,
#134045000
1,
#134050000
0,
#134055000
1,
#134060000
0,
#134065000
1,
#134070000
0,
#134075000
1,
#134076000
18
b111100 :
#134080000
0,
#134085000
1,
#134090000
0,
#134095000
1,
#134100000
0,
#134105000
1,
#134110000
0,
#134115000
1,
#134120000
0,
#134125000
1,
#134130000
0,
#134135000
1,
#134140000
0,
#134145000
1,
#134150000
0,
#134155000
1,
#134156000
08
#134160000
0,
#134165000
1,
#134170000
0,
#134175000
1,
#134180000
0,
#134185000
1,
#134190000
0,
#134195000
1,
#134200000
0,
#134205000
1,
#134210000
0,
#134215000
1,
#134220000
0,
#134225000
1,
#134230000
0,
#134235000
1,
#134236000
18
b111101 :
#134240000
0,
#134245000
1,
#134250000
0,
#134255000
1,
#134260000
0,
#134265000
1,
#134270000
0,
#134275000
1,
#134280000
0,
#134285000
1,
#134290000
0,
#134295000
1,
#134300000
0,
#134305000
1,
#134310000
0,
#134315000
1,
#134316000
08
#134320000
0,
#134325000
1,
#134330000
0,
#134335000
1,
#134340000
0,
#134345000
1,
#134350000
0,
#134355000
1,
#134360000
0,
#134365000
1,
#134370000
0,
#134375000
1,
#134380000
0,
#134385000
1,
#134390000
0,
#134395000
1,
#134396000
18
b111110 :
#134400000
0,
#134405000
1,
#134410000
0,
#134415000
1,
#134420000
0,
#134425000
1,
#134430000
0,
#134435000
1,
#134440000
0,
#134445000
1,
#134450000
0,
#134455000
1,
#134460000
0,
#134465000
1,
#134470000
0,
#134475000
1,
#134476000
08
#134480000
0,
#134485000
1,
#134490000
0,
#134495000
1,
#134500000
0,
#134505000
1,
#134510000
0,
#134515000
1,
#134520000
0,
#134525000
1,
#134530000
0,
#134535000
1,
#134540000
0,
#134545000
1,
#134550000
0,
#134555000
1,
#134556000
18
b111111 :
#134560000
0,
#134565000
1,
#134570000
0,
#134575000
1,
#134580000
0,
#134585000
1,
#134590000
0,
#134595000
1,
#134600000
0,
#134605000
1,
#134610000
0,
#134615000
1,
#134620000
0,
#134625000
1,
#134630000
0,
#134635000
1,
#134636000
08
#134640000
0,
#134645000
1,
#134650000
0,
#134655000
1,
#134660000
0,
#134665000
1,
#134670000
0,
#134675000
1,
#134680000
0,
#134685000
1,
#134690000
0,
#134695000
1,
#134700000
0,
#134705000
1,
#134710000
0,
#134715000
1,
#134716000
18
b1000000 :
#134720000
0,
#134725000
1,
#134730000
0,
#134735000
1,
#134740000
0,
#134745000
1,
#134750000
0,
#134755000
1,
#134760000
0,
#134765000
1,
#134770000
0,
#134775000
1,
#134780000
0,
#134785000
1,
#134790000
0,
#134795000
1,
#134796000
08
#134800000
0,
#134805000
1,
#134810000
0,
#134815000
1,
#134820000
0,
#134825000
1,
#134830000
0,
#134835000
1,
#134840000
0,
#134845000
1,
#134850000
0,
#134855000
1,
#134860000
0,
#134865000
1,
#134870000
0,
#134875000
1,
#134876000
18
b1000001 :
#134880000
0,
#134885000
1,
#134890000
0,
#134895000
1,
#134900000
0,
#134905000
1,
#134910000
0,
#134915000
1,
#134920000
0,
#134925000
1,
#134930000
0,
#134935000
1,
#134940000
0,
#134945000
1,
#134950000
0,
#134955000
1,
#134956000
08
#134960000
0,
#134965000
1,
#134970000
0,
#134975000
1,
#134980000
0,
#134985000
1,
#134990000
0,
#134995000
1,
#135000000
0,
#135005000
1,
#135010000
0,
#135015000
1,
#135020000
0,
#135025000
1,
#135030000
0,
#135035000
1,
#135036000
18
b1000010 :
#135040000
0,
#135045000
1,
#135050000
0,
#135055000
1,
#135060000
0,
#135065000
1,
#135070000
0,
#135075000
1,
#135080000
0,
#135085000
1,
#135090000
0,
#135095000
1,
#135100000
0,
#135105000
1,
#135110000
0,
#135115000
1,
#135116000
08
#135120000
0,
#135125000
1,
#135130000
0,
#135135000
1,
#135140000
0,
#135145000
1,
#135150000
0,
#135155000
1,
#135160000
0,
#135165000
1,
#135170000
0,
#135175000
1,
#135180000
0,
#135185000
1,
#135190000
0,
#135195000
1,
#135196000
18
b1000011 :
#135200000
0,
#135205000
1,
#135210000
0,
#135215000
1,
#135220000
0,
#135225000
1,
#135230000
0,
#135235000
1,
#135240000
0,
#135245000
1,
#135250000
0,
#135255000
1,
#135260000
0,
#135265000
1,
#135270000
0,
#135275000
1,
#135276000
08
#135280000
0,
#135285000
1,
#135290000
0,
#135295000
1,
#135300000
0,
#135305000
1,
#135310000
0,
#135315000
1,
#135320000
0,
#135325000
1,
#135330000
0,
#135335000
1,
#135340000
0,
#135345000
1,
#135350000
0,
#135355000
1,
#135356000
18
b1000100 :
#135360000
0,
#135365000
1,
#135370000
0,
#135375000
1,
#135380000
0,
#135385000
1,
#135390000
0,
#135395000
1,
#135400000
0,
#135405000
1,
#135410000
0,
#135415000
1,
#135420000
0,
#135425000
1,
#135430000
0,
#135435000
1,
#135436000
08
#135440000
0,
#135445000
1,
#135450000
0,
#135455000
1,
#135460000
0,
#135465000
1,
#135470000
0,
#135475000
1,
#135480000
0,
#135485000
1,
#135490000
0,
#135495000
1,
#135500000
0,
#135505000
1,
#135510000
0,
#135515000
1,
#135516000
18
b1000101 :
#135520000
0,
#135525000
1,
#135530000
0,
#135535000
1,
#135540000
0,
#135545000
1,
#135550000
0,
#135555000
1,
#135560000
0,
#135565000
1,
#135570000
0,
#135575000
1,
#135580000
0,
#135585000
1,
#135590000
0,
#135595000
1,
#135596000
08
#135600000
0,
#135605000
1,
#135610000
0,
#135615000
1,
#135620000
0,
#135625000
1,
#135630000
0,
#135635000
1,
#135640000
0,
#135645000
1,
#135650000
0,
#135655000
1,
#135660000
0,
#135665000
1,
#135670000
0,
#135675000
1,
#135676000
18
b1000110 :
#135680000
0,
#135685000
1,
#135690000
0,
#135695000
1,
#135700000
0,
#135705000
1,
#135710000
0,
#135715000
1,
#135720000
0,
#135725000
1,
#135730000
0,
#135735000
1,
#135740000
0,
#135745000
1,
#135750000
0,
#135755000
1,
#135756000
08
#135760000
0,
#135765000
1,
#135770000
0,
#135775000
1,
#135780000
0,
#135785000
1,
#135790000
0,
#135795000
1,
#135800000
0,
#135805000
1,
#135810000
0,
#135815000
1,
#135820000
0,
#135825000
1,
#135830000
0,
#135835000
1,
#135836000
18
b1000111 :
#135840000
0,
#135845000
1,
#135850000
0,
#135855000
1,
#135860000
0,
#135865000
1,
#135870000
0,
#135875000
1,
#135880000
0,
#135885000
1,
#135890000
0,
#135895000
1,
#135900000
0,
#135905000
1,
#135910000
0,
#135915000
1,
#135916000
08
#135920000
0,
#135925000
1,
#135930000
0,
#135935000
1,
#135940000
0,
#135945000
1,
#135950000
0,
#135955000
1,
#135960000
0,
#135965000
1,
#135970000
0,
#135975000
1,
#135980000
0,
#135985000
1,
#135990000
0,
#135995000
1,
#135996000
18
b1001000 :
#136000000
0,
#136005000
1,
#136010000
0,
#136015000
1,
#136020000
0,
#136025000
1,
#136030000
0,
#136035000
1,
#136040000
0,
#136045000
1,
#136050000
0,
#136055000
1,
#136060000
0,
#136065000
1,
#136070000
0,
#136075000
1,
#136076000
08
#136080000
0,
#136085000
1,
#136090000
0,
#136095000
1,
#136100000
0,
#136105000
1,
#136110000
0,
#136115000
1,
#136120000
0,
#136125000
1,
#136130000
0,
#136135000
1,
#136140000
0,
#136145000
1,
#136150000
0,
#136155000
1,
#136156000
18
b1001001 :
#136160000
0,
#136165000
1,
#136170000
0,
#136175000
1,
#136180000
0,
#136185000
1,
#136190000
0,
#136195000
1,
#136200000
0,
#136205000
1,
#136210000
0,
#136215000
1,
#136220000
0,
#136225000
1,
#136230000
0,
#136235000
1,
#136236000
08
#136240000
0,
#136245000
1,
#136250000
0,
#136255000
1,
#136260000
0,
#136265000
1,
#136270000
0,
#136275000
1,
#136280000
0,
#136285000
1,
#136290000
0,
#136295000
1,
#136300000
0,
#136305000
1,
#136310000
0,
#136315000
1,
#136316000
18
b1001010 :
#136320000
0,
#136325000
1,
#136330000
0,
#136335000
1,
#136340000
0,
#136345000
1,
#136350000
0,
#136355000
1,
#136360000
0,
#136365000
1,
#136370000
0,
#136375000
1,
#136380000
0,
#136385000
1,
#136390000
0,
#136395000
1,
#136396000
08
#136400000
0,
#136405000
1,
#136410000
0,
#136415000
1,
#136420000
0,
#136425000
1,
#136430000
0,
#136435000
1,
#136440000
0,
#136445000
1,
#136450000
0,
#136455000
1,
#136460000
0,
#136465000
1,
#136470000
0,
#136475000
1,
#136476000
18
b1001011 :
#136480000
0,
#136485000
1,
#136490000
0,
#136495000
1,
#136500000
0,
#136505000
1,
#136510000
0,
#136515000
1,
#136520000
0,
#136525000
1,
#136530000
0,
#136535000
1,
#136540000
0,
#136545000
1,
#136550000
0,
#136555000
1,
#136556000
08
#136560000
0,
#136565000
1,
#136570000
0,
#136575000
1,
#136580000
0,
#136585000
1,
#136590000
0,
#136595000
1,
#136600000
0,
#136605000
1,
#136610000
0,
#136615000
1,
#136620000
0,
#136625000
1,
#136630000
0,
#136635000
1,
#136636000
18
b1001100 :
#136640000
0,
#136645000
1,
#136650000
0,
#136655000
1,
#136660000
0,
#136665000
1,
#136670000
0,
#136675000
1,
#136680000
0,
#136685000
1,
#136690000
0,
#136695000
1,
#136700000
0,
#136705000
1,
#136710000
0,
#136715000
1,
#136716000
08
#136720000
0,
#136725000
1,
#136730000
0,
#136735000
1,
#136740000
0,
#136745000
1,
#136750000
0,
#136755000
1,
#136760000
0,
#136765000
1,
#136770000
0,
#136775000
1,
#136780000
0,
#136785000
1,
#136790000
0,
#136795000
1,
#136796000
18
b1001101 :
#136800000
0,
#136805000
1,
#136810000
0,
#136815000
1,
#136820000
0,
#136825000
1,
#136830000
0,
#136835000
1,
#136840000
0,
#136845000
1,
#136850000
0,
#136855000
1,
#136860000
0,
#136865000
1,
#136870000
0,
#136875000
1,
#136876000
08
#136880000
0,
#136885000
1,
#136890000
0,
#136895000
1,
#136900000
0,
#136905000
1,
#136910000
0,
#136915000
1,
#136920000
0,
#136925000
1,
#136930000
0,
#136935000
1,
#136940000
0,
#136945000
1,
#136950000
0,
#136955000
1,
#136956000
18
b1001110 :
#136960000
0,
#136965000
1,
#136970000
0,
#136975000
1,
#136980000
0,
#136985000
1,
#136990000
0,
#136995000
1,
#137000000
0,
#137005000
1,
#137010000
0,
#137015000
1,
#137020000
0,
#137025000
1,
#137030000
0,
#137035000
1,
#137036000
08
#137040000
0,
#137045000
1,
#137050000
0,
#137055000
1,
#137060000
0,
#137065000
1,
#137070000
0,
#137075000
1,
#137080000
0,
#137085000
1,
#137090000
0,
#137095000
1,
#137100000
0,
#137105000
1,
#137110000
0,
#137115000
1,
#137116000
18
b1001111 :
#137120000
0,
#137125000
1,
#137130000
0,
#137135000
1,
#137140000
0,
#137145000
1,
#137150000
0,
#137155000
1,
#137160000
0,
#137165000
1,
#137170000
0,
#137175000
1,
#137180000
0,
#137185000
1,
#137190000
0,
#137195000
1,
#137196000
08
#137200000
0,
#137205000
1,
#137210000
0,
#137215000
1,
#137220000
0,
#137225000
1,
#137230000
0,
#137235000
1,
#137240000
0,
#137245000
1,
#137250000
0,
#137255000
1,
#137260000
0,
#137265000
1,
#137270000
0,
#137275000
1,
#137276000
18
b1010000 :
#137280000
0,
#137285000
1,
#137290000
0,
#137295000
1,
#137300000
0,
#137305000
1,
#137310000
0,
#137315000
1,
#137320000
0,
#137325000
1,
#137330000
0,
#137335000
1,
#137340000
0,
#137345000
1,
#137350000
0,
#137355000
1,
#137356000
08
#137360000
0,
#137365000
1,
#137370000
0,
#137375000
1,
#137380000
0,
#137385000
1,
#137390000
0,
#137395000
1,
#137400000
0,
#137405000
1,
#137410000
0,
#137415000
1,
#137420000
0,
#137425000
1,
#137430000
0,
#137435000
1,
#137436000
18
b1010001 :
#137440000
0,
#137445000
1,
#137450000
0,
#137455000
1,
#137460000
0,
#137465000
1,
#137470000
0,
#137475000
1,
#137480000
0,
#137485000
1,
#137490000
0,
#137495000
1,
#137500000
0,
#137505000
1,
#137510000
0,
#137515000
1,
#137516000
08
#137520000
0,
#137525000
1,
#137530000
0,
#137535000
1,
#137540000
0,
#137545000
1,
#137550000
0,
#137555000
1,
#137560000
0,
#137565000
1,
#137570000
0,
#137575000
1,
#137580000
0,
#137585000
1,
#137590000
0,
#137595000
1,
#137596000
18
b1010010 :
#137600000
0,
#137605000
1,
#137610000
0,
#137615000
1,
#137620000
0,
#137625000
1,
#137630000
0,
#137635000
1,
#137640000
0,
#137645000
1,
#137650000
0,
#137655000
1,
#137660000
0,
#137665000
1,
#137670000
0,
#137675000
1,
#137676000
08
#137680000
0,
#137685000
1,
#137690000
0,
#137695000
1,
#137700000
0,
#137705000
1,
#137710000
0,
#137715000
1,
#137720000
0,
#137725000
1,
#137730000
0,
#137735000
1,
#137740000
0,
#137745000
1,
#137750000
0,
#137755000
1,
#137756000
18
b1010011 :
#137760000
0,
#137765000
1,
#137770000
0,
#137775000
1,
#137780000
0,
#137785000
1,
#137790000
0,
#137795000
1,
#137800000
0,
#137805000
1,
#137810000
0,
#137815000
1,
#137820000
0,
#137825000
1,
#137830000
0,
#137835000
1,
#137836000
08
#137840000
0,
#137845000
1,
#137850000
0,
#137855000
1,
#137860000
0,
#137865000
1,
#137870000
0,
#137875000
1,
#137880000
0,
#137885000
1,
#137890000
0,
#137895000
1,
#137900000
0,
#137905000
1,
#137910000
0,
#137915000
1,
#137916000
18
b1010100 :
#137920000
0,
#137925000
1,
#137930000
0,
#137935000
1,
#137940000
0,
#137945000
1,
#137950000
0,
#137955000
1,
#137960000
0,
#137965000
1,
#137970000
0,
#137975000
1,
#137980000
0,
#137985000
1,
#137990000
0,
#137995000
1,
#137996000
08
#138000000
0,
#138005000
1,
#138010000
0,
#138015000
1,
#138020000
0,
#138025000
1,
#138030000
0,
#138035000
1,
#138040000
0,
#138045000
1,
#138050000
0,
#138055000
1,
#138060000
0,
#138065000
1,
#138070000
0,
#138075000
1,
#138076000
18
b1010101 :
#138080000
0,
#138085000
1,
#138090000
0,
#138095000
1,
#138100000
0,
#138105000
1,
#138110000
0,
#138115000
1,
#138120000
0,
#138125000
1,
#138130000
0,
#138135000
1,
#138140000
0,
#138145000
1,
#138150000
0,
#138155000
1,
#138156000
08
#138160000
0,
#138165000
1,
#138170000
0,
#138175000
1,
#138180000
0,
#138185000
1,
#138190000
0,
#138195000
1,
#138200000
0,
#138205000
1,
#138210000
0,
#138215000
1,
#138220000
0,
#138225000
1,
#138230000
0,
#138235000
1,
#138236000
18
b1010110 :
#138240000
0,
#138245000
1,
#138250000
0,
#138255000
1,
#138260000
0,
#138265000
1,
#138270000
0,
#138275000
1,
#138280000
0,
#138285000
1,
#138290000
0,
#138295000
1,
#138300000
0,
#138305000
1,
#138310000
0,
#138315000
1,
#138316000
08
#138320000
0,
#138325000
1,
#138330000
0,
#138335000
1,
#138340000
0,
#138345000
1,
#138350000
0,
#138355000
1,
#138360000
0,
#138365000
1,
#138370000
0,
#138375000
1,
#138380000
0,
#138385000
1,
#138390000
0,
#138395000
1,
#138396000
18
b1010111 :
#138400000
0,
#138405000
1,
#138410000
0,
#138415000
1,
#138420000
0,
#138425000
1,
#138430000
0,
#138435000
1,
#138440000
0,
#138445000
1,
#138450000
0,
#138455000
1,
#138460000
0,
#138465000
1,
#138470000
0,
#138475000
1,
#138476000
08
#138480000
0,
#138485000
1,
#138490000
0,
#138495000
1,
#138500000
0,
#138505000
1,
#138510000
0,
#138515000
1,
#138520000
0,
#138525000
1,
#138530000
0,
#138535000
1,
#138540000
0,
#138545000
1,
#138550000
0,
#138555000
1,
#138556000
18
b1011000 :
#138560000
0,
#138565000
1,
#138570000
0,
#138575000
1,
#138580000
0,
#138585000
1,
#138590000
0,
#138595000
1,
#138600000
0,
#138605000
1,
#138610000
0,
#138615000
1,
#138620000
0,
#138625000
1,
#138630000
0,
#138635000
1,
#138636000
08
#138640000
0,
#138645000
1,
#138650000
0,
#138655000
1,
#138660000
0,
#138665000
1,
#138670000
0,
#138675000
1,
#138680000
0,
#138685000
1,
#138690000
0,
#138695000
1,
#138700000
0,
#138705000
1,
#138710000
0,
#138715000
1,
#138716000
18
b1011001 :
#138720000
0,
#138725000
1,
#138730000
0,
#138735000
1,
#138740000
0,
#138745000
1,
#138750000
0,
#138755000
1,
#138760000
0,
#138765000
1,
#138770000
0,
#138775000
1,
#138780000
0,
#138785000
1,
#138790000
0,
#138795000
1,
#138796000
08
#138800000
0,
#138805000
1,
#138810000
0,
#138815000
1,
#138820000
0,
#138825000
1,
#138830000
0,
#138835000
1,
#138840000
0,
#138845000
1,
#138850000
0,
#138855000
1,
#138860000
0,
#138865000
1,
#138870000
0,
#138875000
1,
#138876000
18
b1011010 :
#138880000
0,
#138885000
1,
#138890000
0,
#138895000
1,
#138900000
0,
#138905000
1,
#138910000
0,
#138915000
1,
#138920000
0,
#138925000
1,
#138930000
0,
#138935000
1,
#138940000
0,
#138945000
1,
#138950000
0,
#138955000
1,
#138956000
08
#138960000
0,
#138965000
1,
#138970000
0,
#138975000
1,
#138980000
0,
#138985000
1,
#138990000
0,
#138995000
1,
#139000000
0,
#139005000
1,
#139010000
0,
#139015000
1,
#139020000
0,
#139025000
1,
#139030000
0,
#139035000
1,
#139036000
18
b1011011 :
#139040000
0,
#139045000
1,
#139050000
0,
#139055000
1,
#139060000
0,
#139065000
1,
#139070000
0,
#139075000
1,
#139080000
0,
#139085000
1,
#139090000
0,
#139095000
1,
#139100000
0,
#139105000
1,
#139110000
0,
#139115000
1,
#139116000
08
#139120000
0,
#139125000
1,
#139130000
0,
#139135000
1,
#139140000
0,
#139145000
1,
#139150000
0,
#139155000
1,
#139160000
0,
#139165000
1,
#139170000
0,
#139175000
1,
#139180000
0,
#139185000
1,
#139190000
0,
#139195000
1,
#139196000
18
b1011100 :
#139200000
0,
#139205000
1,
#139210000
0,
#139215000
1,
#139220000
0,
#139225000
1,
#139230000
0,
#139235000
1,
#139240000
0,
#139245000
1,
#139250000
0,
#139255000
1,
#139260000
0,
#139265000
1,
#139270000
0,
#139275000
1,
#139276000
08
#139280000
0,
#139285000
1,
#139290000
0,
#139295000
1,
#139300000
0,
#139305000
1,
#139310000
0,
#139315000
1,
#139320000
0,
#139325000
1,
#139330000
0,
#139335000
1,
#139340000
0,
#139345000
1,
#139350000
0,
#139355000
1,
#139356000
18
b1011101 :
#139360000
0,
#139365000
1,
#139370000
0,
#139375000
1,
#139380000
0,
#139385000
1,
#139390000
0,
#139395000
1,
#139400000
0,
#139405000
1,
#139410000
0,
#139415000
1,
#139420000
0,
#139425000
1,
#139430000
0,
#139435000
1,
#139436000
08
#139440000
0,
#139445000
1,
#139450000
0,
#139455000
1,
#139460000
0,
#139465000
1,
#139470000
0,
#139475000
1,
#139480000
0,
#139485000
1,
#139490000
0,
#139495000
1,
#139500000
0,
#139505000
1,
#139510000
0,
#139515000
1,
#139516000
18
b1011110 :
#139520000
0,
#139525000
1,
#139530000
0,
#139535000
1,
#139540000
0,
#139545000
1,
#139550000
0,
#139555000
1,
#139560000
0,
#139565000
1,
#139570000
0,
#139575000
1,
#139580000
0,
#139585000
1,
#139590000
0,
#139595000
1,
#139596000
08
#139600000
0,
#139605000
1,
#139610000
0,
#139615000
1,
#139620000
0,
#139625000
1,
#139630000
0,
#139635000
1,
#139640000
0,
#139645000
1,
#139650000
0,
#139655000
1,
#139660000
0,
#139665000
1,
#139670000
0,
#139675000
1,
#139676000
18
b1011111 :
#139680000
0,
#139685000
1,
#139690000
0,
#139695000
1,
#139700000
0,
#139705000
1,
#139710000
0,
#139715000
1,
#139720000
0,
#139725000
1,
#139730000
0,
#139735000
1,
#139740000
0,
#139745000
1,
#139750000
0,
#139755000
1,
#139756000
08
#139760000
0,
#139765000
1,
#139770000
0,
#139775000
1,
#139780000
0,
#139785000
1,
#139790000
0,
#139795000
1,
#139800000
0,
#139805000
1,
#139810000
0,
#139815000
1,
#139820000
0,
#139825000
1,
#139830000
0,
#139835000
1,
#139836000
18
b1100000 :
#139840000
0,
#139845000
1,
#139850000
0,
#139855000
1,
#139860000
0,
#139865000
1,
#139870000
0,
#139875000
1,
#139880000
0,
#139885000
1,
#139890000
0,
#139895000
1,
#139900000
0,
#139905000
1,
#139910000
0,
#139915000
1,
#139916000
08
#139920000
0,
#139925000
1,
#139930000
0,
#139935000
1,
#139940000
0,
#139945000
1,
#139950000
0,
#139955000
1,
#139960000
0,
#139965000
1,
#139970000
0,
#139975000
1,
#139980000
0,
#139985000
1,
#139990000
0,
#139995000
1,
#139996000
18
b1100001 :
#140000000
0,
#140005000
1,
#140010000
0,
#140015000
1,
#140020000
0,
#140025000
1,
#140030000
0,
#140035000
1,
#140040000
0,
#140045000
1,
#140050000
0,
#140055000
1,
#140060000
0,
#140065000
1,
#140070000
0,
#140075000
1,
#140076000
08
#140080000
0,
#140085000
1,
#140090000
0,
#140095000
1,
#140100000
0,
#140105000
1,
#140110000
0,
#140115000
1,
#140120000
0,
#140125000
1,
#140130000
0,
#140135000
1,
#140140000
0,
#140145000
1,
#140150000
0,
#140155000
1,
#140156000
18
b1100010 :
#140160000
0,
#140165000
1,
#140170000
0,
#140175000
1,
#140180000
0,
#140185000
1,
#140190000
0,
#140195000
1,
#140200000
0,
#140205000
1,
#140210000
0,
#140215000
1,
#140220000
0,
#140225000
1,
#140230000
0,
#140235000
1,
#140236000
08
#140240000
0,
#140245000
1,
#140250000
0,
#140255000
1,
#140260000
0,
#140265000
1,
#140270000
0,
#140275000
1,
#140280000
0,
#140285000
1,
#140290000
0,
#140295000
1,
#140300000
0,
#140305000
1,
#140310000
0,
#140315000
1,
#140316000
18
b1100011 :
#140320000
0,
#140325000
1,
#140330000
0,
#140335000
1,
#140340000
0,
#140345000
1,
#140350000
0,
#140355000
1,
#140360000
0,
#140365000
1,
#140370000
0,
#140375000
1,
#140380000
0,
#140385000
1,
#140390000
0,
#140395000
1,
#140396000
08
#140400000
0,
#140405000
1,
#140410000
0,
#140415000
1,
#140420000
0,
#140425000
1,
#140430000
0,
#140435000
1,
#140440000
0,
#140445000
1,
#140450000
0,
#140455000
1,
#140460000
0,
#140465000
1,
#140470000
0,
#140475000
1,
#140476000
18
b1100100 :
#140480000
0,
#140485000
1,
#140490000
0,
#140495000
1,
#140500000
0,
#140505000
1,
#140510000
0,
#140515000
1,
#140520000
0,
#140525000
1,
#140530000
0,
#140535000
1,
#140540000
0,
#140545000
1,
#140550000
0,
#140555000
1,
#140556000
08
#140560000
0,
#140565000
1,
#140570000
0,
#140575000
1,
#140580000
0,
#140585000
1,
#140590000
0,
#140595000
1,
#140600000
0,
#140605000
1,
#140610000
0,
#140615000
1,
#140620000
0,
#140625000
1,
#140630000
0,
#140635000
1,
#140636000
18
b1100101 :
#140640000
0,
#140645000
1,
#140650000
0,
#140655000
1,
#140660000
0,
#140665000
1,
#140670000
0,
#140675000
1,
#140680000
0,
#140685000
1,
#140690000
0,
#140695000
1,
#140700000
0,
#140705000
1,
#140710000
0,
#140715000
1,
#140716000
08
#140720000
0,
#140725000
1,
#140730000
0,
#140735000
1,
#140740000
0,
#140745000
1,
#140750000
0,
#140755000
1,
#140760000
0,
#140765000
1,
#140770000
0,
#140775000
1,
#140780000
0,
#140785000
1,
#140790000
0,
#140795000
1,
#140796000
18
b1100110 :
#140800000
0,
#140805000
1,
#140810000
0,
#140815000
1,
#140820000
0,
#140825000
1,
#140830000
0,
#140835000
1,
#140840000
0,
#140845000
1,
#140850000
0,
#140855000
1,
#140860000
0,
#140865000
1,
#140870000
0,
#140875000
1,
#140876000
08
#140880000
0,
#140885000
1,
#140890000
0,
#140895000
1,
#140900000
0,
#140905000
1,
#140910000
0,
#140915000
1,
#140920000
0,
#140925000
1,
#140930000
0,
#140935000
1,
#140940000
0,
#140945000
1,
#140950000
0,
#140955000
1,
#140956000
18
b1100111 :
#140960000
0,
#140965000
1,
#140970000
0,
#140975000
1,
#140980000
0,
#140985000
1,
#140990000
0,
#140995000
1,
#141000000
0,
#141005000
1,
#141010000
0,
#141015000
1,
#141020000
0,
#141025000
1,
#141030000
0,
#141035000
1,
#141036000
08
#141040000
0,
#141045000
1,
#141050000
0,
#141055000
1,
#141060000
0,
#141065000
1,
#141070000
0,
#141075000
1,
#141080000
0,
#141085000
1,
#141090000
0,
#141095000
1,
#141100000
0,
#141105000
1,
#141110000
0,
#141115000
1,
#141116000
18
b1101000 :
#141120000
0,
#141125000
1,
#141130000
0,
#141135000
1,
#141140000
0,
#141145000
1,
#141150000
0,
#141155000
1,
#141160000
0,
#141165000
1,
#141170000
0,
#141175000
1,
#141180000
0,
#141185000
1,
#141190000
0,
#141195000
1,
#141196000
08
#141200000
0,
#141205000
1,
#141210000
0,
#141215000
1,
#141220000
0,
#141225000
1,
#141230000
0,
#141235000
1,
#141240000
0,
#141245000
1,
#141250000
0,
#141255000
1,
#141260000
0,
#141265000
1,
#141270000
0,
#141275000
1,
#141276000
18
b1101001 :
#141280000
0,
#141285000
1,
#141290000
0,
#141295000
1,
#141300000
0,
#141305000
1,
#141310000
0,
#141315000
1,
#141320000
0,
#141325000
1,
#141330000
0,
#141335000
1,
#141340000
0,
#141345000
1,
#141350000
0,
#141355000
1,
#141356000
08
#141360000
0,
#141365000
1,
#141370000
0,
#141375000
1,
#141380000
0,
#141385000
1,
#141390000
0,
#141395000
1,
#141400000
0,
#141405000
1,
#141410000
0,
#141415000
1,
#141420000
0,
#141425000
1,
#141430000
0,
#141435000
1,
#141436000
18
b1101010 :
#141440000
0,
#141445000
1,
#141450000
0,
#141455000
1,
#141460000
0,
#141465000
1,
#141470000
0,
#141475000
1,
#141480000
0,
#141485000
1,
#141490000
0,
#141495000
1,
#141500000
0,
#141505000
1,
#141510000
0,
#141515000
1,
#141516000
08
#141520000
0,
#141525000
1,
#141530000
0,
#141535000
1,
#141540000
0,
#141545000
1,
#141550000
0,
#141555000
1,
#141560000
0,
#141565000
1,
#141570000
0,
#141575000
1,
#141580000
0,
#141585000
1,
#141590000
0,
#141595000
1,
#141596000
18
b1101011 :
#141600000
0,
#141605000
1,
#141610000
0,
#141615000
1,
#141620000
0,
#141625000
1,
#141630000
0,
#141635000
1,
#141640000
0,
#141645000
1,
#141650000
0,
#141655000
1,
#141660000
0,
#141665000
1,
#141670000
0,
#141675000
1,
#141676000
08
#141680000
0,
#141685000
1,
#141690000
0,
#141695000
1,
#141700000
0,
#141705000
1,
#141710000
0,
#141715000
1,
#141720000
0,
#141725000
1,
#141730000
0,
#141735000
1,
#141740000
0,
#141745000
1,
#141750000
0,
#141755000
1,
#141756000
18
b1101100 :
#141760000
0,
#141765000
1,
#141770000
0,
#141775000
1,
#141780000
0,
#141785000
1,
#141790000
0,
#141795000
1,
#141800000
0,
#141805000
1,
#141810000
0,
#141815000
1,
#141820000
0,
#141825000
1,
#141830000
0,
#141835000
1,
#141836000
08
#141840000
0,
#141845000
1,
#141850000
0,
#141855000
1,
#141860000
0,
#141865000
1,
#141870000
0,
#141875000
1,
#141880000
0,
#141885000
1,
#141890000
0,
#141895000
1,
#141900000
0,
#141905000
1,
#141910000
0,
#141915000
1,
#141916000
18
b1101101 :
#141920000
0,
#141925000
1,
#141930000
0,
#141935000
1,
#141940000
0,
#141945000
1,
#141950000
0,
#141955000
1,
#141960000
0,
#141965000
1,
#141970000
0,
#141975000
1,
#141980000
0,
#141985000
1,
#141990000
0,
#141995000
1,
#141996000
08
#142000000
0,
#142005000
1,
#142010000
0,
#142015000
1,
#142020000
0,
#142025000
1,
#142030000
0,
#142035000
1,
#142040000
0,
#142045000
1,
#142050000
0,
#142055000
1,
#142060000
0,
#142065000
1,
#142070000
0,
#142075000
1,
#142076000
b10000000000000000000000000000000000000000000000000000001000000111111111111111111111111111111111111111111111111 .
b1101110 :
#142080000
0,
#142085000
1,
#142090000
0,
#142095000
1,
#142100000
0,
#142105000
1,
#142110000
0,
#142115000
1,
#142120000
0,
#142125000
1,
#142130000
0,
#142135000
1,
#142140000
0,
#142145000
1,
#142150000
0,
#142155000
1,
#142156000
18
#142160000
0,
#142165000
1,
#142170000
0,
#142175000
1,
#142180000
0,
#142185000
1,
#142190000
0,
#142195000
1,
#142200000
0,
#142205000
1,
#142210000
0,
#142215000
1,
#142220000
0,
#142225000
1,
#142230000
0,
#142235000
1,
#142236000
b1101111 :
#142240000
0,
#142245000
1,
#142250000
0,
#142255000
1,
#142260000
0,
#142265000
1,
#142270000
0,
#142275000
1,
#142280000
0,
#142285000
1,
#142290000
0,
#142295000
1,
#142300000
0,
#142305000
1,
#142310000
0,
#142315000
1,
#142316000
08
#142320000
0,
#142325000
1,
#142330000
0,
#142335000
1,
#142340000
0,
#142345000
1,
#142350000
0,
#142355000
1,
#142360000
0,
#142365000
1,
#142370000
0,
#142375000
1,
#142380000
0,
#142385000
1,
#142390000
0,
#142395000
1,
#142396000
18
b1110000 :
#142400000
0,
#142405000
1,
#142410000
0,
#142415000
1,
#142420000
0,
#142425000
1,
#142430000
0,
#142435000
1,
#142440000
0,
#142445000
1,
#142450000
0,
#142455000
1,
#142460000
0,
#142465000
1,
#142470000
0,
#142475000
1,
#142476000
08
#142480000
0,
#142485000
1,
#142490000
0,
#142495000
1,
#142500000
0,
#142505000
1,
#142510000
0,
#142515000
1,
#142520000
0,
#142525000
1,
#142530000
0,
#142535000
1,
#142540000
0,
#142545000
1,
#142550000
0,
#142555000
1,
#142560000
0,
#142565000
1,
#142566000
03
05
12
17
b10000000000000000000000000000001 4
b10000000000000000000000000000001 <
#142570000
0,
#142575000
b11111 >
1#
b0 J
b10000000000000000000000000000001 L
1&
b11111 H
b0 D
b0 I
1,
#142576000
b10010000000000000000000000000000000000000000000000000000001000000111111111111111111111111111111111111111111111111 .
b1110001 :
02
07
#142580000
0,
#142585000
1,
#142590000
0,
#142595000
1,
#142600000
0,
#142605000
1,
#142610000
0,
#142615000
1,
#142620000
0,
#142625000
1,
#142630000
0,
#142635000
1,
#142640000
0,
#142645000
1,
#142650000
0,
#142655000
1,
#142656000
18
#142660000
0,
#142665000
1,
#142670000
0,
#142675000
1,
#142680000
0,
#142685000
1,
#142690000
0,
#142695000
1,
#142700000
0,
#142705000
1,
#142710000
0,
#142715000
1,
#142720000
0,
#142725000
1,
#142730000
0,
#142735000
1,
#142736000
1*
#142740000
0,
#142745000
0!
b11110 >
b11110 H
b1 D
b10000000000000000000000000000000 I
b1 J
1,
#142746000
b1110010 :
01
0*
#142750000
0,
#142755000
1,
#142760000
0,
#142765000
1,
#142770000
0,
#142775000
1,
#142780000
0,
#142785000
1,
#142790000
0,
#142795000
1,
#142800000
0,
#142805000
1,
#142810000
0,
#142815000
1,
#142820000
0,
#142825000
1,
#142826000
08
#142830000
0,
#142835000
1,
#142840000
0,
#142845000
1,
#142850000
0,
#142855000
1,
#142860000
0,
#142865000
1,
#142870000
0,
#142875000
1,
#142880000
0,
#142885000
1,
#142890000
0,
#142895000
1,
#142900000
0,
#142905000
1,
#142906000
1*
#142910000
0,
#142915000
b11101 >
b10 J
b11101 H
b10 D
1,
#142916000
18
b1110011 :
0*
#142920000
0,
#142925000
1,
#142930000
0,
#142935000
1,
#142940000
0,
#142945000
1,
#142950000
0,
#142955000
1,
#142960000
0,
#142965000
1,
#142970000
0,
#142975000
1,
#142980000
0,
#142985000
1,
#142990000
0,
#142995000
1,
#142996000
08
#143000000
0,
#143005000
1,
#143010000
0,
#143015000
1,
#143020000
0,
#143025000
1,
#143030000
0,
#143035000
1,
#143040000
0,
#143045000
1,
#143050000
0,
#143055000
1,
#143060000
0,
#143065000
1,
#143070000
0,
#143075000
1,
#143076000
1*
#143080000
0,
#143085000
b11100 >
b11100 H
b11 D
b11 J
1,
#143086000
18
b1110100 :
0*
#143090000
0,
#143095000
1,
#143100000
0,
#143105000
1,
#143110000
0,
#143115000
1,
#143120000
0,
#143125000
1,
#143130000
0,
#143135000
1,
#143140000
0,
#143145000
1,
#143150000
0,
#143155000
1,
#143160000
0,
#143165000
1,
#143166000
08
#143170000
0,
#143175000
1,
#143180000
0,
#143185000
1,
#143190000
0,
#143195000
1,
#143200000
0,
#143205000
1,
#143210000
0,
#143215000
1,
#143220000
0,
#143225000
1,
#143230000
0,
#143235000
1,
#143240000
0,
#143245000
1,
#143246000
1*
#143250000
0,
#143255000
b11011 >
b100 J
b11011 H
b100 D
1,
#143256000
18
b1110101 :
0*
#143260000
0,
#143265000
1,
#143270000
0,
#143275000
1,
#143280000
0,
#143285000
1,
#143290000
0,
#143295000
1,
#143300000
0,
#143305000
1,
#143310000
0,
#143315000
1,
#143320000
0,
#143325000
1,
#143330000
0,
#143335000
1,
#143336000
08
#143340000
0,
#143345000
1,
#143350000
0,
#143355000
1,
#143360000
0,
#143365000
1,
#143370000
0,
#143375000
1,
#143380000
0,
#143385000
1,
#143390000
0,
#143395000
1,
#143400000
0,
#143405000
1,
#143410000
0,
#143415000
1,
#143416000
1*
#143420000
0,
#143425000
b11010 >
b11010 H
b101 D
b101 J
1,
#143426000
18
b1110110 :
0*
#143430000
0,
#143435000
1,
#143440000
0,
#143445000
1,
#143450000
0,
#143455000
1,
#143460000
0,
#143465000
1,
#143470000
0,
#143475000
1,
#143480000
0,
#143485000
1,
#143490000
0,
#143495000
1,
#143500000
0,
#143505000
1,
#143506000
08
#143510000
0,
#143515000
1,
#143520000
0,
#143525000
1,
#143530000
0,
#143535000
1,
#143540000
0,
#143545000
1,
#143550000
0,
#143555000
1,
#143560000
0,
#143565000
1,
#143570000
0,
#143575000
1,
#143580000
0,
#143585000
1,
#143586000
1*
#143590000
0,
#143595000
b11001 >
b110 J
b11001 H
b110 D
1,
#143596000
18
b1110111 :
0*
#143600000
0,
#143605000
1,
#143610000
0,
#143615000
1,
#143620000
0,
#143625000
1,
#143630000
0,
#143635000
1,
#143640000
0,
#143645000
1,
#143650000
0,
#143655000
1,
#143660000
0,
#143665000
1,
#143670000
0,
#143675000
1,
#143676000
08
#143680000
0,
#143685000
1,
#143690000
0,
#143695000
1,
#143700000
0,
#143705000
1,
#143710000
0,
#143715000
1,
#143720000
0,
#143725000
1,
#143730000
0,
#143735000
1,
#143740000
0,
#143745000
1,
#143750000
0,
#143755000
1,
#143756000
1*
#143760000
0,
#143765000
b11000 >
b11000 H
b111 D
b111 J
1,
#143766000
18
b1111000 :
0*
#143770000
0,
#143775000
1,
#143780000
0,
#143785000
1,
#143790000
0,
#143795000
1,
#143800000
0,
#143805000
1,
#143810000
0,
#143815000
1,
#143820000
0,
#143825000
1,
#143830000
0,
#143835000
1,
#143840000
0,
#143845000
1,
#143846000
08
#143850000
0,
#143855000
1,
#143860000
0,
#143865000
1,
#143870000
0,
#143875000
1,
#143880000
0,
#143885000
1,
#143890000
0,
#143895000
1,
#143900000
0,
#143905000
1,
#143910000
0,
#143915000
1,
#143920000
0,
#143925000
1,
#143926000
1*
#143930000
0,
#143935000
b10111 >
b1000 J
b10111 H
b1000 D
1,
#143936000
18
b1111001 :
0*
#143940000
0,
#143945000
1,
#143950000
0,
#143955000
1,
#143960000
0,
#143965000
1,
#143970000
0,
#143975000
1,
#143980000
0,
#143985000
1,
#143990000
0,
#143995000
1,
#144000000
0,
#144005000
1,
#144010000
0,
#144015000
1,
#144016000
08
#144020000
0,
#144025000
1,
#144030000
0,
#144035000
1,
#144040000
0,
#144045000
1,
#144050000
0,
#144055000
1,
#144060000
0,
#144065000
1,
#144070000
0,
#144075000
1,
#144080000
0,
#144085000
1,
#144090000
0,
#144095000
1,
#144096000
1*
#144100000
0,
#144105000
b10110 >
b10110 H
b1001 D
b1001 J
1,
#144106000
18
b1111010 :
0*
#144110000
0,
#144115000
1,
#144120000
0,
#144125000
1,
#144130000
0,
#144135000
1,
#144140000
0,
#144145000
1,
#144150000
0,
#144155000
1,
#144160000
0,
#144165000
1,
#144170000
0,
#144175000
1,
#144180000
0,
#144185000
1,
#144186000
08
#144190000
0,
#144195000
1,
#144200000
0,
#144205000
1,
#144210000
0,
#144215000
1,
#144220000
0,
#144225000
1,
#144230000
0,
#144235000
1,
#144240000
0,
#144245000
1,
#144250000
0,
#144255000
1,
#144260000
0,
#144265000
1,
#144266000
1*
#144270000
0,
#144275000
b10101 >
b1010 J
b10101 H
b1010 D
1,
#144276000
18
b1111011 :
0*
#144280000
0,
#144285000
1,
#144290000
0,
#144295000
1,
#144300000
0,
#144305000
1,
#144310000
0,
#144315000
1,
#144320000
0,
#144325000
1,
#144330000
0,
#144335000
1,
#144340000
0,
#144345000
1,
#144350000
0,
#144355000
1,
#144356000
08
#144360000
0,
#144365000
1,
#144370000
0,
#144375000
1,
#144380000
0,
#144385000
1,
#144390000
0,
#144395000
1,
#144400000
0,
#144405000
1,
#144410000
0,
#144415000
1,
#144420000
0,
#144425000
1,
#144430000
0,
#144435000
1,
#144436000
1*
#144440000
0,
#144445000
b10100 >
b10100 H
b1011 D
b1011 J
1,
#144446000
18
b1111100 :
0*
#144450000
0,
#144455000
1,
#144460000
0,
#144465000
1,
#144470000
0,
#144475000
1,
#144480000
0,
#144485000
1,
#144490000
0,
#144495000
1,
#144500000
0,
#144505000
1,
#144510000
0,
#144515000
1,
#144520000
0,
#144525000
1,
#144526000
08
#144530000
0,
#144535000
1,
#144540000
0,
#144545000
1,
#144550000
0,
#144555000
1,
#144560000
0,
#144565000
1,
#144570000
0,
#144575000
1,
#144580000
0,
#144585000
1,
#144590000
0,
#144595000
1,
#144600000
0,
#144605000
1,
#144606000
1*
#144610000
0,
#144615000
b10011 >
b1100 J
b10011 H
b1100 D
1,
#144616000
18
b1111101 :
0*
#144620000
0,
#144625000
1,
#144630000
0,
#144635000
1,
#144640000
0,
#144645000
1,
#144650000
0,
#144655000
1,
#144660000
0,
#144665000
1,
#144670000
0,
#144675000
1,
#144680000
0,
#144685000
1,
#144690000
0,
#144695000
1,
#144696000
08
#144700000
0,
#144705000
1,
#144710000
0,
#144715000
1,
#144720000
0,
#144725000
1,
#144730000
0,
#144735000
1,
#144740000
0,
#144745000
1,
#144750000
0,
#144755000
1,
#144760000
0,
#144765000
1,
#144770000
0,
#144775000
1,
#144776000
1*
#144780000
0,
#144785000
b10010 >
b10010 H
b1101 D
b1101 J
1,
#144786000
18
b1111110 :
0*
#144790000
0,
#144795000
1,
#144800000
0,
#144805000
1,
#144810000
0,
#144815000
1,
#144820000
0,
#144825000
1,
#144830000
0,
#144835000
1,
#144840000
0,
#144845000
1,
#144850000
0,
#144855000
1,
#144860000
0,
#144865000
1,
#144866000
08
#144870000
0,
#144875000
1,
#144880000
0,
#144885000
1,
#144890000
0,
#144895000
1,
#144900000
0,
#144905000
1,
#144910000
0,
#144915000
1,
#144920000
0,
#144925000
1,
#144930000
0,
#144935000
1,
#144940000
0,
#144945000
1,
#144946000
1*
#144950000
0,
#144955000
b10001 >
b1110 J
b10001 H
b1110 D
1,
#144956000
18
b1111111 :
0*
#144960000
0,
#144965000
1,
#144970000
0,
#144975000
1,
#144980000
0,
#144985000
1,
#144990000
0,
#144995000
1,
#145000000
0,
#145005000
1,
#145010000
0,
#145015000
1,
#145020000
0,
#145025000
1,
#145030000
0,
#145035000
1,
#145036000
08
#145040000
0,
#145045000
1,
#145050000
0,
#145055000
1,
#145060000
0,
#145065000
1,
#145070000
0,
#145075000
1,
#145080000
0,
#145085000
1,
#145090000
0,
#145095000
1,
#145100000
0,
#145105000
1,
#145110000
0,
#145115000
1,
#145116000
1*
#145120000
0,
#145125000
b10000 >
b10000 H
b1111 D
b1111 J
1,
#145126000
18
b10000000 :
0*
#145130000
0,
#145135000
1,
#145140000
0,
#145145000
1,
#145150000
0,
#145155000
1,
#145160000
0,
#145165000
1,
#145170000
0,
#145175000
1,
#145180000
0,
#145185000
1,
#145190000
0,
#145195000
1,
#145200000
0,
#145205000
1,
#145206000
08
#145210000
0,
#145215000
1,
#145220000
0,
#145225000
1,
#145230000
0,
#145235000
1,
#145240000
0,
#145245000
1,
#145250000
0,
#145255000
1,
#145260000
0,
#145265000
1,
#145270000
0,
#145275000
1,
#145280000
0,
#145285000
1,
#145286000
1*
#145290000
0,
#145295000
b1111 >
b10000 J
b1111 H
b10000 D
1,
#145296000
18
b10000001 :
0*
#145300000
0,
#145305000
1,
#145310000
0,
#145315000
1,
#145320000
0,
#145325000
1,
#145330000
0,
#145335000
1,
#145340000
0,
#145345000
1,
#145350000
0,
#145355000
1,
#145360000
0,
#145365000
1,
#145370000
0,
#145375000
1,
#145376000
08
#145380000
0,
#145385000
1,
#145390000
0,
#145395000
1,
#145400000
0,
#145405000
1,
#145410000
0,
#145415000
1,
#145420000
0,
#145425000
1,
#145430000
0,
#145435000
1,
#145440000
0,
#145445000
1,
#145450000
0,
#145455000
1,
#145456000
1*
#145460000
0,
#145465000
b1110 >
b1110 H
b10001 D
b10001 J
1,
#145466000
18
b10000010 :
0*
#145470000
0,
#145475000
1,
#145480000
0,
#145485000
1,
#145490000
0,
#145495000
1,
#145500000
0,
#145505000
1,
#145510000
0,
#145515000
1,
#145520000
0,
#145525000
1,
#145530000
0,
#145535000
1,
#145540000
0,
#145545000
1,
#145546000
08
#145550000
0,
#145555000
1,
#145560000
0,
#145565000
1,
#145570000
0,
#145575000
1,
#145580000
0,
#145585000
1,
#145590000
0,
#145595000
1,
#145600000
0,
#145605000
1,
#145610000
0,
#145615000
1,
#145620000
0,
#145625000
1,
#145626000
1*
#145630000
0,
#145635000
b1101 >
b10010 J
b1101 H
b10010 D
1,
#145636000
18
b10000011 :
0*
#145640000
0,
#145645000
1,
#145650000
0,
#145655000
1,
#145660000
0,
#145665000
1,
#145670000
0,
#145675000
1,
#145680000
0,
#145685000
1,
#145690000
0,
#145695000
1,
#145700000
0,
#145705000
1,
#145710000
0,
#145715000
1,
#145716000
08
#145720000
0,
#145725000
1,
#145730000
0,
#145735000
1,
#145740000
0,
#145745000
1,
#145750000
0,
#145755000
1,
#145760000
0,
#145765000
1,
#145770000
0,
#145775000
1,
#145780000
0,
#145785000
1,
#145790000
0,
#145795000
1,
#145796000
1*
#145800000
0,
#145805000
b1100 >
b1100 H
b10011 D
b10011 J
1,
#145806000
18
b10000100 :
0*
#145810000
0,
#145815000
1,
#145820000
0,
#145825000
1,
#145830000
0,
#145835000
1,
#145840000
0,
#145845000
1,
#145850000
0,
#145855000
1,
#145860000
0,
#145865000
1,
#145870000
0,
#145875000
1,
#145880000
0,
#145885000
1,
#145886000
08
#145890000
0,
#145895000
1,
#145900000
0,
#145905000
1,
#145910000
0,
#145915000
1,
#145920000
0,
#145925000
1,
#145930000
0,
#145935000
1,
#145940000
0,
#145945000
1,
#145950000
0,
#145955000
1,
#145960000
0,
#145965000
1,
#145966000
1*
#145970000
0,
#145975000
b1011 >
b10100 J
b1011 H
b10100 D
1,
#145976000
18
b10000101 :
0*
#145980000
0,
#145985000
1,
#145990000
0,
#145995000
1,
#146000000
0,
#146005000
1,
#146010000
0,
#146015000
1,
#146020000
0,
#146025000
1,
#146030000
0,
#146035000
1,
#146040000
0,
#146045000
1,
#146050000
0,
#146055000
1,
#146056000
08
#146060000
0,
#146065000
1,
#146070000
0,
#146075000
1,
#146080000
0,
#146085000
1,
#146090000
0,
#146095000
1,
#146100000
0,
#146105000
1,
#146110000
0,
#146115000
1,
#146120000
0,
#146125000
1,
#146130000
0,
#146135000
1,
#146136000
1*
#146140000
0,
#146145000
b1010 >
b1010 H
b10101 D
b10101 J
1,
#146146000
18
b10000110 :
0*
#146150000
0,
#146155000
1,
#146160000
0,
#146165000
1,
#146170000
0,
#146175000
1,
#146180000
0,
#146185000
1,
#146190000
0,
#146195000
1,
#146200000
0,
#146205000
1,
#146210000
0,
#146215000
1,
#146220000
0,
#146225000
1,
#146226000
08
#146230000
0,
#146235000
1,
#146240000
0,
#146245000
1,
#146250000
0,
#146255000
1,
#146260000
0,
#146265000
1,
#146270000
0,
#146275000
1,
#146280000
0,
#146285000
1,
#146290000
0,
#146295000
1,
#146300000
0,
#146305000
1,
#146306000
1*
#146310000
0,
#146315000
b1001 >
b10110 J
b1001 H
b10110 D
1,
#146316000
18
b10000111 :
0*
#146320000
0,
#146325000
1,
#146330000
0,
#146335000
1,
#146340000
0,
#146345000
1,
#146350000
0,
#146355000
1,
#146360000
0,
#146365000
1,
#146370000
0,
#146375000
1,
#146380000
0,
#146385000
1,
#146390000
0,
#146395000
1,
#146396000
08
#146400000
0,
#146405000
1,
#146410000
0,
#146415000
1,
#146420000
0,
#146425000
1,
#146430000
0,
#146435000
1,
#146440000
0,
#146445000
1,
#146450000
0,
#146455000
1,
#146460000
0,
#146465000
1,
#146470000
0,
#146475000
1,
#146476000
1*
#146480000
0,
#146485000
b1000 >
b1000 H
b10111 D
b10111 J
1,
#146486000
18
b10001000 :
0*
#146490000
0,
#146495000
1,
#146500000
0,
#146505000
1,
#146510000
0,
#146515000
1,
#146520000
0,
#146525000
1,
#146530000
0,
#146535000
1,
#146540000
0,
#146545000
1,
#146550000
0,
#146555000
1,
#146560000
0,
#146565000
1,
#146566000
08
#146570000
0,
#146575000
1,
#146580000
0,
#146585000
1,
#146590000
0,
#146595000
1,
#146600000
0,
#146605000
1,
#146610000
0,
#146615000
1,
#146620000
0,
#146625000
1,
#146630000
0,
#146635000
1,
#146640000
0,
#146645000
1,
#146646000
1*
#146650000
0,
#146655000
b111 >
b11000 J
b111 H
b11000 D
1,
#146656000
18
b10001001 :
0*
#146660000
0,
#146665000
1,
#146670000
0,
#146675000
1,
#146680000
0,
#146685000
1,
#146690000
0,
#146695000
1,
#146700000
0,
#146705000
1,
#146710000
0,
#146715000
1,
#146720000
0,
#146725000
1,
#146730000
0,
#146735000
1,
#146736000
08
#146740000
0,
#146745000
1,
#146750000
0,
#146755000
1,
#146760000
0,
#146765000
1,
#146770000
0,
#146775000
1,
#146780000
0,
#146785000
1,
#146790000
0,
#146795000
1,
#146800000
0,
#146805000
1,
#146810000
0,
#146815000
1,
#146816000
1*
#146820000
0,
#146825000
b110 >
b110 H
b11001 D
b11001 J
1,
#146826000
18
b10001010 :
0*
#146830000
0,
#146835000
1,
#146840000
0,
#146845000
1,
#146850000
0,
#146855000
1,
#146860000
0,
#146865000
1,
#146870000
0,
#146875000
1,
#146880000
0,
#146885000
1,
#146890000
0,
#146895000
1,
#146900000
0,
#146905000
1,
#146906000
08
#146910000
0,
#146915000
1,
#146920000
0,
#146925000
1,
#146930000
0,
#146935000
1,
#146940000
0,
#146945000
1,
#146950000
0,
#146955000
1,
#146960000
0,
#146965000
1,
#146970000
0,
#146975000
1,
#146980000
0,
#146985000
1,
#146986000
1*
#146990000
0,
#146995000
b101 >
b11010 J
b101 H
b11010 D
1,
#146996000
18
b10001011 :
0*
#147000000
0,
#147005000
1,
#147010000
0,
#147015000
1,
#147020000
0,
#147025000
1,
#147030000
0,
#147035000
1,
#147040000
0,
#147045000
1,
#147050000
0,
#147055000
1,
#147060000
0,
#147065000
1,
#147070000
0,
#147075000
1,
#147076000
08
#147080000
0,
#147085000
1,
#147090000
0,
#147095000
1,
#147100000
0,
#147105000
1,
#147110000
0,
#147115000
1,
#147120000
0,
#147125000
1,
#147130000
0,
#147135000
1,
#147140000
0,
#147145000
1,
#147150000
0,
#147155000
1,
#147156000
1*
#147160000
0,
#147165000
b100 >
b100 H
b11011 D
b11011 J
1,
#147166000
18
b10001100 :
0*
#147170000
0,
#147175000
1,
#147180000
0,
#147185000
1,
#147190000
0,
#147195000
1,
#147200000
0,
#147205000
1,
#147210000
0,
#147215000
1,
#147220000
0,
#147225000
1,
#147230000
0,
#147235000
1,
#147240000
0,
#147245000
1,
#147246000
08
#147250000
0,
#147255000
1,
#147260000
0,
#147265000
1,
#147270000
0,
#147275000
1,
#147280000
0,
#147285000
1,
#147290000
0,
#147295000
1,
#147300000
0,
#147305000
1,
#147310000
0,
#147315000
1,
#147320000
0,
#147325000
1,
#147326000
1*
#147330000
0,
#147335000
b11 >
b11100 J
b11 H
b11100 D
1,
#147336000
18
b10001101 :
0*
#147340000
0,
#147345000
1,
#147350000
0,
#147355000
1,
#147360000
0,
#147365000
1,
#147370000
0,
#147375000
1,
#147380000
0,
#147385000
1,
#147390000
0,
#147395000
1,
#147400000
0,
#147405000
1,
#147410000
0,
#147415000
1,
#147416000
08
#147420000
0,
#147425000
1,
#147430000
0,
#147435000
1,
#147440000
0,
#147445000
1,
#147450000
0,
#147455000
1,
#147460000
0,
#147465000
1,
#147470000
0,
#147475000
1,
#147480000
0,
#147485000
1,
#147490000
0,
#147495000
1,
#147496000
1*
#147500000
0,
#147505000
b10 >
b10 H
b11101 D
b11101 J
1,
#147506000
18
b10001110 :
0*
#147510000
0,
#147515000
1,
#147520000
0,
#147525000
1,
#147530000
0,
#147535000
1,
#147540000
0,
#147545000
1,
#147550000
0,
#147555000
1,
#147560000
0,
#147565000
1,
#147570000
0,
#147575000
1,
#147580000
0,
#147585000
1,
#147586000
08
#147590000
0,
#147595000
1,
#147600000
0,
#147605000
1,
#147610000
0,
#147615000
1,
#147620000
0,
#147625000
1,
#147630000
0,
#147635000
1,
#147640000
0,
#147645000
1,
#147650000
0,
#147655000
1,
#147660000
0,
#147665000
1,
#147666000
1*
#147670000
0,
#147675000
b1 >
b11110 J
b1 H
b11110 D
1,
#147676000
18
b10001111 :
0*
#147680000
0,
#147685000
1,
#147690000
0,
#147695000
1,
#147700000
0,
#147705000
1,
#147710000
0,
#147715000
1,
#147720000
0,
#147725000
1,
#147730000
0,
#147735000
1,
#147740000
0,
#147745000
1,
#147750000
0,
#147755000
1,
#147756000
08
#147760000
0,
#147765000
1,
#147770000
0,
#147775000
1,
#147780000
0,
#147785000
1,
#147790000
0,
#147795000
1,
#147800000
0,
#147805000
1,
#147810000
0,
#147815000
1,
#147820000
0,
#147825000
1,
#147830000
0,
#147835000
1,
#147836000
1*
#147840000
0,
#147845000
1!
b0 >
b0 H
b11111 D
b11111 J
1,
#147846000
b10010000 :
11
0*
#147850000
0,
#147855000
1,
#147860000
0,
#147865000
1,
#147870000
0,
#147875000
1,
#147880000
0,
#147885000
1,
#147890000
0,
#147895000
1,
#147900000
0,
#147905000
1,
#147910000
0,
#147915000
1,
#147920000
0,
#147925000
1,
#147926000
18
#147930000
0,
#147935000
1,
#147940000
0,
#147945000
1,
#147950000
0,
#147955000
1,
#147960000
0,
#147965000
1,
#147970000
0,
#147975000
1,
#147980000
0,
#147985000
1,
#147990000
0,
#147995000
1,
#148000000
0,
#148005000
1,
#148006000
1*
#148010000
0,
#148015000
1"
0#
1F
0&
b10000000000000000000000000000001 I
1,
#148016000
08
b11011110011100100000110110001000 -
0*
#148020000
0,
#148025000
15
b10000000000000000000000000000001 %
b10000000000000000000000000000001 E
1$
0F
0"
1,
#148030000
0,
#148035000
0$
13
1,
#148040000
0,
#148045000
1,
#148050000
0,
#148055000
1,
#148060000
0,
#148065000
1,
#148070000
0,
#148075000
1,
#148080000
0,
#148085000
1,
#148090000
0,
#148095000
1,
#148096000
18
#148100000
0,
#148105000
1,
#148110000
0,
#148115000
1,
#148120000
0,
#148125000
1,
#148130000
0,
#148135000
1,
#148140000
0,
#148145000
1,
#148150000
0,
#148155000
1,
#148160000
0,
#148165000
1,
#148170000
0,
#148175000
1,
#148176000
08
#148180000
0,
#148185000
1,
#148190000
0,
#148195000
1,
#148200000
0,
#148205000
1,
#148210000
0,
#148215000
1,
#148220000
0,
#148225000
1,
#148230000
0,
#148235000
1,
#148240000
0,
#148245000
1,
#148250000
0,
#148255000
1,
#148256000
18
#148260000
0,
#148265000
1,
#148270000
0,
#148275000
1,
#148280000
0,
#148285000
1,
#148290000
0,
#148295000
1,
#148300000
0,
#148305000
1,
#148310000
0,
#148315000
1,
#148320000
0,
#148325000
1,
#148330000
0,
#148335000
1,
#148340000
0,
#148345000
1,
#148350000
0,
#148355000
1,
#148360000
0,
#148365000
1,
#148370000
0,
#148375000
1,
#148380000
0,
#148385000
1,
#148390000
0,
#148395000
1,
#148400000
0,
#148405000
1,
#148410000
0,
#148415000
1,
#148416000
08
#148420000
0,
#148425000
1,
#148430000
0,
#148435000
1,
#148440000
0,
#148445000
1,
#148450000
0,
#148455000
1,
#148460000
0,
#148465000
1,
#148470000
0,
#148475000
1,
#148480000
0,
#148485000
1,
#148490000
0,
#148495000
1,
#148500000
0,
#148505000
1,
#148510000
0,
#148515000
1,
#148520000
0,
#148525000
1,
#148530000
0,
#148535000
1,
#148540000
0,
#148545000
1,
#148550000
0,
#148555000
1,
#148560000
0,
#148565000
1,
#148570000
0,
#148575000
1,
#148576000
18
#148580000
0,
#148585000
1,
#148590000
0,
#148595000
1,
#148600000
0,
#148605000
1,
#148610000
0,
#148615000
1,
#148620000
0,
#148625000
1,
#148630000
0,
#148635000
1,
#148640000
0,
#148645000
1,
#148650000
0,
#148655000
1,
#148656000
08
#148660000
0,
#148665000
1,
#148670000
0,
#148675000
1,
#148680000
0,
#148685000
1,
#148690000
0,
#148695000
1,
#148700000
0,
#148705000
1,
#148710000
0,
#148715000
1,
#148720000
0,
#148725000
1,
#148730000
0,
#148735000
1,
#148736000
18
#148740000
0,
#148745000
1,
#148750000
0,
#148755000
1,
#148760000
0,
#148765000
1,
#148770000
0,
#148775000
1,
#148780000
0,
#148785000
1,
#148790000
0,
#148795000
1,
#148800000
0,
#148805000
1,
#148810000
0,
#148815000
1,
#148816000
08
#148820000
0,
#148825000
1,
#148830000
0,
#148835000
1,
#148840000
0,
#148845000
1,
#148850000
0,
#148855000
1,
#148860000
0,
#148865000
1,
#148870000
0,
#148875000
1,
#148880000
0,
#148885000
1,
#148890000
0,
#148895000
1,
#148896000
18
#148900000
0,
#148905000
1,
#148910000
0,
#148915000
1,
#148920000
0,
#148925000
1,
#148930000
0,
#148935000
1,
#148940000
0,
#148945000
1,
#148950000
0,
#148955000
1,
#148960000
0,
#148965000
1,
#148970000
0,
#148975000
1,
#148976000
08
#148980000
0,
#148985000
1,
#148990000
0,
#148995000
1,
#149000000
0,
#149005000
1,
#149010000
0,
#149015000
1,
#149020000
0,
#149025000
1,
#149030000
0,
#149035000
1,
#149040000
0,
#149045000
1,
#149050000
0,
#149055000
1,
#149056000
18
#149060000
0,
#149065000
1,
#149070000
0,
#149075000
1,
#149080000
0,
#149085000
1,
#149090000
0,
#149095000
1,
#149100000
0,
#149105000
1,
#149110000
0,
#149115000
1,
#149120000
0,
#149125000
1,
#149130000
0,
#149135000
1,
#149140000
0,
#149145000
1,
#149150000
0,
#149155000
1,
#149160000
0,
#149165000
1,
#149170000
0,
#149175000
1,
#149180000
0,
#149185000
1,
#149190000
0,
#149195000
1,
#149200000
0,
#149205000
1,
#149210000
0,
#149215000
1,
#149216000
08
#149220000
0,
#149225000
1,
#149230000
0,
#149235000
1,
#149240000
0,
#149245000
1,
#149250000
0,
#149255000
1,
#149260000
0,
#149265000
1,
#149270000
0,
#149275000
1,
#149280000
0,
#149285000
1,
#149290000
0,
#149295000
1,
#149296000
18
#149300000
0,
#149305000
1,
#149310000
0,
#149315000
1,
#149320000
0,
#149325000
1,
#149330000
0,
#149335000
1,
#149340000
0,
#149345000
1,
#149350000
0,
#149355000
1,
#149360000
0,
#149365000
1,
#149370000
0,
#149375000
1,
#149376000
08
#149380000
0,
#149385000
1,
#149390000
0,
#149395000
1,
#149400000
0,
#149405000
1,
#149410000
0,
#149415000
1,
#149420000
0,
#149425000
1,
#149430000
0,
#149435000
1,
#149440000
0,
#149445000
1,
#149450000
0,
#149455000
1,
#149460000
0,
#149465000
1,
#149470000
0,
#149475000
1,
#149480000
0,
#149485000
1,
#149490000
0,
#149495000
1,
#149500000
0,
#149505000
1,
#149510000
0,
#149515000
1,
#149520000
0,
#149525000
1,
#149530000
0,
#149535000
1,
#149536000
18
#149540000
0,
#149545000
1,
#149550000
0,
#149555000
1,
#149560000
0,
#149565000
1,
#149570000
0,
#149575000
1,
#149580000
0,
#149585000
1,
#149590000
0,
#149595000
1,
#149600000
0,
#149605000
1,
#149610000
0,
#149615000
1,
#149616000
08
#149620000
0,
#149625000
1,
#149630000
0,
#149635000
1,
#149640000
0,
#149645000
1,
#149650000
0,
#149655000
1,
#149660000
0,
#149665000
1,
#149670000
0,
#149675000
1,
#149680000
0,
#149685000
1,
#149690000
0,
#149695000
1,
#149696000
18
#149700000
0,
#149705000
1,
#149710000
0,
#149715000
1,
#149720000
0,
#149725000
1,
#149730000
0,
#149735000
1,
#149740000
0,
#149745000
1,
#149750000
0,
#149755000
1,
#149760000
0,
#149765000
1,
#149770000
0,
#149775000
1,
#149776000
08
#149780000
0,
#149785000
1,
#149790000
0,
#149795000
1,
#149800000
0,
#149805000
1,
#149810000
0,
#149815000
1,
#149820000
0,
#149825000
1,
#149830000
0,
#149835000
1,
#149840000
0,
#149845000
1,
#149850000
0,
#149855000
1,
#149856000
18
#149860000
0,
#149865000
1,
#149870000
0,
#149875000
1,
#149880000
0,
#149885000
1,
#149890000
0,
#149895000
1,
#149900000
0,
#149905000
1,
#149910000
0,
#149915000
1,
#149920000
0,
#149925000
1,
#149930000
0,
#149935000
1,
#149940000
0,
#149945000
1,
#149950000
0,
#149955000
1,
#149960000
0,
#149965000
1,
#149970000
0,
#149975000
1,
#149980000
0,
#149985000
1,
#149990000
0,
#149995000
1,
#150000000
0,
#150005000
1,
#150010000
0,
#150015000
1,
#150016000
08
#150020000
0,
#150025000
1,
#150030000
0,
#150035000
1,
#150040000
0,
#150045000
1,
#150050000
0,
#150055000
1,
#150060000
0,
#150065000
1,
#150070000
0,
#150075000
1,
#150080000
0,
#150085000
1,
#150090000
0,
#150095000
1,
#150096000
18
#150100000
0,
#150105000
1,
#150110000
0,
#150115000
1,
#150120000
0,
#150125000
1,
#150130000
0,
#150135000
1,
#150140000
0,
#150145000
1,
#150150000
0,
#150155000
1,
#150160000
0,
#150165000
1,
#150170000
0,
#150175000
1,
#150176000
08
#150180000
0,
#150185000
1,
#150190000
0,
#150195000
1,
#150200000
0,
#150205000
1,
#150210000
0,
#150215000
1,
#150220000
0,
#150225000
1,
#150230000
0,
#150235000
1,
#150240000
0,
#150245000
1,
#150250000
0,
#150255000
1,
#150260000
0,
#150265000
1,
#150270000
0,
#150275000
1,
#150280000
0,
#150285000
1,
#150290000
0,
#150295000
1,
#150300000
0,
#150305000
1,
#150310000
0,
#150315000
1,
#150320000
0,
#150325000
1,
#150330000
0,
#150335000
1,
#150336000
18
#150340000
0,
#150345000
1,
#150350000
0,
#150355000
1,
#150360000
0,
#150365000
1,
#150370000
0,
#150375000
1,
#150380000
0,
#150385000
1,
#150390000
0,
#150395000
1,
#150400000
0,
#150405000
1,
#150410000
0,
#150415000
1,
#150420000
0,
#150425000
1,
#150430000
0,
#150435000
1,
#150440000
0,
#150445000
1,
#150450000
0,
#150455000
1,
#150460000
0,
#150465000
1,
#150470000
0,
#150475000
1,
#150480000
0,
#150485000
1,
#150490000
0,
#150495000
1,
#150496000
08
#150500000
0,
#150505000
1,
#150510000
0,
#150515000
1,
#150520000
0,
#150525000
1,
#150530000
0,
#150535000
1,
#150540000
0,
#150545000
1,
#150550000
0,
#150555000
1,
#150560000
0,
#150565000
1,
#150570000
0,
#150575000
1,
#150576000
18
#150580000
0,
#150585000
1,
#150590000
0,
#150595000
1,
#150600000
0,
#150605000
1,
#150610000
0,
#150615000
1,
#150620000
0,
#150625000
1,
#150630000
0,
#150635000
1,
#150640000
0,
#150645000
1,
#150650000
0,
#150655000
1,
#150656000
08
#150660000
0,
#150665000
1,
#150670000
0,
#150675000
1,
#150680000
0,
#150685000
1,
#150690000
0,
#150695000
1,
#150700000
0,
#150705000
1,
#150710000
0,
#150715000
1,
#150720000
0,
#150725000
1,
#150730000
0,
#150735000
1,
#150736000
18
#150740000
0,
#150745000
1,
#150750000
0,
#150755000
1,
#150760000
0,
#150765000
1,
#150770000
0,
#150775000
1,
#150780000
0,
#150785000
1,
#150790000
0,
#150795000
1,
#150800000
0,
#150805000
1,
#150810000
0,
#150815000
1,
#150816000
08
#150820000
0,
#150825000
1,
#150830000
0,
#150835000
1,
#150840000
0,
#150845000
1,
#150850000
0,
#150855000
1,
#150860000
0,
#150865000
1,
#150870000
0,
#150875000
1,
#150880000
0,
#150885000
1,
#150890000
0,
#150895000
1,
#150896000
18
#150900000
0,
#150905000
1,
#150910000
0,
#150915000
1,
#150920000
0,
#150925000
1,
#150930000
0,
#150935000
1,
#150940000
0,
#150945000
1,
#150950000
0,
#150955000
1,
#150960000
0,
#150965000
1,
#150970000
0,
#150975000
1,
#150976000
08
#150980000
0,
#150985000
1,
#150990000
0,
#150995000
1,
#151000000
0,
#151005000
1,
#151010000
0,
#151015000
1,
#151020000
0,
#151025000
1,
#151030000
0,
#151035000
1,
#151040000
0,
#151045000
1,
#151050000
0,
#151055000
1,
#151056000
18
#151060000
0,
#151065000
1,
#151070000
0,
#151075000
1,
#151080000
0,
#151085000
1,
#151090000
0,
#151095000
1,
#151100000
0,
#151105000
1,
#151110000
0,
#151115000
1,
#151120000
0,
#151125000
1,
#151130000
0,
#151135000
1,
#151136000
08
#151140000
0,
#151145000
1,
#151150000
0,
#151155000
1,
#151160000
0,
#151165000
1,
#151170000
0,
#151175000
1,
#151180000
0,
#151185000
1,
#151190000
0,
#151195000
1,
#151200000
0,
#151205000
1,
#151210000
0,
#151215000
1,
#151220000
0,
#151225000
1,
#151230000
0,
#151235000
1,
#151240000
0,
#151245000
1,
#151250000
0,
#151255000
1,
#151260000
0,
#151265000
1,
#151270000
0,
#151275000
1,
#151280000
0,
#151285000
1,
#151290000
0,
#151295000
1,
#151296000
18
#151300000
0,
#151305000
1,
#151310000
0,
#151315000
1,
#151320000
0,
#151325000
1,
#151330000
0,
#151335000
1,
#151340000
0,
#151345000
1,
#151350000
0,
#151355000
1,
#151360000
0,
#151365000
1,
#151370000
0,
#151375000
1,
#151376000
08
#151380000
0,
#151385000
1,
#151390000
0,
#151395000
1,
#151400000
0,
#151405000
1,
#151410000
0,
#151415000
1,
#151420000
0,
#151425000
1,
#151430000
0,
#151435000
1,
#151440000
0,
#151445000
1,
#151450000
0,
#151455000
1,
#151456000
18
#151460000
0,
#151465000
1,
#151470000
0,
#151475000
1,
#151480000
0,
#151485000
1,
#151490000
0,
#151495000
1,
#151500000
0,
#151505000
1,
#151510000
0,
#151515000
1,
#151520000
0,
#151525000
1,
#151530000
0,
#151535000
1,
#151540000
0,
#151545000
1,
#151550000
0,
#151555000
1,
#151560000
0,
#151565000
1,
#151570000
0,
#151575000
1,
#151580000
0,
#151585000
1,
#151590000
0,
#151595000
1,
#151600000
0,
#151605000
1,
#151610000
0,
#151615000
1,
#151616000
08
#151620000
0,
#151625000
1,
#151630000
0,
#151635000
1,
#151640000
0,
#151645000
1,
#151650000
0,
#151655000
1,
#151660000
0,
#151665000
1,
#151670000
0,
#151675000
1,
#151680000
0,
#151685000
1,
#151690000
0,
#151695000
1,
#151700000
0,
#151705000
1,
#151710000
0,
#151715000
1,
#151720000
0,
#151725000
1,
#151730000
0,
#151735000
1,
#151740000
0,
#151745000
1,
#151750000
0,
#151755000
1,
#151760000
0,
#151765000
1,
#151770000
0,
#151775000
1,
#151776000
18
#151780000
0,
#151785000
1,
#151790000
0,
#151795000
1,
#151800000
0,
#151805000
1,
#151810000
0,
#151815000
1,
#151820000
0,
#151825000
1,
#151830000
0,
#151835000
1,
#151840000
0,
#151845000
1,
#151850000
0,
#151855000
1,
#151856000
08
#151860000
0,
#151865000
1,
#151870000
0,
#151875000
1,
#151880000
0,
#151885000
1,
#151890000
0,
#151895000
1,
#151900000
0,
#151905000
1,
#151910000
0,
#151915000
1,
#151920000
0,
#151925000
1,
#151930000
0,
#151935000
1,
#151936000
18
#151940000
0,
#151945000
1,
#151950000
0,
#151955000
1,
#151960000
0,
#151965000
1,
#151970000
0,
#151975000
1,
#151980000
0,
#151985000
1,
#151990000
0,
#151995000
1,
#152000000
0,
#152005000
1,
#152010000
0,
#152015000
1,
#152020000
0,
#152025000
1,
#152030000
0,
#152035000
1,
#152040000
0,
#152045000
1,
#152050000
0,
#152055000
1,
#152060000
0,
#152065000
1,
#152070000
0,
#152075000
1,
#152080000
0,
#152085000
1,
#152090000
0,
#152095000
1,
#152096000
08
#152100000
0,
#152105000
1,
#152110000
0,
#152115000
1,
#152120000
0,
#152125000
1,
#152130000
0,
#152135000
1,
#152140000
0,
#152145000
1,
#152150000
0,
#152155000
1,
#152160000
0,
#152165000
1,
#152170000
0,
#152175000
1,
#152176000
18
#152180000
0,
#152185000
1,
#152190000
0,
#152195000
1,
#152200000
0,
#152205000
1,
#152210000
0,
#152215000
1,
#152220000
0,
#152225000
1,
#152230000
0,
#152235000
1,
#152240000
0,
#152245000
1,
#152250000
0,
#152255000
1,
#152256000
08
#152260000
0,
#152265000
1,
#152270000
0,
#152275000
1,
#152280000
0,
#152285000
1,
#152290000
0,
#152295000
1,
#152300000
0,
#152305000
1,
#152310000
0,
#152315000
1,
#152320000
0,
#152325000
1,
#152330000
0,
#152335000
1,
#152336000
18
#152340000
0,
#152345000
1,
#152350000
0,
#152355000
1,
#152360000
0,
#152365000
1,
#152370000
0,
#152375000
1,
#152380000
0,
#152385000
1,
#152390000
0,
#152395000
1,
#152400000
0,
#152405000
1,
#152410000
0,
#152415000
1,
#152416000
08
#152420000
0,
#152425000
1,
#152430000
0,
#152435000
1,
#152440000
0,
#152445000
1,
#152450000
0,
#152455000
1,
#152460000
0,
#152465000
1,
#152470000
0,
#152475000
1,
#152480000
0,
#152485000
1,
#152490000
0,
#152495000
1,
#152500000
0,
#152505000
1,
#152510000
0,
#152515000
1,
#152520000
0,
#152525000
1,
#152530000
0,
#152535000
1,
#152540000
0,
#152545000
1,
#152550000
0,
#152555000
1,
#152560000
0,
#152565000
1,
#152570000
0,
#152575000
1,
#152576000
18
#152580000
0,
#152585000
1,
#152590000
0,
#152595000
1,
#152600000
0,
#152605000
1,
#152610000
0,
#152615000
1,
#152620000
0,
#152625000
1,
#152630000
0,
#152635000
1,
#152640000
0,
#152645000
1,
#152650000
0,
#152655000
1,
#152660000
0,
#152665000
1,
#152670000
0,
#152675000
1,
#152680000
0,
#152685000
1,
#152690000
0,
#152695000
1,
#152700000
0,
#152705000
1,
#152710000
0,
#152715000
1,
#152720000
0,
#152725000
1,
#152730000
0,
#152735000
1,
#152736000
08
#152740000
0,
#152745000
1,
#152750000
0,
#152755000
1,
#152760000
0,
#152765000
1,
#152770000
0,
#152775000
1,
#152780000
0,
#152785000
1,
#152790000
0,
#152795000
1,
#152800000
0,
#152805000
1,
#152810000
0,
#152815000
1,
#152816000
18
#152820000
0,
#152825000
1,
#152830000
0,
#152835000
1,
#152840000
0,
#152845000
1,
#152850000
0,
#152855000
1,
#152860000
0,
#152865000
1,
#152870000
0,
#152875000
1,
#152880000
0,
#152885000
1,
#152890000
0,
#152895000
1,
#152896000
08
#152900000
0,
#152905000
1,
#152910000
0,
#152915000
1,
#152920000
0,
#152925000
1,
#152930000
0,
#152935000
1,
#152940000
0,
#152945000
1,
#152950000
0,
#152955000
1,
#152960000
0,
#152965000
1,
#152970000
0,
#152975000
1,
#152976000
18
#152980000
0,
#152985000
1,
#152990000
0,
#152995000
1,
#153000000
0,
#153005000
1,
#153010000
0,
#153015000
1,
#153020000
0,
#153025000
1,
#153030000
0,
#153035000
1,
#153040000
0,
#153045000
1,
#153050000
0,
#153055000
1,
#153056000
08
#153060000
0,
#153065000
1,
#153070000
0,
#153075000
1,
#153080000
0,
#153085000
1,
#153090000
0,
#153095000
1,
#153100000
0,
#153105000
1,
#153110000
0,
#153115000
1,
#153120000
0,
#153125000
1,
#153130000
0,
#153135000
1,
#153140000
0,
#153145000
1,
#153150000
0,
#153155000
1,
#153160000
0,
#153165000
1,
#153170000
0,
#153175000
1,
#153180000
0,
#153185000
1,
#153190000
0,
#153195000
1,
#153200000
0,
#153205000
1,
#153210000
0,
#153215000
1,
#153220000
0,
#153225000
1,
#153230000
0,
#153235000
1,
#153240000
0,
#153245000
1,
#153250000
0,
#153255000
1,
#153260000
0,
#153265000
1,
#153270000
0,
#153275000
1,
#153280000
0,
#153285000
1,
#153290000
0,
#153295000
1,
#153300000
0,
#153305000
1,
#153310000
0,
#153315000
1,
#153320000
0,
#153325000
1,
#153330000
0,
#153335000
1,
#153340000
0,
#153345000
1,
#153350000
0,
#153355000
1,
#153360000
0,
#153365000
1,
#153370000
0,
#153375000
1,
#153380000
0,
#153385000
1,
#153390000
0,
#153395000
1,
#153400000
0,
#153405000
1,
#153410000
0,
#153415000
1,
#153420000
0,
#153425000
1,
#153430000
0,
#153435000
1,
#153440000
0,
#153445000
1,
#153450000
0,
#153455000
1,
#153460000
0,
#153465000
1,
#153470000
0,
#153475000
1,
#153480000
0,
#153485000
1,
#153490000
0,
#153495000
1,
#153500000
0,
#153505000
1,
#153510000
0,
#153515000
1,
#153520000
0,
#153525000
1,
#153530000
0,
#153535000
1,
#153540000
0,
#153545000
1,
#153550000
0,
#153555000
1,
#153560000
0,
#153565000
1,
#153570000
0,
#153575000
1,
#153580000
0,
#153585000
1,
#153590000
0,
#153595000
1,
#153600000
0,
#153605000
1,
#153610000
0,
#153615000
1,
#153620000
0,
#153625000
1,
#153630000
0,
#153635000
1,
#153640000
0,
#153645000
1,
#153650000
0,
#153655000
1,
#153660000
0,
#153665000
1,
#153670000
0,
#153675000
1,
#153680000
0,
#153685000
1,
#153690000
0,
#153695000
1,
#153700000
0,
#153705000
1,
#153710000
0,
#153715000
1,
#153720000
0,
#153725000
1,
#153730000
0,
#153735000
1,
#153740000
0,
#153745000
1,
#153750000
0,
#153755000
1,
#153760000
0,
#153765000
1,
#153770000
0,
#153775000
1,
#153780000
0,
#153785000
1,
#153790000
0,
#153795000
1,
#153796000
